date,variant,lexicon,lambda,direction,gross_return,transaction_cost,net_return,growth_of_1,drawdown
2021-01-04,Equity-Only Minimum Variance,none,0.0,base,0.0036585018669603,0.001,0.0026585018669603,1.0026585018669605,0.0
2021-01-05,Equity-Only Minimum Variance,none,0.0,base,0.0011315269948206,0.0,0.0011315269948206,1.0037930370284092,0.0
2021-01-06,Equity-Only Minimum Variance,none,0.0,base,0.006450819568088,0.0,0.006450819568088,1.0102683247939823,0.0
2021-01-07,Equity-Only Minimum Variance,none,0.0,base,0.0061180957990862,0.0,0.0061180957990862,1.0164492431878545,0.0
2021-01-08,Equity-Only Minimum Variance,none,0.0,base,-0.002735540995351,0.0,-0.002735540995351,1.0136687046134203,-0.0027355409953511
2021-01-11,Equity-Only Minimum Variance,none,0.0,base,0.000230903315039,0.0,0.000230903315039,1.0139027640776672,-0.0025052693257962
2021-01-12,Equity-Only Minimum Variance,none,0.0,base,0.0013553722066466,0.0,0.0013553722066466,1.0152769797043402,-0.0011532926915639
2021-01-13,Equity-Only Minimum Variance,none,0.0,base,-0.0017338498931299,0.0,-0.0017338498931299,1.0135166418215824,-0.002885142948284
2021-01-14,Equity-Only Minimum Variance,none,0.0,base,0.0040015449210819,0.0,0.0040015449210819,1.0175722741920956,0.0
2021-01-15,Equity-Only Minimum Variance,none,0.0,base,-0.0053854635824486,0.0,-0.0053854635824486,1.0120921757669246,-0.0053854635824487
2021-01-19,Equity-Only Minimum Variance,none,0.0,base,0.0101920966749577,0.0,0.0101920966749577,1.0224075170663094,0.0
2021-01-20,Equity-Only Minimum Variance,none,0.0,base,0.0150185151938365,0.0,0.0150185151938365,1.0377625598956624,0.0
2021-01-21,Equity-Only Minimum Variance,none,0.0,base,-0.0095604033631807,0.0,-0.0095604033631807,1.0278411312278528,-0.0095604033631807
2021-01-22,Equity-Only Minimum Variance,none,0.0,base,-0.0005140963787003,0.0,-0.0005140963787003,1.0273127218244094,-0.0100695847731331
2021-01-25,Equity-Only Minimum Variance,none,0.0,base,0.0034742937740107,0.0,0.0034742937740107,1.030881908017806,-0.0066302756948064
2021-01-26,Equity-Only Minimum Variance,none,0.0,base,-0.0023759902763751,0.0,-0.0023759902763751,1.0284325426282646,-0.0089905125006011
2021-01-27,Equity-Only Minimum Variance,none,0.0,base,-0.0218078188313937,0.0,-0.0218078188313937,1.0060046720583176,-0.0306022678641805
2021-01-28,Equity-Only Minimum Variance,none,0.0,base,0.0005502764802107,0.0,0.0005502764802107,1.0065582527683334,-0.0300688310922165
2021-01-29,Equity-Only Minimum Variance,none,0.0,base,-0.0102140893253515,0.0,-0.0102140893253515,0.9962771768633878,-0.0399757946908834
2021-02-01,Equity-Only Minimum Variance,none,0.0,base,0.0007129727096469,5.633469546028198e-05,0.0006566380141866,0.9969313703303828,-0.0393454063031381
2021-02-02,Equity-Only Minimum Variance,none,0.0,base,0.0063736168857759,0.0,0.0063736168857759,1.0032854289462805,-0.0332225619633536
2021-02-03,Equity-Only Minimum Variance,none,0.0,base,-0.0023518993385057,0.0,-0.0023518993385057,1.000925802609609,-0.0354963251803542
2021-02-04,Equity-Only Minimum Variance,none,0.0,base,0.0024573339282363,0.0,0.0024573339282363,1.0033854115440088,-0.0331262175763112
2021-02-05,Equity-Only Minimum Variance,none,0.0,base,0.0144728646321256,0.0,0.0144728646321256,1.017907272779135,-0.0191327842069419
2021-02-08,Equity-Only Minimum Variance,none,0.0,base,0.0028983634386222,0.0,0.0028983634386222,1.0208575380024658,-0.016289874530544
2021-02-09,Equity-Only Minimum Variance,none,0.0,base,-0.0011021885639755,0.0,-0.0011021885639755,1.0197323604986313,-0.0173741085811034
2021-02-10,Equity-Only Minimum Variance,none,0.0,base,-0.0071461659878919,0.0,-0.0071461659878919,1.0124451837872832,-0.0243961163051831
2021-02-11,Equity-Only Minimum Variance,none,0.0,base,-0.0048733397090417,0.0,-0.0048733397090417,1.007511194469905,-0.0291505654518883
2021-02-12,Equity-Only Minimum Variance,none,0.0,base,0.0042176611277099,0.0,0.0042176611277099,1.011760535270553,-0.0250558515309355
2021-02-16,Equity-Only Minimum Variance,none,0.0,base,-0.0089957666186089,0.0,-0.0089957666186089,1.0026589736213405,-0.0338262215567416
2021-02-17,Equity-Only Minimum Variance,none,0.0,base,0.0069284995618372,0.0,0.0069284995618372,1.009605895880748,-0.0271320869561388
2021-02-18,Equity-Only Minimum Variance,none,0.0,base,-0.0117854708671103,0.0,-0.0117854708671103,0.9977072150075824,-0.0385977934028637
2021-02-19,Equity-Only Minimum Variance,none,0.0,base,-0.0072909108683542,0.0,-0.0072909108683542,0.9904330206302484,-0.0456072911998025
2021-02-22,Equity-Only Minimum Variance,none,0.0,base,0.0016439620922918,0.0,0.0016439620922918,0.9920612549711186,-0.0440383057653752
2021-02-23,Equity-Only Minimum Variance,none,0.0,base,-0.0069510372327444,0.0,-0.0069510372327444,0.9851654002506512,-0.0506832310950776
2021-02-24,Equity-Only Minimum Variance,none,0.0,base,-0.0005937255155814,0.0,-0.0005937255155814,0.9845804824154544,-0.0512468646831458
2021-02-25,Equity-Only Minimum Variance,none,0.0,base,-0.0088764241662497,0.0,-0.0088764241662497,0.975840928427724,-0.0596683999412777
2021-02-26,Equity-Only Minimum Variance,none,0.0,base,-0.0173742753924784,0.0,-0.0173742753924784,0.9588863993979688,-0.0760059801209477
2021-03-01,Equity-Only Minimum Variance,none,0.0,base,0.0089625383913759,9.621381264954571e-05,0.0088663245787263,0.9673881974491576,-0.0678135492318978
2021-03-02,Equity-Only Minimum Variance,none,0.0,base,0.0049218459685474,0.0,0.0049218459685474,0.9721495331487928,-0.0632254711072504
2021-03-03,Equity-Only Minimum Variance,none,0.0,base,-0.0132313571889667,0.0,-0.0132313571889667,0.959286675434614,-0.0756202695045564
2021-03-04,Equity-Only Minimum Variance,none,0.0,base,-0.0027394911534044,0.0,-0.0027394911534044,0.956658718073682,-0.078152599598635
2021-03-05,Equity-Only Minimum Variance,none,0.0,base,0.0154597475141031,0.0,0.0154597475141031,0.9714484203122667,-0.0639010715418976
2021-03-08,Equity-Only Minimum Variance,none,0.0,base,-0.005028170077289,0.0,-0.005028170077289,0.9665638124336232,-0.0686079361633528
2021-03-09,Equity-Only Minimum Variance,none,0.0,base,0.006917666218181,0.0,0.006917666218181,0.9732501782666116,-0.062164876747468
2021-03-10,Equity-Only Minimum Variance,none,0.0,base,0.009541009711508,0.0,0.009541009711508,0.9825359676691804,-0.0532169827287222
2021-03-11,Equity-Only Minimum Variance,none,0.0,base,-0.0004424342040845,0.0,-0.0004424342040845,0.98210126015034,-0.0536358719194095
2021-03-12,Equity-Only Minimum Variance,none,0.0,base,0.0052158005916995,0.0,0.0052158005916995,0.9872237044841412,-0.0486998253402035
2021-03-15,Equity-Only Minimum Variance,none,0.0,base,0.013897227174487,0.0,0.013897227174487,1.0009433765773958,-0.0354793907018271
2021-03-16,Equity-Only Minimum Variance,none,0.0,base,0.0050785972684738,0.0,0.0050785972684738,1.006026764875579,-0.0305809789700585
2021-03-17,Equity-Only Minimum Variance,none,0.0,base,-0.0097815375733656,0.0,-0.0097815375733656,0.996186276275137,-0.0400633875485982
2021-03-18,Equity-Only Minimum Variance,none,0.0,base,-0.0077397166436466,0.0,-0.0077397166436466,0.988476076772478,-0.047493024924834
2021-03-19,Equity-Only Minimum Variance,none,0.0,base,-0.0025868451292666,0.0,-0.0025868451292666,0.9859190422478824,-0.0499570129538997
2021-03-22,Equity-Only Minimum Variance,none,0.0,base,0.0091719608286404,0.0,0.0091719608286404,0.9949618530835908,-0.0412432558911883
2021-03-23,Equity-Only Minimum Variance,none,0.0,base,2.257445960321446e-05,0.0,2.257445960321446e-05,0.99498431380975,-0.0412216124757991
2021-03-24,Equity-Only Minimum Variance,none,0.0,base,-0.0062024690471155,0.0,-0.0062024690471155,0.9888129544009796,-0.0471684057474612
2021-03-25,Equity-Only Minimum Variance,none,0.0,base,0.0024382513642809,0.0,0.0024382513642809,0.9912239289360664,-0.0448451628128452
2021-03-26,Equity-Only Minimum Variance,none,0.0,base,0.0172505724543344,0.0,0.0172505724543344,1.0083231091406482,-0.02836819508884
2021-03-29,Equity-Only Minimum Variance,none,0.0,base,0.0109076963929014,0.0,0.0109076963929014,1.019321591481101,-0.0177699303551821
2021-03-30,Equity-Only Minimum Variance,none,0.0,base,-0.009527583522854,0.0,-0.009527583522854,1.0096099198816162,-0.0271282093823819
2021-03-31,Equity-Only Minimum Variance,none,0.0,base,0.001374254777543,0.0,0.001374254777543,1.0109973811374684,-0.0257912356761886
2021-04-01,Equity-Only Minimum Variance,none,0.0,base,0.0079249349295075,0.0003038509244645,0.007621084005043,1.0187022771079954,-0.0183667088448279
2021-04-05,Equity-Only Minimum Variance,none,0.0,base,0.0118609916126289,0.0,0.0118609916126289,1.0307850962725391,-0.0067235646117591
2021-04-06,Equity-Only Minimum Variance,none,0.0,base,0.0004745997121911,0.0,0.0004745997121911,1.0312743065825611,-0.0062521559013977
2021-04-07,Equity-Only Minimum Variance,none,0.0,base,-0.0007718039261086,0.0,-0.0007718039261086,1.0304783650238458,-0.0070191343890348
2021-04-08,Equity-Only Minimum Variance,none,0.0,base,-0.0003136370495755,0.0,-0.0003136370495755,1.0301551688297883,-0.00733056997801
2021-04-09,Equity-Only Minimum Variance,none,0.0,base,0.0035518387599993,0.0,0.0035518387599993,1.0338141138872516,-0.0038047682205915
2021-04-12,Equity-Only Minimum Variance,none,0.0,base,0.0014332518675741,0.0,0.0014332518675741,1.035295829896705,-0.0023769695441753
2021-04-13,Equity-Only Minimum Variance,none,0.0,base,0.0020683969601581,0.0,0.0020683969601581,1.0374372326441277,-0.0003134891005966
2021-04-14,Equity-Only Minimum Variance,none,0.0,base,-0.0027137042915212,0.0,-0.0027137042915212,1.0346219347737171,-0.0030263426754003
2021-04-15,Equity-Only Minimum Variance,none,0.0,base,0.0072185217808989,0.0,0.0072185217808989,1.0420903757448772,0.0
2021-04-16,Equity-Only Minimum Variance,none,0.0,base,0.001688458780583,0.0,0.001688458780583,1.0438499023899646,0.0
2021-04-19,Equity-Only Minimum Variance,none,0.0,base,-0.0009660737095138,0.0,-0.0009660737095138,1.042841466442587,-0.0009660737095139
2021-04-20,Equity-Only Minimum Variance,none,0.0,base,0.0057333284181003,0.0,0.0057333284181003,1.0488204190577155,0.0
2021-04-21,Equity-Only Minimum Variance,none,0.0,base,0.0048499246790075,0.0,0.0048499246790075,1.0539071190919505,0.0
2021-04-22,Equity-Only Minimum Variance,none,0.0,base,0.0007738064226913,0.0,0.0007738064226913,1.054722639189624,0.0
2021-04-23,Equity-Only Minimum Variance,none,0.0,base,0.0026681590662437,0.0,0.0026681590662437,1.0575368069617506,0.0
2021-04-26,Equity-Only Minimum Variance,none,0.0,base,-0.0068314866900643,0.0,-0.0068314866900643,1.0503122583407385,-0.0068314866900642
2021-04-27,Equity-Only Minimum Variance,none,0.0,base,-0.004747934372642,0.0,-0.004747934372642,1.045325444667355,-0.0115469856122343
2021-04-28,Equity-Only Minimum Variance,none,0.0,base,-0.0003388485602052,0.0,-0.0003388485602052,1.0449712376454836,-0.01188192149299
2021-04-29,Equity-Only Minimum Variance,none,0.0,base,0.0087119856821762,0.0,0.0087119856821762,1.054075012106137,-0.0032734509407374
2021-04-30,Equity-Only Minimum Variance,none,0.0,base,-0.0012191187695281,0.0,-0.0012191187695281,1.052789969474388,-0.0044885789847827
2021-05-03,Equity-Only Minimum Variance,none,0.0,base,0.0079907481094472,0.0002009412243064,0.0077898068851408,1.0609910000272065,0.0
2021-05-04,Equity-Only Minimum Variance,none,0.0,base,-0.0045026736546207,0.0,-0.0045026736546207,1.056213703803594,-0.0045026736546208
2021-05-05,Equity-Only Minimum Variance,none,0.0,base,0.0022169735568022,0.0,0.0022169735568022,1.058555301655259,-0.0022956824062457
2021-05-06,Equity-Only Minimum Variance,none,0.0,base,0.0070267168251789,0.0,0.0070267168251789,1.0659934700037823,0.0
2021-05-07,Equity-Only Minimum Variance,none,0.0,base,0.0009462193190077,0.0,0.0009462193190077,1.067002133619036,0.0
2021-05-10,Equity-Only Minimum Variance,none,0.0,base,0.0049794355456187,0.0,0.0049794355456187,1.0723152019704298,0.0
2021-05-11,Equity-Only Minimum Variance,none,0.0,base,-0.0087847108038687,0.0,-0.0087847108038687,1.0628952230305275,-0.0087847108038687
2021-05-12,Equity-Only Minimum Variance,none,0.0,base,-0.0136775573811166,0.0,-0.0136775573811166,1.0483574126274129,-0.022342114798889
2021-05-13,Equity-Only Minimum Variance,none,0.0,base,0.0121485703479657,0.0,0.0121485703479657,1.0610934564045282,-0.0104649692042797
2021-05-14,Equity-Only Minimum Variance,none,0.0,base,0.0028872669883115,0.0,0.0028872669883115,1.0641571165127184,-0.0076079173760854
2021-05-17,Equity-Only Minimum Variance,none,0.0,base,-0.0012789720421279,0.0,-0.0012789720421279,1.0627960893122672,-0.0088771591045905
2021-05-18,Equity-Only Minimum Variance,none,0.0,base,-0.0042035439720591,0.0,-0.0042035439720591,1.0583285792175106,-0.0130433875480066
2021-05-19,Equity-Only Minimum Variance,none,0.0,base,0.0003458063465727,0.0,0.0003458063465727,1.0586945559569632,-0.0127020916876289
2021-05-20,Equity-Only Minimum Variance,none,0.0,base,0.0100172792060656,0.0,0.0100172792060656,1.0692997949179257,-0.0028120528804993
2021-05-21,Equity-Only Minimum Variance,none,0.0,base,-0.0017574546716821,0.0,-0.0017574546716821,1.0674205489979185,-0.0045645654967098
2021-05-24,Equity-Only Minimum Variance,none,0.0,base,-0.0014771505562863,0.0,-0.0014771505562863,1.0658438081401744,-0.0060349735025334
2021-05-25,Equity-Only Minimum Variance,none,0.0,base,-0.0055312156085884,0.0,-0.0055312156085884,1.059948396232272,-0.0115328083714875
2021-05-26,Equity-Only Minimum Variance,none,0.0,base,0.0008099760055573,0.0,0.0008099760055573,1.060806929000349,-0.0107321736639878
2021-05-27,Equity-Only Minimum Variance,none,0.0,base,-0.0044513213294177,0.0,-0.0044513213294177,1.0560849364908955,-0.0151357226398639
2021-05-28,Equity-Only Minimum Variance,none,0.0,base,0.0015157969315698,0.0,0.0015157969315698,1.0576857467971057,-0.0136428683902287
2021-06-01,Equity-Only Minimum Variance,none,0.0,base,-0.0043004836488549,0.0001130293983249,-0.0044135130471799,1.0530176369538005,-0.0179961684597673
2021-06-02,Equity-Only Minimum Variance,none,0.0,base,0.00121184084314,0.0,0.00121184084314,1.054293726734808,-0.0168061361085868
2021-06-03,Equity-Only Minimum Variance,none,0.0,base,0.004004008082231,0.0,0.004004008082231,1.0585151273376996,-0.0128694199311657
2021-06-04,Equity-Only Minimum Variance,none,0.0,base,0.0060157246433324,0.0,0.0060157246433324,1.064882862874565,-0.0069311141744586
2021-06-07,Equity-Only Minimum Variance,none,0.0,base,-0.0041461676423512,0.0,-0.0041461676423512,1.06046768000562,-0.0110485442554943
2021-06-08,Equity-Only Minimum Variance,none,0.0,base,-0.0054436055793756,0.0,-0.0054436055793756,1.054694912225994,-0.0164320059177169
2021-06-09,Equity-Only Minimum Variance,none,0.0,base,0.0049852618527221,0.0,0.0049852618527221,1.0599528425381743,-0.0115286619172599
2021-06-10,Equity-Only Minimum Variance,none,0.0,base,0.0084521877028264,0.0,0.0084521877028264,1.0689117629194516,-0.0031739166289206
2021-06-11,Equity-Only Minimum Variance,none,0.0,base,0.0019283024406045,0.0,0.0019283024406045,1.07097294808068,-0.0012517344594978
2021-06-14,Equity-Only Minimum Variance,none,0.0,base,0.000383166415728,0.0,0.000383166415728,1.071383308946538,-0.000869047666376
2021-06-15,Equity-Only Minimum Variance,none,0.0,base,-0.0044862171766302,0.0,-0.0044862171766302,1.066576850743187,-0.005351366106438
2021-06-16,Equity-Only Minimum Variance,none,0.0,base,-0.0107635034206665,0.0,-0.0107635034206665,1.055096747161809,-0.0160572700797128
2021-06-17,Equity-Only Minimum Variance,none,0.0,base,-0.0002550712036488,0.0,-0.0002550712036488,1.0548276223645443,-0.0163082455361551
2021-06-18,Equity-Only Minimum Variance,none,0.0,base,-0.0106318767644883,0.0,-0.0106318767644883,1.043612825075786,-0.0267667350438581
2021-06-21,Equity-Only Minimum Variance,none,0.0,base,0.0103307086554818,0.0,0.0103307086554818,1.0543940851207685,-0.0167125457297729
2021-06-22,Equity-Only Minimum Variance,none,0.0,base,-0.0009727711018418,0.0,-0.0009727711018418,1.0533684010248097,-0.0176690593500908
2021-06-23,Equity-Only Minimum Variance,none,0.0,base,-0.0072752600017683,0.0,-0.0072752600017683,1.045704872029707,-0.0248157723511006
2021-06-24,Equity-Only Minimum Variance,none,0.0,base,0.0050838907254318,0.0,0.0050838907254318,1.0510211213301577,-0.0198580423005692
2021-06-25,Equity-Only Minimum Variance,none,0.0,base,0.0112705659612001,0.0,0.0112705659612001,1.0628667242047236,-0.008811287714978
2021-06-28,Equity-Only Minimum Variance,none,0.0,base,0.0019824992325867,0.0,0.0019824992325867,1.0649738566698017,-0.0068462568535243
2021-06-29,Equity-Only Minimum Variance,none,0.0,base,-0.0028705573091215,0.0,-0.0028705573091215,1.0619167881815146,-0.0096971615899948
2021-06-30,Equity-Only Minimum Variance,none,0.0,base,0.0073224943188585,0.0,0.0073224943188585,1.0696926678300742,-0.0024456746817881
2021-07-01,Equity-Only Minimum Variance,none,0.0,base,0.0035913202210031,0.0002014947325738,0.0033898254884293,1.0733187393002706,0.0
2021-07-02,Equity-Only Minimum Variance,none,0.0,base,0.005061363608462,0.0,0.005061363608462,1.0787511957076452,0.0
2021-07-06,Equity-Only Minimum Variance,none,0.0,base,-0.0021152864485678,0.0,-0.0021152864485678,1.0764693279219886,-0.0021152864485677
2021-07-07,Equity-Only Minimum Variance,none,0.0,base,0.0023352250006269,0.0,0.0023352250006269,1.0789831260089602,0.0
2021-07-08,Equity-Only Minimum Variance,none,0.0,base,-0.0048586359440011,0.0,-0.0048586359440011,1.0737407398099623,-0.0048586359440011
2021-07-09,Equity-Only Minimum Variance,none,0.0,base,0.0068002918835278,0.0,0.0068002918835278,1.081042490247905,0.0
2021-07-12,Equity-Only Minimum Variance,none,0.0,base,0.0021287294040111,0.0,0.0021287294040111,1.083343737183881,0.0
2021-07-13,Equity-Only Minimum Variance,none,0.0,base,-0.0026806565715399,0.0,-0.0026806565715399,1.0804396646755623,-0.00268065657154
2021-07-14,Equity-Only Minimum Variance,none,0.0,base,0.0041416143767201,0.0,0.0041416143767201,1.0849144291239612,0.0
2021-07-15,Equity-Only Minimum Variance,none,0.0,base,0.0015369358845495,0.0,0.0015369358845495,1.0865818730417474,0.0
2021-07-16,Equity-Only Minimum Variance,none,0.0,base,-0.0013646785547945,0.0,-0.0013646785547945,1.0850990380615788,-0.0013646785547944
2021-07-19,Equity-Only Minimum Variance,none,0.0,base,-0.0136712894206372,0.0,-0.0136712894206372,1.070264335062184,-0.015017311059943
2021-07-20,Equity-Only Minimum Variance,none,0.0,base,0.0053937331077853,0.0,0.0053937331077853,1.0760370552402907,-0.0097045773200116
2021-07-21,Equity-Only Minimum Variance,none,0.0,base,-0.0018373594536772,0.0,-0.0018373594536772,1.074059988384338,-0.0115241059768058
2021-07-22,Equity-Only Minimum Variance,none,0.0,base,-0.0001150619005403,0.0,-0.0001150619005403,1.0739364050007802,-0.0116378418918104
2021-07-23,Equity-Only Minimum Variance,none,0.0,base,0.0102644998092462,0.0,0.0102644998092462,1.0849598250250534,-0.0014927987084426
2021-07-26,Equity-Only Minimum Variance,none,0.0,base,0.0010479735009604,0.0,0.0010479735009604,1.0860968341712864,-0.0004463896209708
2021-07-27,Equity-Only Minimum Variance,none,0.0,base,0.0012153592948337,0.0,0.0012153592948337,1.0874168320537858,0.0
2021-07-28,Equity-Only Minimum Variance,none,0.0,base,-0.0011629858420939,0.0,-0.0011629858420939,1.0861521816736526,-0.0011629858420939
2021-07-29,Equity-Only Minimum Variance,none,0.0,base,-0.000614095518488,0.0,-0.000614095518488,1.085485180486491,-0.0017763671761882
2021-07-30,Equity-Only Minimum Variance,none,0.0,base,-0.0027749454501336,0.0,-0.0027749454501336,1.0824730183237123,-0.0045463833043085
2021-08-02,Equity-Only Minimum Variance,none,0.0,base,-0.0015536309847955,7.318479338035028e-05,-0.0016268157781759,1.0807120341380536,-0.0061658029543913
2021-08-03,Equity-Only Minimum Variance,none,0.0,base,0.0006725903984929,0.0,0.0006725903984929,1.0814389106757507,-0.0054973596157645
2021-08-04,Equity-Only Minimum Variance,none,0.0,base,-0.0081739950793377,0.0,-0.0081739950793377,1.072599234341283,-0.0136264193046536
2021-08-05,Equity-Only Minimum Variance,none,0.0,base,0.0045282952077182,0.0,0.0045282952077182,1.077456280313953,-0.009159828546171
2021-08-06,Equity-Only Minimum Variance,none,0.0,base,-0.001226679417533,0.0,-0.001226679417533,1.0761345868716,-0.0103752717905583
2021-08-09,Equity-Only Minimum Variance,none,0.0,base,0.0010342898390975,0.0,0.0010342898390975,1.0772476219403029,-0.0093517129896515
2021-08-10,Equity-Only Minimum Variance,none,0.0,base,0.0045815931595764,0.0,0.0045815931595764,1.0821831322761544,-0.0048129655743388
2021-08-11,Equity-Only Minimum Variance,none,0.0,base,0.0042073525120923,0.0,0.0042073525120923,1.0867362581962805,-0.0006258629050464
2021-08-12,Equity-Only Minimum Variance,none,0.0,base,0.0027063736252574,0.0,0.0027063736252574,1.0896773725430735,0.0
2021-08-13,Equity-Only Minimum Variance,none,0.0,base,0.0039075075731336,0.0,0.0039075075731336,1.093935295128558,0.0
2021-08-16,Equity-Only Minimum Variance,none,0.0,base,0.0067404221207967,0.0,0.0067404221207967,1.1013088807905629,0.0
2021-08-17,Equity-Only Minimum Variance,none,0.0,base,0.0027489601448023,0.0,0.0027489601448023,1.104336335010973,0.0
2021-08-18,Equity-Only Minimum Variance,none,0.0,base,-0.0108804680791627,0.0,-0.0108804680791627,1.0923206387692264,-0.0108804680791628
2021-08-19,Equity-Only Minimum Variance,none,0.0,base,0.0015905351368578,0.0,0.0015905351368578,1.094058013125904,-0.0093072387090903
2021-08-20,Equity-Only Minimum Variance,none,0.0,base,0.0039736670205451,0.0,0.0039736670205451,1.0984054353712254,-0.0053705555560559
2021-08-23,Equity-Only Minimum Variance,none,0.0,base,-0.0016085713115414,0.0,-0.0016085713115414,1.096638571899446,-0.0069704879460028
2021-08-24,Equity-Only Minimum Variance,none,0.0,base,-0.0052875117240862,0.0,-0.0052875117240862,1.0908400825934426,-0.0122211431333518
2021-08-25,Equity-Only Minimum Variance,none,0.0,base,-0.0035063036740538,0.0,-0.0035063036740538,1.08701526600404,-0.0156845957683361
2021-08-26,Equity-Only Minimum Variance,none,0.0,base,-0.0061111648302907,0.0,-0.0061111648302907,1.080372336540447,-0.0216999094485901
2021-08-27,Equity-Only Minimum Variance,none,0.0,base,0.0017020093654632,0.0,0.0017020093654632,1.0822111403754264,-0.0200348335322378
2021-08-30,Equity-Only Minimum Variance,none,0.0,base,0.0038941826736729,0.0,0.0038941826736729,1.0864254682475325,-0.016218670160176
2021-08-31,Equity-Only Minimum Variance,none,0.0,base,0.0036622089088812,0.0,0.0036622089088812,1.090404185276184,-0.0126158574096454
2021-09-01,Equity-Only Minimum Variance,none,0.0,base,0.0009829516600059,5.5577185607518294e-05,0.0009273744743984,1.0914153982843866,-0.0117001825593812
2021-09-02,Equity-Only Minimum Variance,none,0.0,base,0.0062646687233182,0.0,0.0062646687233182,1.098252754194167,-0.0055088116037996
2021-09-03,Equity-Only Minimum Variance,none,0.0,base,-0.0011190115943912,0.0,-0.0011190115943912,1.0970237966286516,-0.0066216587741348
2021-09-07,Equity-Only Minimum Variance,none,0.0,base,-0.0136747218866924,0.0,-0.0136747218866924,1.0820223013066714,-0.0202058313186623
2021-09-08,Equity-Only Minimum Variance,none,0.0,base,0.0042760684476818,0.0,0.0042760684476818,1.086649102728977,-0.0160161643887413
2021-09-09,Equity-Only Minimum Variance,none,0.0,base,-0.0110688475999391,0.0,-0.0110688475999391,1.0746211494162594,-0.0269077315059259
2021-09-10,Equity-Only Minimum Variance,none,0.0,base,-0.0074237580999679,0.0,-0.0074237580999679,1.0666434219538836,-0.034131733116175
2021-09-13,Equity-Only Minimum Variance,none,0.0,base,-0.0003504862938656,0.0,-0.0003504862938656,1.0662695780540468,-0.0344702567053976
2021-09-14,Equity-Only Minimum Variance,none,0.0,base,-0.0056694776308448,0.0,-0.0056694776308448,1.060224386532819,-0.0399443059869217
2021-09-15,Equity-Only Minimum Variance,none,0.0,base,0.0029012021552119,0.0,0.0029012021552119,1.0633003118080362,-0.0371589903383274
2021-09-16,Equity-Only Minimum Variance,none,0.0,base,-0.004634214810943,0.0,-0.004634214810943,1.058372749754575,-0.041621002405885
2021-09-17,Equity-Only Minimum Variance,none,0.0,base,-0.0078669829213524,0.0,-0.0078669829213524,1.050046549407831,-0.0491605536121406
2021-09-20,Equity-Only Minimum Variance,none,0.0,base,-0.0091342327647634,0.0,-0.0091342327647634,1.0404551798117032,-0.0578457424373662
2021-09-21,Equity-Only Minimum Variance,none,0.0,base,-0.0041586218553154,0.0,-0.0041586218553154,1.0361283201614622,-0.0617638057239446
2021-09-22,Equity-Only Minimum Variance,none,0.0,base,0.0003690413868395,0.0,0.0003690413868395,1.0365106943936784,-0.0614175577376259
2021-09-23,Equity-Only Minimum Variance,none,0.0,base,0.0031725222110411,0.0,0.0031725222110411,1.039799047593624,-0.0584398840926552
2021-09-24,Equity-Only Minimum Variance,none,0.0,base,-0.0026283517791928,0.0,-0.0026283517791928,1.0370660899168784,-0.0609146352985171
2021-09-27,Equity-Only Minimum Variance,none,0.0,base,-0.0033591889577093,0.0,-0.0033591889577093,1.0335823889592148,-0.0640692004859688
2021-09-28,Equity-Only Minimum Variance,none,0.0,base,-0.0054822515200212,0.0,-0.0054822515200212,1.027916030336276,-0.0692002085342393
2021-09-29,Equity-Only Minimum Variance,none,0.0,base,0.0086204874726666,0.0,0.0086204874726666,1.036777167598743,-0.0611762605923481
2021-09-30,Equity-Only Minimum Variance,none,0.0,base,-0.0094510430358064,0.0,-0.0094510430358064,1.0269785419692257,-0.0700491241565266
2021-10-01,Equity-Only Minimum Variance,none,0.0,base,0.0141948793953308,0.0001806530316431,0.0140142263636877,1.0413708517270324,-0.0570165820753465
2021-10-04,Equity-Only Minimum Variance,none,0.0,base,0.0024857913665577,0.0,0.0024857913665577,1.0439594823996403,-0.0546725220362623
2021-10-05,Equity-Only Minimum Variance,none,0.0,base,0.0008037428588743,0.0,0.0008037428588743,1.0447985573785732,-0.0539127218265512
2021-10-06,Equity-Only Minimum Variance,none,0.0,base,0.0023768765074796,0.0,0.0023768765074796,1.047281914524655,-0.0516639892010354
2021-10-07,Equity-Only Minimum Variance,none,0.0,base,0.0086579370082722,0.0,0.0086579370082722,1.0563492153705123,-0.0434533557568617
2021-10-08,Equity-Only Minimum Variance,none,0.0,base,-0.0052244480707635,0.0,-0.0052244480707635,1.0508303737502174,-0.048450784026973
2021-10-11,Equity-Only Minimum Variance,none,0.0,base,-0.008771363458027,0.0,-0.008771363458027,1.0416131586093198,-0.0567971680484731
2021-10-12,Equity-Only Minimum Variance,none,0.0,base,-0.0007570847175982,0.0,-0.0007570847175982,1.0408245692052875,-0.0575112524981389
2021-10-13,Equity-Only Minimum Variance,none,0.0,base,0.0006851215104672,0.0,0.0006851215104672,1.041537660506273,-0.056865533183852
2021-10-14,Equity-Only Minimum Variance,none,0.0,base,0.0088113798257869,0.0,0.0088113798257869,1.0507150444358553,-0.0485552171699438
2021-10-15,Equity-Only Minimum Variance,none,0.0,base,-0.0007258838157585,0.0,-0.0007258838157585,1.049952347390125,-0.049245855539388
2021-10-18,Equity-Only Minimum Variance,none,0.0,base,-0.0015188607731401,0.0,-0.0015188607731401,1.0483576159560082,-0.0506899187143096
2021-10-19,Equity-Only Minimum Variance,none,0.0,base,0.0134486016584322,0.0,0.0134486016584322,1.0624565599285842,-0.0379230255807644
2021-10-20,Equity-Only Minimum Variance,none,0.0,base,0.0103177547407302,0.0,0.0103177547407302,1.0734187261366073,-0.0279965513170029
2021-10-21,Equity-Only Minimum Variance,none,0.0,base,0.0057043149054608,0.0,0.0057043149054608,1.079541844575909,-0.0224519375565211
2021-10-22,Equity-Only Minimum Variance,none,0.0,base,0.0025923087120874,0.0,0.0025923087120874,1.082340350304666,-0.0199178311977649
2021-10-25,Equity-Only Minimum Variance,none,0.0,base,0.0045077695084107,0.0,0.0045077695084107,1.087219291133492,-0.0154998466815009
2021-10-26,Equity-Only Minimum Variance,none,0.0,base,7.655505675220457e-05,0.0,7.655505675220457e-05,1.0873025232680271,-0.015424478216391
2021-10-27,Equity-Only Minimum Variance,none,0.0,base,-0.0108821523363971,0.0,-0.0108821523363971,1.0754703315740757,-0.0261387790311279
2021-10-28,Equity-Only Minimum Variance,none,0.0,base,0.018330843759506,0.0,0.018330843759506,1.095184610190144,-0.0082870811461058
2021-10-29,Equity-Only Minimum Variance,none,0.0,base,-0.0007247511036269,0.0,-0.0007247511036269,1.0943908739352337,-0.0090058261785261
2021-11-01,Equity-Only Minimum Variance,none,0.0,base,0.0053343888712222,0.0002098291623002,0.005124559708922,1.099999145313614,-0.0039274173635841
2021-11-02,Equity-Only Minimum Variance,none,0.0,base,0.0046729939484425,0.0,0.0046729939484425,1.1051394346629566,0.0
2021-11-03,Equity-Only Minimum Variance,none,0.0,base,8.260567435678561e-05,0.0,8.260567435678561e-05,1.1052307254512153,0.0
2021-11-04,Equity-Only Minimum Variance,none,0.0,base,0.0007071073759932,0.0,0.0007071073759932,1.106012242249356,0.0
2021-11-05,Equity-Only Minimum Variance,none,0.0,base,-0.0123451788416837,0.0,-0.0123451788416837,1.092358323317696,-0.0123451788416838
2021-11-08,Equity-Only Minimum Variance,none,0.0,base,0.0018918094502885,0.0,0.0018918094502885,1.09442485711685,-0.0104767241173933
2021-11-09,Equity-Only Minimum Variance,none,0.0,base,0.0005274359025659,0.0,0.0005274359025659,1.095002096079154,-0.0099548140152682
2021-11-10,Equity-Only Minimum Variance,none,0.0,base,0.0002500388974776,0.0,0.0002500388974776,1.0952758891959933,-0.0097072642085116
2021-11-11,Equity-Only Minimum Variance,none,0.0,base,0.0025778605260161,0.0,0.0025778605260161,1.0980993576758489,-0.0071544276557143
2021-11-12,Equity-Only Minimum Variance,none,0.0,base,0.0024099331504331,0.0,0.0024099331504331,1.1007457037203812,-0.0047617361976609
2021-11-15,Equity-Only Minimum Variance,none,0.0,base,-0.0026462504575026,0.0,-0.0026462504575026,1.097832854898317,-0.0073953859085721
2021-11-16,Equity-Only Minimum Variance,none,0.0,base,-0.0047058953298621,0.0,-0.0047058953298621,1.0926665683934818,-0.0120664793264245
2021-11-17,Equity-Only Minimum Variance,none,0.0,base,-0.0028635739634867,0.0,-0.0028635739634867,1.0895376368574576,-0.0148955000338814
2021-11-18,Equity-Only Minimum Variance,none,0.0,base,-0.0018346852791025,0.0,-0.0018346852791025,1.087538678194087,-0.0167028567583469
2021-11-19,Equity-Only Minimum Variance,none,0.0,base,-0.0077744513879155,0.0,-0.0077744513879155,1.079083661607989,-0.0243474525983554
2021-11-22,Equity-Only Minimum Variance,none,0.0,base,0.0034871338569089,0.0,0.0034871338569089,1.0828465707788195,-0.0209452215677318
2021-11-23,Equity-Only Minimum Variance,none,0.0,base,0.00633441531337,0.0,0.00633441531337,1.089705770678791,-0.0147434819866024
2021-11-24,Equity-Only Minimum Variance,none,0.0,base,-0.0003525772354157,0.0,-0.0003525772354157,1.0893215652307484,-0.0150908610058989
2021-11-26,Equity-Only Minimum Variance,none,0.0,base,-0.0147648757019236,0.0,-0.0147648757019236,1.0732378677206915,-0.0296329220208355
2021-11-29,Equity-Only Minimum Variance,none,0.0,base,0.0002842741687782,0.0,0.0002842741687782,1.0735429615234393,-0.029357071726333
2021-11-30,Equity-Only Minimum Variance,none,0.0,base,-0.0218750162386152,0.0,-0.0218750162386152,1.050059191807263,-0.0505899015442165
2021-12-01,Equity-Only Minimum Variance,none,0.0,base,-0.0115681095156426,0.000196138507495,-0.0117642480231377,1.037706035035867,-0.0617589974181219
2021-12-02,Equity-Only Minimum Variance,none,0.0,base,0.0141549584486324,0.0,0.0141549584486324,1.0523947208436948,-0.0484782350117721
2021-12-03,Equity-Only Minimum Variance,none,0.0,base,0.0089126271259044,0.0,0.0089126271259044,1.0617743225798448,-0.0399976763182496
2021-12-06,Equity-Only Minimum Variance,none,0.0,base,0.0104206437834134,0.0,0.0104206437834134,1.0728386945738244,-0.029993834071913
2021-12-07,Equity-Only Minimum Variance,none,0.0,base,0.0029691445400365,0.0,0.0029691445400365,1.0760241077261583,-0.0271137455605458
2021-12-08,Equity-Only Minimum Variance,none,0.0,base,0.0009142849264343,0.0,0.0009142849264343,1.0770079003483322,-0.0262242503229768
2021-12-09,Equity-Only Minimum Variance,none,0.0,base,-0.0028639855477448,0.0,-0.0028639855477448,1.0739233652869276,-0.0290131299967961
2021-12-10,Equity-Only Minimum Variance,none,0.0,base,0.0076919787437982,0.0,0.0076919787437982,1.0821839609851829,-0.0215443196322243
2021-12-13,Equity-Only Minimum Variance,none,0.0,base,0.0051827346942139,0.0,0.0051827346942139,1.0877926333453027,-0.0164732434308314
2021-12-14,Equity-Only Minimum Variance,none,0.0,base,-0.000438514301392,0.0,-0.000438514301392,1.087315620718632,-0.0169045339793888
2021-12-15,Equity-Only Minimum Variance,none,0.0,base,0.0129984208366498,0.0,0.0129984208366498,1.1014490067389957,-0.0041258453894506
2021-12-16,Equity-Only Minimum Variance,none,0.0,base,0.010099928531965,0.0,0.010099928531965,1.1125735629886633,0.0
2021-12-17,Equity-Only Minimum Variance,none,0.0,base,-0.0122771509493512,0.0,-0.0122771509493512,1.098914329413594,-0.0122771509493512
2021-12-20,Equity-Only Minimum Variance,none,0.0,base,0.0021418344659799,0.0,0.0021418344659799,1.101268021999491,-0.0101616121084188
2021-12-21,Equity-Only Minimum Variance,none,0.0,base,0.0031542635972745,0.0,0.0031542635972745,1.1047417116321263,-0.0070394009143075
2021-12-22,Equity-Only Minimum Variance,none,0.0,base,0.0065214866014903,0.0,0.0065214866014903,1.1119462699026428,-0.0005638216715624
2021-12-23,Equity-Only Minimum Variance,none,0.0,base,0.0015968728524024,0.0,0.0015968728524024,1.1137219067143806,0.0
2021-12-27,Equity-Only Minimum Variance,none,0.0,base,0.010491595203254,0.0,0.010491595203254,1.1254066261286242,0.0
2021-12-28,Equity-Only Minimum Variance,none,0.0,base,0.0043727447282299,0.0,0.0043727447282299,1.1303277420201432,0.0
2021-12-29,Equity-Only Minimum Variance,none,0.0,base,0.0011672932218815,0.0,0.0011672932218815,1.131647165931908,0.0
2021-12-30,Equity-Only Minimum Variance,none,0.0,base,0.0006983691758534,0.0,0.0006983691758534,1.132437473430537,0.0
2021-12-31,Equity-Only Minimum Variance,none,0.0,base,-0.0011098743223203,0.0,-0.0011098743223203,1.131180610157143,-0.0011098743223202
2022-01-03,Equity-Only Minimum Variance,none,0.0,base,0.0020975420101325,0.0001305270707775,0.0019670149393549,1.1334056593164308,0.0
2022-01-04,Equity-Only Minimum Variance,none,0.0,base,-0.0004585734441656,0.0,-0.0004585734441656,1.1328859095796011,-0.0004585734441657
2022-01-05,Equity-Only Minimum Variance,none,0.0,base,-0.0017863012302496,0.0,-0.0017863012302496,1.1308622340855865,-0.002244055524108
2022-01-06,Equity-Only Minimum Variance,none,0.0,base,-0.0040138537866211,0.0,-0.0040138537866211,1.1263231184251552,-0.0062489019999663
2022-01-07,Equity-Only Minimum Variance,none,0.0,base,0.0046317301263679,0.0,0.0046317301263679,1.1315399431447897,-0.0016461151012483
2022-01-10,Equity-Only Minimum Variance,none,0.0,base,-0.0009226780075396,0.0,-0.0009226780075396,1.1304958961245972,-0.0025672742745862
2022-01-11,Equity-Only Minimum Variance,none,0.0,base,0.0035463581080391,0.0,0.0035463581080391,1.1345050394119238,0.0
2022-01-12,Equity-Only Minimum Variance,none,0.0,base,0.0009279307440495,0.0,0.0009279307440495,1.1355577815172733,0.0
2022-01-13,Equity-Only Minimum Variance,none,0.0,base,-0.0019102259973327,0.0,-0.0019102259973327,1.1333886095215455,-0.0019102259973327
2022-01-14,Equity-Only Minimum Variance,none,0.0,base,-0.0022663533490118,0.0,-0.0022663533490118,1.1308199504506244,-0.0041722500992581
2022-01-18,Equity-Only Minimum Variance,none,0.0,base,-0.0089550659827535,0.0,-0.0089550659827535,1.120693383179725,-0.0130899533070762
2022-01-19,Equity-Only Minimum Variance,none,0.0,base,-0.0004381663759858,0.0,-0.0004381663759858,1.120202333021426,-0.0135223841056596
2022-01-20,Equity-Only Minimum Variance,none,0.0,base,-0.0109053704224244,0.0,-0.0109053704224244,1.107986111631763,-0.0242802879204176
2022-01-21,Equity-Only Minimum Variance,none,0.0,base,-0.0046914484088783,0.0,-0.0046914484088783,1.102788051951289,-0.0288578266111647
2022-01-24,Equity-Only Minimum Variance,none,0.0,base,-0.0052431863391426,0.0,-0.0052431863391426,1.0970059287023284,-0.0339497059880421
2022-01-25,Equity-Only Minimum Variance,none,0.0,base,-0.0045711289806819,0.0,-0.0045711289806819,1.091991373109657,-0.0383656464837964
2022-01-26,Equity-Only Minimum Variance,none,0.0,base,-0.0166402206383262,0.0,-0.0166402206383262,1.0738203957259638,-0.0543674542997003
2022-01-27,Equity-Only Minimum Variance,none,0.0,base,0.0006887515203278,0.0,0.0006887515203278,1.074559991156079,-0.0537161484461778
2022-01-28,Equity-Only Minimum Variance,none,0.0,base,0.0154498280858136,0.0,0.0154498280858136,1.091161758287334,-0.0390962256192897
2022-01-31,Equity-Only Minimum Variance,none,0.0,base,0.0101864268320252,0.0,0.0101864268320252,1.1022767977000318,-0.0293080496289437
2022-02-01,Equity-Only Minimum Variance,none,0.0,base,-0.0026298109494725,0.0002939871566175,-0.0029237981060901,1.0990539628865297,-0.0321461569150354
2022-02-02,Equity-Only Minimum Variance,none,0.0,base,0.0113042712907332,0.0,0.0113042712907332,1.111477967046154,-0.0212052745030243
2022-02-03,Equity-Only Minimum Variance,none,0.0,base,-0.0059078402899342,0.0,-0.0059078402899342,1.1049115327310646,-0.0269878374178905
2022-02-04,Equity-Only Minimum Variance,none,0.0,base,-0.0036334314091622,0.0,-0.0036334314091622,1.1008969124636938,-0.0305232103709134
2022-02-07,Equity-Only Minimum Variance,none,0.0,base,-0.0009675883293283,0.0,-0.0009675883293283,1.0998316974594005,-0.031461264798113
2022-02-08,Equity-Only Minimum Variance,none,0.0,base,-0.0012870191961432,0.0,-0.0012870191961432,1.0984161929522434,-0.0327077927425263
2022-02-09,Equity-Only Minimum Variance,none,0.0,base,0.006539216395645,0.0,0.006539216395645,1.1055989741304386,-0.0263824596814485
2022-02-10,Equity-Only Minimum Variance,none,0.0,base,-0.0172691038341266,0.0,-0.0172691038341266,1.086506270647276,-0.0431959620799367
2022-02-11,Equity-Only Minimum Variance,none,0.0,base,-0.0029177158428512,0.0,-0.0029177158428512,1.0833361540880513,-0.0459876443798801
2022-02-14,Equity-Only Minimum Variance,none,0.0,base,-0.0079273392512705,0.0,-0.0079273392512705,1.0747481808714283,-0.0535504239727846
2022-02-15,Equity-Only Minimum Variance,none,0.0,base,0.0021730346713841,0.0,0.0021730346713841,1.0770836459314692,-0.0514937562293607
2022-02-16,Equity-Only Minimum Variance,none,0.0,base,-0.0018515436776007,0.0,-0.0018515436776007,1.0750893785165976,-0.053249956968179
2022-02-17,Equity-Only Minimum Variance,none,0.0,base,-0.006836554647302,0.0,-0.006836554647302,1.0677394712296349,-0.0597224653747017
2022-02-18,Equity-Only Minimum Variance,none,0.0,base,-0.0055210370410593,0.0,-0.0055210370410593,1.061844442058775,-0.0649137724722439
2022-02-22,Equity-Only Minimum Variance,none,0.0,base,-0.0040298837084946,0.0,-0.0040298837084946,1.0575653324407666,-0.0686820612265958
2022-02-23,Equity-Only Minimum Variance,none,0.0,base,-0.0025109123217124,0.0,-0.0025109123217124,1.0549098786165252,-0.0710205189144937
2022-02-24,Equity-Only Minimum Variance,none,0.0,base,-0.0012510861645961,0.0,-0.0012510861645961,1.0535900954624924,-0.0721827522904734
2022-02-25,Equity-Only Minimum Variance,none,0.0,base,0.0262476268520037,0.0,0.0262476268520037,1.0812443351431589,-0.0478297513857406
2022-02-28,Equity-Only Minimum Variance,none,0.0,base,-0.0048834595523835,0.0,-0.0048834595523835,1.0759641221662437,-0.0524796362818312
2022-03-01,Equity-Only Minimum Variance,none,0.0,base,-0.0018013869849595,0.0002779993428824,-0.002079386327842,1.0737267770813623,-0.0544498971714987
2022-03-02,Equity-Only Minimum Variance,none,0.0,base,0.0120515265257493,0.0,0.0120515265257493,1.0866668238167658,-0.043054575025836
2022-03-03,Equity-Only Minimum Variance,none,0.0,base,0.0086018020299419,0.0,0.0086018020299419,1.0960141167077435,-0.0348231199267495
2022-03-04,Equity-Only Minimum Variance,none,0.0,base,0.0072305866777755,0.0,0.0072305866777755,1.1039389417786645,-0.0278443248359949
2022-03-07,Equity-Only Minimum Variance,none,0.0,base,-0.0081384157793304,0.0,-0.0081384157793304,1.0949546276754756,-0.0357561319227154
2022-03-08,Equity-Only Minimum Variance,none,0.0,base,-0.0132028393113483,0.0,-0.0132028393113483,1.080498117673059,-0.0484868887698928
2022-03-09,Equity-Only Minimum Variance,none,0.0,base,0.0035851864334679,0.0,0.0035851864334679,1.0843719048659282,-0.0450755368722437
2022-03-10,Equity-Only Minimum Variance,none,0.0,base,0.0024795441770769,0.0,0.0024795441770769,1.087060652908424,-0.0427077594801471
2022-03-11,Equity-Only Minimum Variance,none,0.0,base,-0.0051230869924821,0.0,-0.0051230869924821,1.08149154661747,-0.0476120509055583
2022-03-14,Equity-Only Minimum Variance,none,0.0,base,-0.0047504963687708,0.0,-0.0047504963687708,1.0763539249524074,-0.0521363663993924
2022-03-15,Equity-Only Minimum Variance,none,0.0,base,0.0063606276360579,0.0,0.0063606276360579,1.0832002114736392,-0.0461073587762981
2022-03-16,Equity-Only Minimum Variance,none,0.0,base,0.0049599841326983,0.0,0.0049599841326983,1.088572867335084,-0.0413760664115306
2022-03-17,Equity-Only Minimum Variance,none,0.0,base,0.0113041542906286,0.0,0.0113041542906286,1.100878262984032,-0.0305396335595573
2022-03-18,Equity-Only Minimum Variance,none,0.0,base,0.0030180855514822,0.0,0.0030180855514822,1.104200807763485,-0.0276137192348685
2022-03-21,Equity-Only Minimum Variance,none,0.0,base,0.002888324862034,0.0,0.002888324862034,1.1073900984092266,-0.0248051517646336
2022-03-22,Equity-Only Minimum Variance,none,0.0,base,0.0041096980379535,0.0,0.0041096980379535,1.1119411373239083,-0.0207973954102183
2022-03-23,Equity-Only Minimum Variance,none,0.0,base,-0.008925417728754,0.0,-0.008925417728754,1.1020165981835066,-0.0295371876972659
2022-03-24,Equity-Only Minimum Variance,none,0.0,base,0.006279067240805,0.0,0.006279067240805,1.1089362345039842,-0.0234435864441162
2022-03-25,Equity-Only Minimum Variance,none,0.0,base,0.0087278386592581,0.0,0.0087278386592581,1.1186148510421403,-0.0149203596249366
2022-03-28,Equity-Only Minimum Variance,none,0.0,base,0.0052500922265367,0.0,0.0052500922265367,1.1244876821760854,-0.0097486006624837
2022-03-29,Equity-Only Minimum Variance,none,0.0,base,0.0124322101253849,0.0,0.0124322101253849,1.1384675493243055,0.0
2022-03-30,Equity-Only Minimum Variance,none,0.0,base,0.0010296917970313,0.0,0.0010296917970313,1.1396398200210314,0.0
2022-03-31,Equity-Only Minimum Variance,none,0.0,base,-0.0087608451694788,0.0,-0.0087608451694788,1.1296556120088543,-0.0087608451694788
2022-04-01,Equity-Only Minimum Variance,none,0.0,base,0.0091529181557511,0.0001396929827047,0.0090132251730463,1.1398374524078856,0.0
2022-04-04,Equity-Only Minimum Variance,none,0.0,base,0.0028044216431612,0.0,0.0028044216431612,1.143034037229104,0.0
2022-04-05,Equity-Only Minimum Variance,none,0.0,base,-0.0044162954625298,0.0,-0.0044162954625298,1.137986061196972,-0.0044162954625298
2022-04-06,Equity-Only Minimum Variance,none,0.0,base,0.0113214007655054,0.0,0.0113214007655054,1.1508696574613422,0.0
2022-04-07,Equity-Only Minimum Variance,none,0.0,base,0.0035564180108717,0.0,0.0035564180108717,1.1549626310393035,0.0
2022-04-08,Equity-Only Minimum Variance,none,0.0,base,0.0073237386158459,0.0,0.0073237386158459,1.1634212754601052,0.0
2022-04-11,Equity-Only Minimum Variance,none,0.0,base,-0.0144558428852239,0.0,-0.0144558428852239,1.146603040292727,-0.014455842885224
2022-04-12,Equity-Only Minimum Variance,none,0.0,base,0.002742123183798,0.0,0.002742123183798,1.149747167072127,-0.0117533594033427
2022-04-13,Equity-Only Minimum Variance,none,0.0,base,0.006176698671165,0.0,0.006176698671165,1.1568488088711573,-0.005649257691586
2022-04-14,Equity-Only Minimum Variance,none,0.0,base,0.0017872506455973,0.0,0.0017872506455973,1.1589163876516708,-0.0038721036854452
2022-04-18,Equity-Only Minimum Variance,none,0.0,base,-0.0043902222047826,0.0,-0.0043902222047826,1.153828487193116,-0.0082453264946485
2022-04-19,Equity-Only Minimum Variance,none,0.0,base,0.0082636625005793,0.0,0.0082636625005793,1.163363336394834,-4.980058942805066e-05
2022-04-20,Equity-Only Minimum Variance,none,0.0,base,0.0030329987977339,0.0,0.0030329987977339,1.1668918159954476,0.0
2022-04-21,Equity-Only Minimum Variance,none,0.0,base,-0.0102112365243827,0.0,-0.0102112365243827,1.1549764076639517,-0.0102112365243828
2022-04-22,Equity-Only Minimum Variance,none,0.0,base,-0.015989378076759,0.0,-0.015989378076759,1.1365090532120756,-0.0260373432797221
2022-04-25,Equity-Only Minimum Variance,none,0.0,base,-0.0014269615823248,0.0,-0.0014269615823248,1.1348872984551774,-0.0274271505734812
2022-04-26,Equity-Only Minimum Variance,none,0.0,base,-0.0156063718044258,0.0,-0.0156063718044258,1.1171758253193655,-0.0426054840685213
2022-04-27,Equity-Only Minimum Variance,none,0.0,base,-0.0027929948233261,0.0,-0.0027929948233261,1.1140555590225034,-0.0452794819953988
2022-04-28,Equity-Only Minimum Variance,none,0.0,base,0.0155315568936412,0.0,0.0155315568936412,1.1313585763201386,-0.0304511859524838
2022-04-29,Equity-Only Minimum Variance,none,0.0,base,-0.0312139054766139,0.0,-0.0312139054766139,1.0960444566587253,-0.0607145909891261
2022-05-02,Equity-Only Minimum Variance,none,0.0,base,0.0005896127903856,0.0002338796746294,0.0003557331157562,1.0964343559683,-0.0603804560639943
2022-05-03,Equity-Only Minimum Variance,none,0.0,base,0.0027537473420922,0.0,0.0027537473420922,1.0994536591618262,-0.0577929812423025
2022-05-04,Equity-Only Minimum Variance,none,0.0,base,0.0245317591723052,0.0,0.0245317591723052,1.126425191549494,-0.034678985567683
2022-05-05,Equity-Only Minimum Variance,none,0.0,base,-0.0150766376838605,0.0,-0.0150766376838605,1.109442487058529,-0.0492327807508957
2022-05-06,Equity-Only Minimum Variance,none,0.0,base,-0.0057054602794544,0.0,-0.0057054602794544,1.1031126070162771,-0.054657345355329
2022-05-09,Equity-Only Minimum Variance,none,0.0,base,-0.014341802146158,0.0,-0.014341802146158,1.0872919842615172,-0.0682152626685668
2022-05-10,Equity-Only Minimum Variance,none,0.0,base,-0.0079254485515679,0.0,-0.0079254485515679,1.0786747075797205,-0.0756000746654234
2022-05-11,Equity-Only Minimum Variance,none,0.0,base,0.0065453315855039,0.0,0.0065453315855039,1.0857349912137262,-0.0695495706364933
2022-05-12,Equity-Only Minimum Variance,none,0.0,base,0.0073412419894512,0.0,0.0073412419894512,1.0937056345206408,-0.062718908875347
2022-05-13,Equity-Only Minimum Variance,none,0.0,base,0.0097987475917578,0.0,0.0097987475917578,1.104422579972992,-0.0535347280408893
2022-05-16,Equity-Only Minimum Variance,none,0.0,base,0.0063816655588848,0.0,0.0063816655588848,1.1114706355140602,-0.0474947032121472
2022-05-17,Equity-Only Minimum Variance,none,0.0,base,-0.0027002667661033,0.0,-0.0027002667661033,1.1084693682954818,-0.0500667216096009
2022-05-18,Equity-Only Minimum Variance,none,0.0,base,-0.0234025098860452,0.0,-0.0234025098860452,1.0825284029455684,-0.0722975445482156
2022-05-19,Equity-Only Minimum Variance,none,0.0,base,-0.0048295282811606,0.0,-0.0048295282811606,1.077300301408383,-0.0767779097933223
2022-05-20,Equity-Only Minimum Variance,none,0.0,base,0.003067596753434,0.0,0.003067596753434,1.080605024315457,-0.0739458367067056
2022-05-23,Equity-Only Minimum Variance,none,0.0,base,0.0165540491365182,0.0,0.0165540491365182,1.0984934129851438,-0.0586158905844709
2022-05-24,Equity-Only Minimum Variance,none,0.0,base,0.0100257347188219,0.0,0.0100257347188219,1.109506616534106,-0.0491778232349564
2022-05-25,Equity-Only Minimum Variance,none,0.0,base,0.0054771416516505,0.0,0.0054771416516505,1.115583541436307,-0.0439700354872836
2022-05-26,Equity-Only Minimum Variance,none,0.0,base,0.0051629227555198,0.0,0.0051629227555198,1.1213432130880718,-0.0390341266285421
2022-05-27,Equity-Only Minimum Variance,none,0.0,base,0.0104998734198833,0.0,0.0104998734198833,1.1331171748857418,-0.0289441065973141
2022-05-31,Equity-Only Minimum Variance,none,0.0,base,-0.0093561123815112,0.0,-0.0093561123815112,1.1225156032560903,-0.0380294146647184
2022-06-01,Equity-Only Minimum Variance,none,0.0,base,-0.0055803825141911,0.0002449800748353,-0.0058253625890265,1.1159765428552837,-0.0436332421242746
2022-06-02,Equity-Only Minimum Variance,none,0.0,base,0.0029273427702475,0.0,0.0029273427702475,1.119243388719777,-0.0408336288099019
2022-06-03,Equity-Only Minimum Variance,none,0.0,base,-0.0053217660075852,0.0,-0.0053217660075852,1.1132870372994736,-0.0459380877997203
2022-06-06,Equity-Only Minimum Variance,none,0.0,base,-0.0045627863836278,0.0,-0.0045627863836278,1.1082073463646145,-0.0502912685018456
2022-06-07,Equity-Only Minimum Variance,none,0.0,base,0.0077980864393413,0.0,0.0077980864393413,1.116849243044279,-0.0428853577214257
2022-06-08,Equity-Only Minimum Variance,none,0.0,base,-0.0096553780965291,0.0,-0.0096553780965291,1.1060656413258638,-0.0521266614743496
2022-06-09,Equity-Only Minimum Variance,none,0.0,base,-0.0227990486959556,0.0,-0.0227990486959556,1.080848396908352,-0.0737372718769939
2022-06-10,Equity-Only Minimum Variance,none,0.0,base,-0.0095805972391397,0.0,-0.0095805972391397,1.0704932237410032,-0.0826114220127672
2022-06-13,Equity-Only Minimum Variance,none,0.0,base,-0.032368488287576,0.0,-0.032368488287576,1.035842976366413,-0.112305903454503
2022-06-14,Equity-Only Minimum Variance,none,0.0,base,-0.0135910238986634,0.0,-0.0135910238986634,1.0217648097193543,-0.1243705751353554
2022-06-15,Equity-Only Minimum Variance,none,0.0,base,0.0028677885855976,0.0,0.0028677885855976,1.024695015177833,-0.1218594550655152
2022-06-16,Equity-Only Minimum Variance,none,0.0,base,-0.0077638888727617,0.0,-0.0077638888727617,1.0167393969515193,-0.128677240671053
2022-06-17,Equity-Only Minimum Variance,none,0.0,base,-0.004244431098923,0.0,-0.004244431098923,1.012423916635598,-0.1323755100879482
2022-06-21,Equity-Only Minimum Variance,none,0.0,base,0.0225798596688129,0.0,0.0225798596688129,1.0352843065985795,-0.1127846708605087
2022-06-22,Equity-Only Minimum Variance,none,0.0,base,0.0034143077378497,0.0,0.0034143077378497,1.0388190858174735,-0.1097554446970889
2022-06-23,Equity-Only Minimum Variance,none,0.0,base,0.0131946209325743,0.0,0.0131946209325743,1.0525259098723585,-0.0980090052525788
2022-06-24,Equity-Only Minimum Variance,none,0.0,base,0.0139728880091642,0.0,0.0139728880091642,1.0672327365377487,-0.0854055860976983
2022-06-27,Equity-Only Minimum Variance,none,0.0,base,-0.002959689782313,0.0,-0.002959689782313,1.064074058712068,-0.0881125018394854
2022-06-28,Equity-Only Minimum Variance,none,0.0,base,-0.0090235139740367,0.0,-0.0090235139740367,1.0544723715738695,-0.0963409314218863
2022-06-29,Equity-Only Minimum Variance,none,0.0,base,0.0007186329656437,0.0,0.0007186329656437,1.0552301501814432,-0.0956915322255033
2022-06-30,Equity-Only Minimum Variance,none,0.0,base,-0.0074845408530756,0.0,-0.0074845408530756,1.047332237013013,-0.1024598658963438
2022-07-01,Equity-Only Minimum Variance,none,0.0,base,0.0148556023096449,0.0001267463303493,0.0147288559792956,1.0627582426944513,-0.0892401265254931
2022-07-05,Equity-Only Minimum Variance,none,0.0,base,-0.0036252687018355,0.0,-0.0036252687018355,1.0589054584995934,-0.0925418757896879
2022-07-06,Equity-Only Minimum Variance,none,0.0,base,0.0014823023788055,0.0,0.0014823023788055,1.0604750765796576,-0.0911967484535045
2022-07-07,Equity-Only Minimum Variance,none,0.0,base,0.0023235141503878,0.0,0.0023235141503878,1.062939105426224,-0.0890851312386178
2022-07-08,Equity-Only Minimum Variance,none,0.0,base,-0.0028922302558056,0.0,-0.0028922302558056,1.0598648407854314,-0.0917197067825126
2022-07-11,Equity-Only Minimum Variance,none,0.0,base,-3.437694622367019e-05,0.0,-3.437694622367019e-05,1.0598284058687957,-0.0917509306853084
2022-07-12,Equity-Only Minimum Variance,none,0.0,base,-0.0056966990733497,0.0,-0.0056966990733497,1.0537908823711728,-0.0969249523168443
2022-07-13,Equity-Only Minimum Variance,none,0.0,base,-0.001264569341049,0.0,-0.001264569341049,1.0524582907294493,-0.0980669533348108
2022-07-14,Equity-Only Minimum Variance,none,0.0,base,-0.004667420969541,0.0,-0.004667420969541,1.0475460248337314,-0.1022766545499379
2022-07-15,Equity-Only Minimum Variance,none,0.0,base,0.0104794693588548,0.0,0.0104794693588548,1.0585237513029666,-0.0928689902585654
2022-07-18,Equity-Only Minimum Variance,none,0.0,base,-0.0121807673100088,0.0,-0.0121807673100088,1.0456301197962274,-0.1039185420079192
2022-07-19,Equity-Only Minimum Variance,none,0.0,base,0.013792008568289,0.0,0.013792008568289,1.0600514593677182,-0.0915597788614075
2022-07-20,Equity-Only Minimum Variance,none,0.0,base,-0.0060091377489888,0.0,-0.0060091377489888,1.0536814641273609,-0.0970187212869512
2022-07-21,Equity-Only Minimum Variance,none,0.0,base,0.004409890431395,0.0,0.004409890431395,1.0583280839337543,-0.0930366727862257
2022-07-22,Equity-Only Minimum Variance,none,0.0,base,-0.0002699854452815,0.0,-0.0002699854452815,1.0580423507547594,-0.0932815396839776
2022-07-25,Equity-Only Minimum Variance,none,0.0,base,-0.0023404019968091,0.0,-0.0023404019968091,1.0555661063243442,-0.0954036253790451
2022-07-26,Equity-Only Minimum Variance,none,0.0,base,-0.0063360107814211,0.0,-0.0063360107814211,1.0488780280941703,-0.101135157761478
2022-07-27,Equity-Only Minimum Variance,none,0.0,base,0.0049329159802442,0.0,0.0049329159802442,1.054052055280283,-0.09670113301712
2022-07-28,Equity-Only Minimum Variance,none,0.0,base,0.0079930670045556,0.0,0.0079930670045556,1.062477163984428,-0.0894810046481866
2022-07-29,Equity-Only Minimum Variance,none,0.0,base,0.003371426182109,0.0,0.003371426182109,1.066059227312978,-0.0864112570679498
2022-08-01,Equity-Only Minimum Variance,none,0.0,base,-0.0049072235537956,6.718594017093327e-05,-0.0049744094939666,1.0607562121715015,-0.0909558215843721
2022-08-02,Equity-Only Minimum Variance,none,0.0,base,-0.0051155061521594,0.0,-0.0051155061521594,1.055329907242197,-0.0956060426716418
2022-08-03,Equity-Only Minimum Variance,none,0.0,base,0.0135553931326881,0.0,0.0135553931326881,1.0696353190195484,-0.0833466270332283
2022-08-04,Equity-Only Minimum Variance,none,0.0,base,-0.0078919701790356,0.0,-0.0078919701790356,1.061193788979403,-0.0905808281171944
2022-08-05,Equity-Only Minimum Variance,none,0.0,base,-0.0045838147676854,0.0,-0.0045838147676854,1.0563294732181032,-0.0947494371472871
2022-08-08,Equity-Only Minimum Variance,none,0.0,base,0.0042041170824025,0.0,0.0042041170824025,1.0607704060011047,-0.0909436577921434
2022-08-09,Equity-Only Minimum Variance,none,0.0,base,0.0020122539009937,0.0,0.0020122539009937,1.062904945388639,-0.0891144056213127
2022-08-10,Equity-Only Minimum Variance,none,0.0,base,0.0114863097646673,0.0,0.0114863097646673,1.0751138008417698,-0.078651691524106
2022-08-11,Equity-Only Minimum Variance,none,0.0,base,-0.0013295980426316,0.0,-0.0013295980426316,1.0736843316365643,-0.0798767144316374
2022-08-12,Equity-Only Minimum Variance,none,0.0,base,0.0144860024124909,0.0,0.0144860024124909,1.0892377254549053,-0.0665478062971051
2022-08-15,Equity-Only Minimum Variance,none,0.0,base,0.0121137898048641,0.0,0.0121137898048641,1.1024325223085945,-0.0552401626296987
2022-08-16,Equity-Only Minimum Variance,none,0.0,base,0.0126410571325268,0.0,0.0126410571325268,1.116368434807853,-0.043297399548984
2022-08-17,Equity-Only Minimum Variance,none,0.0,base,-0.0063558440742488,0.0,-0.0063558440742488,1.109272971106801,-0.0493780521028791
2022-08-18,Equity-Only Minimum Variance,none,0.0,base,-0.0026987138183806,0.0,-0.0026987138183806,1.106279360811319,-0.0519435086897249
2022-08-19,Equity-Only Minimum Variance,none,0.0,base,-0.0045751592208433,0.0,-0.0045751592208433,1.1012179565928744,-0.0562810180878237
2022-08-22,Equity-Only Minimum Variance,none,0.0,base,-0.0142225941576511,0.0,-0.0142225941576511,1.085555780517136,-0.0697031501664322
2022-08-23,Equity-Only Minimum Variance,none,0.0,base,-0.005288626466386,0.0,-0.005288626466386,1.0798146814855547,-0.0746231427080577
2022-08-24,Equity-Only Minimum Variance,none,0.0,base,0.0003555710222887,0.0,0.0003555710222887,1.0801986322957329,-0.074294105512908
2022-08-25,Equity-Only Minimum Variance,none,0.0,base,0.0056131463316403,0.0,0.0056131463316403,1.0862619452860467,-0.0690979828670899
2022-08-26,Equity-Only Minimum Variance,none,0.0,base,-0.0183788660241831,0.0,-0.0183788660241831,1.0662976825264658,-0.0862069063216175
2022-08-29,Equity-Only Minimum Variance,none,0.0,base,-0.0039580504433932,0.0,-0.0039580504433932,1.0620772225113528,-0.0898237454812208
2022-08-30,Equity-Only Minimum Variance,none,0.0,base,-0.0083247717193282,0.0,-0.0083247717193282,1.0532356720856475,-0.0974007550244429
2022-08-31,Equity-Only Minimum Variance,none,0.0,base,-0.0019155705293162,0.0,-0.0019155705293162,1.0512181248717758,-0.0991297475379011
2022-09-01,Equity-Only Minimum Variance,none,0.0,base,0.0117157542089937,0.0001661760075101,0.0115495782014836,1.0633592508117993,-0.0887250761076999
2022-09-02,Equity-Only Minimum Variance,none,0.0,base,-0.0094995201736457,0.0,-0.0094995201736457,1.0532578481568795,-0.0973817506309523
2022-09-06,Equity-Only Minimum Variance,none,0.0,base,-0.0024908401667938,0.0,-0.0024908401667938,1.0506343512026997,-0.0996300284217619
2022-09-07,Equity-Only Minimum Variance,none,0.0,base,0.0166415661110915,0.0,0.0166415661110915,1.068118552216823,-0.0846464620153012
2022-09-08,Equity-Only Minimum Variance,none,0.0,base,0.0026251820952066,0.0,0.0026251820952066,1.070922557915661,-0.0822434922965995
2022-09-09,Equity-Only Minimum Variance,none,0.0,base,0.0090358454546693,0.0,0.0090358454546693,1.080599248642906,-0.0739507863279747
2022-09-12,Equity-Only Minimum Variance,none,0.0,base,0.0085006316786324,0.0,0.0085006316786324,1.0897850248478262,-0.0660787830462615
2022-09-13,Equity-Only Minimum Variance,none,0.0,base,-0.0300847010943234,0.0,-0.0300847010943234,1.0569991681182096,-0.0941755237039615
2022-09-14,Equity-Only Minimum Variance,none,0.0,base,0.0062519485534539,0.0,0.0062519485534539,1.0636074725383284,-0.0885123556796991
2022-09-15,Equity-Only Minimum Variance,none,0.0,base,-0.0105118038680579,0.0,-0.0105118038680579,1.0524270393944046,-0.0980937350249523
2022-09-16,Equity-Only Minimum Variance,none,0.0,base,0.000782690521383,0.0,0.000782690521383,1.053250764062586,-0.0973878215401804
2022-09-19,Equity-Only Minimum Variance,none,0.0,base,0.0036308676201822,0.0,0.0036308676201822,1.057074978157753,-0.0941105562078283
2022-09-20,Equity-Only Minimum Variance,none,0.0,base,-0.0135449948839062,0.0,-0.0135449948839062,1.042756902986701,-0.1063808240893779
2022-09-21,Equity-Only Minimum Variance,none,0.0,base,-0.0128982325542211,0.0,-0.0128982325542211,1.029307181954459,-0.1179069320351847
2022-09-22,Equity-Only Minimum Variance,none,0.0,base,0.0034277079980455,0.0,0.0034277079980455,1.0328353464144902,-0.1148833745711011
2022-09-23,Equity-Only Minimum Variance,none,0.0,base,-0.016653513118348,0.0,-0.016653513118348,1.0156350094238829,-0.1296236759039493
2022-09-26,Equity-Only Minimum Variance,none,0.0,base,-0.0105119350982855,0.0,-0.0105119350982855,1.0049587201212722,-0.1387730153339315
2022-09-27,Equity-Only Minimum Variance,none,0.0,base,-0.0056442258668956,0.0,-0.0056442258668956,0.9992865061180014,-0.1436339749580522
2022-09-28,Equity-Only Minimum Variance,none,0.0,base,0.0221198295291783,0.0,0.0221198295291783,1.02139055328414,-0.1246913044695442
2022-09-29,Equity-Only Minimum Variance,none,0.0,base,-0.0159036498040054,0.0,-0.0159036498040054,1.0051467156115896,-0.1386119074336613
2022-09-30,Equity-Only Minimum Variance,none,0.0,base,-0.0169718446738343,0.0,-0.0169718446738343,0.9880875216798152,-0.1532312523445875
2022-10-03,Equity-Only Minimum Variance,none,0.0,base,0.0258490638240169,0.0001844267991844,0.0256646370248325,1.0134464292724938,-0.1314992397920394
2022-10-04,Equity-Only Minimum Variance,none,0.0,base,0.0211716053221202,0.0,0.0211716053221202,1.034902717088163,-0.1131116844749551
2022-10-05,Equity-Only Minimum Variance,none,0.0,base,-0.0038602376693406,0.0,-0.0038602376693406,1.0309077466355565,-0.116535284159043
2022-10-06,Equity-Only Minimum Variance,none,0.0,base,-0.0074443562023549,0.0,-0.0074443562023549,1.023233302157834,-0.1231121101959754
2022-10-07,Equity-Only Minimum Variance,none,0.0,base,-0.0140755669353806,0.0,-0.0140755669353806,1.008830713322801,-0.1354548043837367
2022-10-10,Equity-Only Minimum Variance,none,0.0,base,0.0011669618083394,0.0,0.0011669618083394,1.0100079802363284,-0.1344459131588692
2022-10-11,Equity-Only Minimum Variance,none,0.0,base,0.0156262247171872,0.0,0.0156262247171872,1.0257905919016537,-0.1209205704930099
2022-10-12,Equity-Only Minimum Variance,none,0.0,base,-0.0043509332340079,0.0,-0.0043509332340079,1.021327445524216,-0.1247453863981846
2022-10-13,Equity-Only Minimum Variance,none,0.0,base,0.0194648776155365,0.0,0.0194648776155365,1.0412074592567335,-0.1077086624619915
2022-10-14,Equity-Only Minimum Variance,none,0.0,base,-0.0114033715151875,0.0,-0.0114033715151875,1.0293341837744443,-0.117883792083721
2022-10-17,Equity-Only Minimum Variance,none,0.0,base,0.0115685839122253,0.0,0.0115685839122253,1.0412421226531612,-0.1076789567121075
2022-10-18,Equity-Only Minimum Variance,none,0.0,base,0.0102355719288253,0.0,0.0102355719288253,1.0518998312949004,-0.0985455404899299
2022-10-19,Equity-Only Minimum Variance,none,0.0,base,-0.0073897068634075,0.0,-0.0073897068634075,1.044126599891963,-0.1052070246964208
2022-10-20,Equity-Only Minimum Variance,none,0.0,base,-0.0024316756208903,0.0,-0.0024316756208903,1.0415876226938827,-0.1073828709602104
2022-10-21,Equity-Only Minimum Variance,none,0.0,base,0.0203423501865138,0.0,0.0203423501865138,1.0627759628646605,-0.0892249407388023
2022-10-24,Equity-Only Minimum Variance,none,0.0,base,0.017558062049335,0.0,0.017558062049335,1.0814362491651797,-0.0732334957353075
2022-10-25,Equity-Only Minimum Variance,none,0.0,base,0.0081595704919326,0.0,0.0081595704919326,1.090260304472774,-0.0656714791141979
2022-10-26,Equity-Only Minimum Variance,none,0.0,base,0.0123986107082121,0.0,0.0123986107082121,1.1037780175585488,-0.0540871035101552
2022-10-27,Equity-Only Minimum Variance,none,0.0,base,0.0014591625607302,0.0,0.0014591625607302,1.1053886091171272,-0.0527068628258853
2022-10-28,Equity-Only Minimum Variance,none,0.0,base,0.0228519577788783,0.0,0.0228519577788783,1.1306489029419249,-0.0310593600509613
2022-10-31,Equity-Only Minimum Variance,none,0.0,base,-0.0074441447782677,0.0,-0.0074441447782677,1.1222321888150355,-0.0382722944562892
2022-11-01,Equity-Only Minimum Variance,none,0.0,base,-0.0012237770793658,0.0001517414070176,-0.0013755184863834,1.1206885376933062,-0.0395951686941316
2022-11-02,Equity-Only Minimum Variance,none,0.0,base,-0.0112497512813995,0.0,-0.0112497512813995,1.1080810703803412,-0.0503994841757771
2022-11-03,Equity-Only Minimum Variance,none,0.0,base,-0.0048775286010681,0.0,-0.0048775286010681,1.1026763732672589,-0.0550311878512987
2022-11-04,Equity-Only Minimum Variance,none,0.0,base,0.0140203483830965,0.0,0.0140203483830965,1.1181362801742751,-0.0417823958938131
2022-11-07,Equity-Only Minimum Variance,none,0.0,base,0.01381987478054,0.0,0.01381987478054,1.1335887835538625,-0.0285399485925565
2022-11-08,Equity-Only Minimum Variance,none,0.0,base,0.0110923879481644,0.0,0.0110923879481644,1.1461629901147297,-0.0177641368262014
2022-11-09,Equity-Only Minimum Variance,none,0.0,base,-0.0119051427670344,0.0,-0.0119051427670344,1.1325177560831228,-0.0294577950081869
2022-11-10,Equity-Only Minimum Variance,none,0.0,base,0.0216179617696887,0.0,0.0216179617696887,1.1570004816376214,-0.0084766507248044
2022-11-11,Equity-Only Minimum Variance,none,0.0,base,-0.0050541633970031,0.0,-0.0050541633970031,1.1511528121530137,-0.013487971743985
2022-11-14,Equity-Only Minimum Variance,none,0.0,base,-0.0024517266122758,0.0,-0.0024517266122758,1.1483305001686617,-0.0159066295369907
2022-11-15,Equity-Only Minimum Variance,none,0.0,base,0.0064529439460244,0.0,0.0064529439460244,1.1557406125177605,-0.0095563301797384
2022-11-16,Equity-Only Minimum Variance,none,0.0,base,-0.000739935926401,0.0,-0.000739935926401,1.1548854385169578,-0.0102891950341149
2022-11-17,Equity-Only Minimum Variance,none,0.0,base,0.0044731867429098,0.0,0.0044731867429098,1.1600514567501117,-0.0058620337820267
2022-11-18,Equity-Only Minimum Variance,none,0.0,base,0.0084250027143921,0.0,0.0084250027143921,1.169824893422066,0.0
2022-11-21,Equity-Only Minimum Variance,none,0.0,base,0.0039347037363101,0.0,0.0039347037363101,1.1744278078010422,0.0
2022-11-22,Equity-Only Minimum Variance,none,0.0,base,0.0089412219221479,0.0,0.0089412219221479,1.184928627462133,0.0
2022-11-23,Equity-Only Minimum Variance,none,0.0,base,-0.0012881121536722,0.0,-0.0012881121536722,1.1834023064958648,-0.0012881121536721
2022-11-25,Equity-Only Minimum Variance,none,0.0,base,0.0008045758387302,0.0,0.0008045758387302,1.184354443399169,-0.0004845726988583
2022-11-28,Equity-Only Minimum Variance,none,0.0,base,-0.0097279302216339,0.0,-0.0097279302216339,1.1728331260161,-0.0102077890310903
2022-11-29,Equity-Only Minimum Variance,none,0.0,base,0.0029466262508443,0.0,0.0029466262508443,1.176289026893079,-0.0072912413193679
2022-11-30,Equity-Only Minimum Variance,none,0.0,base,0.0170948769883027,0.0,0.0170948769883027,1.1963975431105067,0.0
2022-12-01,Equity-Only Minimum Variance,none,0.0,base,0.0009841871594987,0.0001607350837948,0.0008234520757038,1.197382719150748,0.0
2022-12-02,Equity-Only Minimum Variance,none,0.0,base,0.0028936938243956,0.0,0.0028936938243956,1.2008475781305925,0.0
2022-12-05,Equity-Only Minimum Variance,none,0.0,base,-0.0080861125387199,0.0,-0.0080861125387199,1.1911373894719792,-0.0080861125387199
2022-12-06,Equity-Only Minimum Variance,none,0.0,base,-0.0108914486487993,0.0,-0.0108914486487993,1.1781641777608802,-0.0188894917080354
2022-12-07,Equity-Only Minimum Variance,none,0.0,base,0.0032685154421776,0.0,0.0032685154421776,1.1820150255693125,-0.0156827168612003
2022-12-08,Equity-Only Minimum Variance,none,0.0,base,0.0043102909925196,0.0,0.0043102909925196,1.1871098542870466,-0.0114400229419057
2022-12-09,Equity-Only Minimum Variance,none,0.0,base,-0.0165597539320891,0.0,-0.0165597539320891,1.167451607209695,-0.0278103329090994
2022-12-12,Equity-Only Minimum Variance,none,0.0,base,0.0061341273045497,0.0,0.0061341273045497,1.174612903990221,-0.0218467977269958
2022-12-13,Equity-Only Minimum Variance,none,0.0,base,0.0037338448052582,0.0,0.0037338448052582,1.1789987262799737,-0.0181945254739421
2022-12-14,Equity-Only Minimum Variance,none,0.0,base,0.0003483710355725,0.0,0.0003483710355725,1.1794094552871863,-0.0178524928840507
2022-12-15,Equity-Only Minimum Variance,none,0.0,base,-0.0155941609047831,0.0,-0.0155941609047831,1.1610175544688155,-0.0331682591422485
2022-12-16,Equity-Only Minimum Variance,none,0.0,base,-0.0058011540050031,0.0,-0.0058011540050031,1.1542823128328297,-0.0387769989678896
2022-12-19,Equity-Only Minimum Variance,none,0.0,base,-0.0012168484735544,0.0,-0.0012168484735544,1.152877726162408,-0.039946661709441
2022-12-20,Equity-Only Minimum Variance,none,0.0,base,0.0011135240611842,0.0,0.0011135240611842,1.1541614832500935,-0.0388776192172342
2022-12-21,Equity-Only Minimum Variance,none,0.0,base,0.0115355238592368,0.0,0.0115355238592368,1.167475340577537,-0.0277905690620678
2022-12-22,Equity-Only Minimum Variance,none,0.0,base,-0.0046106678313184,0.0,-0.0046106678313184,1.1620924995808788,-0.0322731038105978
2022-12-23,Equity-Only Minimum Variance,none,0.0,base,0.0046908197373919,0.0,0.0046908197373919,1.167543666014588,-0.0277336713855474
2022-12-27,Equity-Only Minimum Variance,none,0.0,base,0.0014418237664704,0.0,0.0014418237664704,1.16922705822064,-0.0263318346856122
2022-12-28,Equity-Only Minimum Variance,none,0.0,base,-0.0101312140514931,0.0,-0.0101312140514931,1.157381368619009,-0.0361962752835368
2022-12-29,Equity-Only Minimum Variance,none,0.0,base,0.0061267688046937,0.0,0.0061267688046937,1.1644723766833978,-0.0302912726890963
2022-12-30,Equity-Only Minimum Variance,none,0.0,base,0.0001018608862324,0.0,0.0001018608862324,1.1645909908716798,-0.0301924972987452
2023-01-03,Equity-Only Minimum Variance,none,0.0,base,0.0004829714866031,6.885785942375361e-05,0.0004141136271794,1.16507326387109,-0.0297908867961358
2023-01-04,Equity-Only Minimum Variance,none,0.0,base,0.008772498053482,0.0,0.008772498053482,1.1752938668105632,-0.0212797292390843
2023-01-05,Equity-Only Minimum Variance,none,0.0,base,0.001821152237826,0.0,0.001821152237826,1.1774342558662083,-0.0194973306277824
2023-01-06,Equity-Only Minimum Variance,none,0.0,base,0.0149737791556995,0.0,0.0149737791556995,1.1950648963839048,-0.0048155001950287
2023-01-09,Equity-Only Minimum Variance,none,0.0,base,-0.0169865410445714,0.0,-0.0169865410445714,1.174764877470553,-0.0217202425478872
2023-01-10,Equity-Only Minimum Variance,none,0.0,base,0.0022033747720488,0.0,0.0022033747720488,1.1773533247646608,-0.019564725610311
2023-01-11,Equity-Only Minimum Variance,none,0.0,base,0.002745716875135,0.0,0.002745716875135,1.1805860036564635,-0.0168727279324416
2023-01-12,Equity-Only Minimum Variance,none,0.0,base,-0.0024139479072619,0.0,-0.0024139479072619,1.1777361305435945,-0.0192459459534213
2023-01-13,Equity-Only Minimum Variance,none,0.0,base,0.0024191098887063,0.0,0.0024191098887063,1.180585203663279,-0.0168733941228884
2023-01-17,Equity-Only Minimum Variance,none,0.0,base,-0.0068763622962017,0.0,-0.0068763622962017,1.172467072081355,-0.0236337288479346
2023-01-18,Equity-Only Minimum Variance,none,0.0,base,-0.0172095695904481,0.0,-0.0172095695904481,1.152289418411862,-0.0404365721370925
2023-01-19,Equity-Only Minimum Variance,none,0.0,base,-0.0014377272899119,0.0,-0.0014377272899119,1.1506327404691343,-0.0418161626637325
2023-01-20,Equity-Only Minimum Variance,none,0.0,base,0.0087447537942209,0.0,0.0087447537942209,1.1606947404921066,-0.0334370809166251
2023-01-23,Equity-Only Minimum Variance,none,0.0,base,0.0027866730624217,0.0,0.0027866730624217,1.163929217259131,-0.0307435860668796
2023-01-24,Equity-Only Minimum Variance,none,0.0,base,-0.0027223342174536,0.0,-0.0027223342174536,1.1607606129242922,-0.0333822259680161
2023-01-25,Equity-Only Minimum Variance,none,0.0,base,-0.0016486066191133,0.0,-0.0016486066191133,1.158846975294619,-0.0349757984284379
2023-01-26,Equity-Only Minimum Variance,none,0.0,base,-9.904492601779755e-05,0.0,-9.904492601779755e-05,1.158732197381685,-0.0350713791790878
2023-01-27,Equity-Only Minimum Variance,none,0.0,base,-0.0059696679352265,0.0,-0.0059696679352265,1.1518149509374611,-0.0408316826265848
2023-01-30,Equity-Only Minimum Variance,none,0.0,base,-0.0037153234472461,0.0,-0.0037153234472461,1.1475355858433545,-0.0443953031659779
2023-01-31,Equity-Only Minimum Variance,none,0.0,base,0.0075346747869554,0.0,0.0075346747869554,1.1561818932891423,-0.0371951325504466
2023-02-01,Equity-Only Minimum Variance,none,0.0,base,-0.0188175846327385,8.166002664054185e-05,-0.018899244659379,1.1343309288171266,-0.0553914172996168
2023-02-02,Equity-Only Minimum Variance,none,0.0,base,-0.0119577760566261,0.0,-0.0119577760566261,1.1207668535962267,-0.066686835192715
2023-02-03,Equity-Only Minimum Variance,none,0.0,base,-0.0094340238475575,0.0,-0.0094340238475575,1.1101935123718478,-0.0754917338467463
2023-02-06,Equity-Only Minimum Variance,none,0.0,base,-0.0013084211167188,0.0,-0.0013084211167188,1.1087409117366165,-0.0767013799847624
2023-02-07,Equity-Only Minimum Variance,none,0.0,base,0.0082480910776792,0.0,0.0082480910776792,1.1178859077581689,-0.0690859288749813
2023-02-08,Equity-Only Minimum Variance,none,0.0,base,-0.0072579633166608,0.0,-0.0072579633166608,1.109772332847448,-0.07584246905417
2023-02-09,Equity-Only Minimum Variance,none,0.0,base,-0.0013674787018826,0.0,-0.0013674787018826,1.1082547428183405,-0.0771062347949229
2023-02-10,Equity-Only Minimum Variance,none,0.0,base,0.0122802886993682,0.0,0.0122802886993682,1.1218644310125938,-0.0657728329193576
2023-02-13,Equity-Only Minimum Variance,none,0.0,base,0.0078964775002675,0.0,0.0078964775002675,1.1307232082504353,-0.0583957291143666
2023-02-14,Equity-Only Minimum Variance,none,0.0,base,-0.0069758878880124,0.0,-0.0069758878880124,1.1228354099173066,-0.0649642549429383
2023-02-15,Equity-Only Minimum Variance,none,0.0,base,-0.0004656364572696,0.0,-0.0004656364572696,1.1223125768149358,-0.0653996416746872
2023-02-16,Equity-Only Minimum Variance,none,0.0,base,-0.0129711469433374,0.0,-0.0129711469433374,1.1077548954647136,-0.0775224802558206
2023-02-17,Equity-Only Minimum Variance,none,0.0,base,0.0138041602366111,0.0,0.0138041602366111,1.123046521544599,-0.0647884527586002
2023-02-21,Equity-Only Minimum Variance,none,0.0,base,-0.004560742219725,0.0,-0.004560742219725,1.117924595859075,-0.0690537115464784
2023-02-22,Equity-Only Minimum Variance,none,0.0,base,-0.004476221628676,0.0,-0.004476221628676,1.112920517603862,-0.0732208334579899
2023-02-23,Equity-Only Minimum Variance,none,0.0,base,0.0028253732159613,0.0,0.0028253732159613,1.1160649334257935,-0.070602336423731
2023-02-24,Equity-Only Minimum Variance,none,0.0,base,-0.0069167294996509,0.0,-0.0069167294996509,1.1083454141772415,-0.0770307286602958
2023-02-27,Equity-Only Minimum Variance,none,0.0,base,7.008821353114746e-05,0.0,7.008821353114746e-05,1.1084230961272967,-0.0769660393929233
2023-02-28,Equity-Only Minimum Variance,none,0.0,base,-0.0106531076615612,0.0,-0.0106531076615612,1.0966149455496916,-0.0867992195505478
2023-03-01,Equity-Only Minimum Variance,none,0.0,base,0.0003251261022145,0.0001151289893603,0.0002099971128542,1.0968452315221695,-0.0866074500231972
2023-03-02,Equity-Only Minimum Variance,none,0.0,base,0.0058491306806508,0.0,0.0058491306806508,1.1032608226177916,-0.0812648976356501
2023-03-03,Equity-Only Minimum Variance,none,0.0,base,0.0038485538493847,0.0,0.0038485538493847,1.1075067813035528,-0.0777290961208807
2023-03-06,Equity-Only Minimum Variance,none,0.0,base,0.0095433544103855,0.0,0.0095433544103855,1.118076111029438,-0.0689275380227757
2023-03-07,Equity-Only Minimum Variance,none,0.0,base,-0.010672153324252,0.0,-0.010672153324252,1.1061438313443483,-0.0788640860929854
2023-03-08,Equity-Only Minimum Variance,none,0.0,base,-0.0069178447366433,0.0,-0.0069178447366433,1.0984917000627124,-0.0852363613267402
2023-03-09,Equity-Only Minimum Variance,none,0.0,base,-0.0115117295506488,0.0,-0.0115117295506488,1.085846160697958,-0.0957668729379143
2023-03-10,Equity-Only Minimum Variance,none,0.0,base,-0.0031272146730188,0.0,-0.0031272146730188,1.082450486651582,-0.0985946040406926
2023-03-13,Equity-Only Minimum Variance,none,0.0,base,0.0057220208074622,0.0,0.0057220208074622,1.08864429085925,-0.0934367436090547
2023-03-14,Equity-Only Minimum Variance,none,0.0,base,0.0070377469170618,0.0,0.0070377469170618,1.0963058938610215,-0.0870565808462677
2023-03-15,Equity-Only Minimum Variance,none,0.0,base,0.0043575068345265,0.0,0.0043575068345265,1.1010830542862529,-0.0830784236577694
2023-03-16,Equity-Only Minimum Variance,none,0.0,base,0.0015503526932372,0.0,0.0015503526932372,1.1027901213649434,-0.0816568718223998
2023-03-17,Equity-Only Minimum Variance,none,0.0,base,-0.0134901170768109,0.0,-0.0134901170768109,1.0879133535165797,-0.0940454281382006
2023-03-20,Equity-Only Minimum Variance,none,0.0,base,0.0133184978376808,0.0,0.0133184978376808,1.1024027251629742,-0.0819794741318222
2023-03-21,Equity-Only Minimum Variance,none,0.0,base,-0.0013629938434266,0.0,-0.0013629938434266,1.1009001570356003,-0.0832307304567199
2023-03-22,Equity-Only Minimum Variance,none,0.0,base,-0.01472526078985,0.0,-0.01472526078985,1.0846891151196645,-0.0967303970348649
2023-03-23,Equity-Only Minimum Variance,none,0.0,base,0.0057198020776312,0.0,0.0057198020776312,1.0908933221739097,-0.0915638736831638
2023-03-24,Equity-Only Minimum Variance,none,0.0,base,0.0161037519957743,0.0,0.0161037519957743,1.1084607976880445,-0.0769346436009557
2023-03-27,Equity-Only Minimum Variance,none,0.0,base,0.0053791663542854,0.0,0.0053791663542854,1.1144233927160123,-0.0719693214930073
2023-03-28,Equity-Only Minimum Variance,none,0.0,base,-0.0012366023004574,0.0,-0.0012366023004574,1.1130452941848965,-0.0731169263649442
2023-03-29,Equity-Only Minimum Variance,none,0.0,base,0.0064933049406015,0.0,0.0064933049406015,1.1202726366927402,-0.0670983919235499
2023-03-30,Equity-Only Minimum Variance,none,0.0,base,0.0045909378862828,0.0,0.0045909378862828,1.1254157387834989,-0.0628154985868576
2023-03-31,Equity-Only Minimum Variance,none,0.0,base,0.0068651854127231,0.0,0.0068651854127231,1.1331419264966442,-0.056381553218726
2023-04-03,Equity-Only Minimum Variance,none,0.0,base,0.0108487610535896,0.0001078312045493,0.0107409298490402,1.145312924438151,-0.046246213677588
2023-04-04,Equity-Only Minimum Variance,none,0.0,base,0.0055028410541199,0.0,0.0055028410541199,1.1516153994185636,-0.0409978581866905
2023-04-05,Equity-Only Minimum Variance,none,0.0,base,0.0153224033135846,0.0,0.0153224033135846,1.1692609150305897,-0.0263036405912355
2023-04-06,Equity-Only Minimum Variance,none,0.0,base,0.0002163057422824,0.0,0.0002163057422824,1.169513832880737,-0.026093024477456
2023-04-10,Equity-Only Minimum Variance,none,0.0,base,-0.0014233695130341,0.0,-0.0014233695130341,1.1678491825459427,-0.0274792539749463
2023-04-11,Equity-Only Minimum Variance,none,0.0,base,-0.0005034141593136,0.0,-0.0005034141593136,1.1672612707315062,-0.0279688346887216
2023-04-12,Equity-Only Minimum Variance,none,0.0,base,0.0010494632578919,0.0,0.0010494632578919,1.168486268547499,-0.0269487236952017
2023-04-13,Equity-Only Minimum Variance,none,0.0,base,0.00939763327207,0.0,0.00939763327207,1.179467273982758,-0.0178043446455695
2023-04-14,Equity-Only Minimum Variance,none,0.0,base,-0.0042013740863383,0.0,-0.0042013740863383,1.1745118907421626,-0.0219309160196898
2023-04-17,Equity-Only Minimum Variance,none,0.0,base,0.0001487411197379,0.0,0.0001487411197379,1.174686588955937,-0.0217854369289576
2023-04-18,Equity-Only Minimum Variance,none,0.0,base,-0.0018384467339581,0.0,-0.0018384467339581,1.1725269902330466,-0.0235838322975457
2023-04-19,Equity-Only Minimum Variance,none,0.0,base,-0.000795923451662,0.0,-0.000795923451662,1.1715937485038137,-0.024360984824002
2023-04-20,Equity-Only Minimum Variance,none,0.0,base,-0.0050995720684767,0.0,-0.0050995720684767,1.1656191217483414,-0.0293363262947098
2023-04-21,Equity-Only Minimum Variance,none,0.0,base,0.0055121186471318,0.0,0.0055121186471318,1.1720441526447838,-0.0239859129587854
2023-04-24,Equity-Only Minimum Variance,none,0.0,base,0.0019390715031129,0.0,0.0019390715031129,1.1743168300615674,-0.022093351855967
2023-04-25,Equity-Only Minimum Variance,none,0.0,base,-0.0002395562481382,0.0,-0.0002395562481382,1.1740355151276325,-0.0223276155036259
2023-04-26,Equity-Only Minimum Variance,none,0.0,base,-0.0196408109606238,0.0,-0.0196408109606238,1.1509765055139518,-0.0415298939889415
2023-04-27,Equity-Only Minimum Variance,none,0.0,base,0.005091973886212,0.0,0.005091973886212,1.1568372478236726,-0.0366493892384182
2023-04-28,Equity-Only Minimum Variance,none,0.0,base,0.0036073088718207,0.0,0.0036073088718207,1.1610103170909996,-0.0331742860335441
2023-05-01,Equity-Only Minimum Variance,none,0.0,base,0.0012337171207584,9.849515331839144e-05,0.00113522196744,1.162328321507386,-0.0320767242443633
2023-05-02,Equity-Only Minimum Variance,none,0.0,base,-0.0072574372302256,0.0,-0.0072574372302256,1.1538927966731325,-0.0391013666618342
2023-05-03,Equity-Only Minimum Variance,none,0.0,base,-0.0090907564737428,0.0,-0.0090907564737428,1.1434030382617708,-0.047836662133464
2023-05-04,Equity-Only Minimum Variance,none,0.0,base,0.0004956118258554,0.0,0.0004956118258554,1.1439697223292524,-0.0473647587230713
2023-05-05,Equity-Only Minimum Variance,none,0.0,base,0.0108672208968484,0.0,0.0108672208968484,1.156401494001111,-0.0370122611219922
2023-05-08,Equity-Only Minimum Variance,none,0.0,base,-0.0002405232386955,0.0,-0.0002405232386955,1.1561233525685413,-0.0372438820517715
2023-05-09,Equity-Only Minimum Variance,none,0.0,base,-0.004627158188311,0.0,-0.004627158188311,1.1507737869310062,-0.0416987069062821
2023-05-10,Equity-Only Minimum Variance,none,0.0,base,-0.0004668684906456,0.0,-0.0004668684906456,1.150236526910027,-0.0421461075845727
2023-05-11,Equity-Only Minimum Variance,none,0.0,base,-0.0015941245833233,0.0,-0.0015941245833233,1.1484029065858432,-0.043673046021704
2023-05-12,Equity-Only Minimum Variance,none,0.0,base,0.0013524731434243,0.0,0.0013524731434243,1.149956090674831,-0.0423796395001156
2023-05-15,Equity-Only Minimum Variance,none,0.0,base,-0.0029511345176795,0.0,-0.0029511345176795,1.1465624155618246,-0.0452057060008197
2023-05-16,Equity-Only Minimum Variance,none,0.0,base,-0.0148135294063929,0.0,-0.0148135294063929,1.1295777795026347,-0.0593495793520326
2023-05-17,Equity-Only Minimum Variance,none,0.0,base,-0.0014955184288616,0.0,-0.0014955184288616,1.127888475116556,-0.0607563393912281
2023-05-18,Equity-Only Minimum Variance,none,0.0,base,0.0009936864184534,0.0,0.0009936864184534,1.1290092425758094,-0.0598230257220626
2023-05-19,Equity-Only Minimum Variance,none,0.0,base,0.0002508649899843,0.0,0.0002508649899843,1.1292924714681405,-0.0595871682348269
2023-05-22,Equity-Only Minimum Variance,none,0.0,base,-0.0059444326993368,0.0,-0.0059444326993368,1.1225794683736303,-0.0651773890228477
2023-05-23,Equity-Only Minimum Variance,none,0.0,base,-0.0034153173813636,0.0,-0.0034153173813636,1.1187455032033318,-0.0683701049346098
2023-05-24,Equity-Only Minimum Variance,none,0.0,base,-0.0065276474576059,0.0,-0.0065276474576059,1.1114427269636384,-0.0744514564505631
2023-05-25,Equity-Only Minimum Variance,none,0.0,base,-0.012434089888611,0.0,-0.012434089888611,1.0976229481905295,-0.0859598102373299
2023-05-26,Equity-Only Minimum Variance,none,0.0,base,-0.0008730976256303,0.0,-0.0008730976256303,1.096664616200627,-0.0867578565567424
2023-05-30,Equity-Only Minimum Variance,none,0.0,base,-0.0037012253760534,0.0,-0.0037012253760534,1.0926056132941253,-0.0901379715525361
2023-05-31,Equity-Only Minimum Variance,none,0.0,base,0.0068286098479958,0.0,0.0068286098479958,1.100066590745041,-0.083924878744762
2023-06-01,Equity-Only Minimum Variance,none,0.0,base,-0.0010998260280468,0.0002050869648682,-0.0013049129929151,1.0986310995577062,-0.0851202770729744
2023-06-02,Equity-Only Minimum Variance,none,0.0,base,0.0127549509998377,0.0,0.0127549509998377,1.1126440853994626,-0.073451031036295
2023-06-05,Equity-Only Minimum Variance,none,0.0,base,0.0011244309783005,0.0,0.0011244309783005,1.1138951768769083,-0.0724091906726799
2023-06-06,Equity-Only Minimum Variance,none,0.0,base,-0.0065657826041959,0.0,-0.0065657826041959,1.1065815833016723,-0.0784995502723733
2023-06-07,Equity-Only Minimum Variance,none,0.0,base,0.0004671868899272,0.0,0.0004671868899272,1.107098563710026,-0.0780690373431983
2023-06-08,Equity-Only Minimum Variance,none,0.0,base,0.0060496934325826,0.0,0.0060496934325826,1.113796170620124,-0.072491637653119
2023-06-09,Equity-Only Minimum Variance,none,0.0,base,0.0001065647186439,0.0,0.0001065647186439,1.113914861995673,-0.0723927979854456
2023-06-12,Equity-Only Minimum Variance,none,0.0,base,-0.0025692369060048,0.0,-0.0025692369060048,1.1110529508220863,-0.0747760406431372
2023-06-13,Equity-Only Minimum Variance,none,0.0,base,0.0064023397570414,0.0,0.0064023397570414,1.118166289301313,-0.0688524425039797
2023-06-14,Equity-Only Minimum Variance,none,0.0,base,0.0022622709521375,0.0,0.0022622709521375,1.1206958844172583,-0.0667459344325025
2023-06-15,Equity-Only Minimum Variance,none,0.0,base,0.0096475425163528,0.0,0.0096475425163528,1.1315078456100758,-0.0577423261563808
2023-06-16,Equity-Only Minimum Variance,none,0.0,base,0.0008231093203363,0.0,0.0008231093203363,1.132439200263831,-0.0569667450828818
2023-06-20,Equity-Only Minimum Variance,none,0.0,base,-0.0076466814569626,0.0,-0.0076466814569626,1.123779798430036,-0.0641778199865557
2023-06-21,Equity-Only Minimum Variance,none,0.0,base,-0.0011827238424458,0.0,-0.0011827238424458,1.1224506772687737,-0.0652846391911473
2023-06-22,Equity-Only Minimum Variance,none,0.0,base,0.0080435803030762,0.0,0.0080435803030762,1.1314791994276274,-0.0577661811259624
2023-06-23,Equity-Only Minimum Variance,none,0.0,base,-0.0052556278622658,0.0,-0.0052556278622658,1.1255325658215414,-0.0627182114372059
2023-06-26,Equity-Only Minimum Variance,none,0.0,base,0.0003233957612494,0.0,0.0003233957612494,1.1258965582824765,-0.0624150984796884
2023-06-27,Equity-Only Minimum Variance,none,0.0,base,0.0025566407063177,0.0,0.0025566407063177,1.1287750712544844,-0.0600180307548325
2023-06-28,Equity-Only Minimum Variance,none,0.0,base,-0.0040196688541975,0.0,-0.0040196688541975,1.124237769257168,-0.0637964470001146
2023-06-29,Equity-Only Minimum Variance,none,0.0,base,-0.0011577056107819,0.0,-0.0011577056107819,1.122936232883846,-0.0648802951062565
2023-06-30,Equity-Only Minimum Variance,none,0.0,base,0.0066248006543155,0.0,0.0066248006543155,1.1303754615742097,-0.0586853134734132
2023-07-03,Equity-Only Minimum Variance,none,0.0,base,0.003604360471154,0.0001571735771439,0.00344718689401,1.1342720770506587,-0.0554404258228796
2023-07-05,Equity-Only Minimum Variance,none,0.0,base,0.0020999739262256,0.0,0.0020999739262256,1.136654018837711,-0.0534568753453408
2023-07-06,Equity-Only Minimum Variance,none,0.0,base,-0.0081311554911263,0.0,-0.0081311554911263,1.1274117082709278,-0.0611533646709645
2023-07-07,Equity-Only Minimum Variance,none,0.0,base,-0.0138664416384665,0.0,-0.0138664416384665,1.111778519615665,-0.0741718267472253
2023-07-10,Equity-Only Minimum Variance,none,0.0,base,0.0005821917262811,0.0,0.0005821917262811,1.1124257878712425,-0.0736328172447995
2023-07-11,Equity-Only Minimum Variance,none,0.0,base,0.0092123173269121,0.0,0.0092123173269121,1.1226738072317526,-0.065098828796021
2023-07-12,Equity-Only Minimum Variance,none,0.0,base,-0.0026243358517172,0.0,-0.0026243358517172,1.1197275341096504,-0.067552323457424
2023-07-13,Equity-Only Minimum Variance,none,0.0,base,0.0017028264057028,0.0,0.0017028264057028,1.1216342357219249,-0.065964526931871
2023-07-14,Equity-Only Minimum Variance,none,0.0,base,0.0033730481724854,0.0,0.0033730481724854,1.1254175620309237,-0.0628139802864021
2023-07-17,Equity-Only Minimum Variance,none,0.0,base,-0.0049083282365159,0.0,-0.0049083282365159,1.1198936432333364,-0.0674139968898304
2023-07-18,Equity-Only Minimum Variance,none,0.0,base,0.0007415281760097,0.0,0.0007415281760097,1.120724075923928,-0.0667224580919718
2023-07-19,Equity-Only Minimum Variance,none,0.0,base,0.0076663604889882,0.0,0.0076663604889882,1.129315950698649,-0.0595676160194282
2023-07-20,Equity-Only Minimum Variance,none,0.0,base,0.0154632312044166,0.0,0.0154632312044166,1.146778824347138,-0.0450254926338158
2023-07-21,Equity-Only Minimum Variance,none,0.0,base,0.0058583810491222,0.0,0.0058583810491222,1.1534970916792278,-0.039430888077467
2023-07-24,Equity-Only Minimum Variance,none,0.0,base,0.0011851617269506,0.0,0.0011851617269506,1.1548641722844348,-0.0382924583299255
2023-07-25,Equity-Only Minimum Variance,none,0.0,base,-0.0026334887222002,0.0,-0.0026334887222002,1.1518228505110506,-0.0408251042949686
2023-07-26,Equity-Only Minimum Variance,none,0.0,base,0.0034997798408041,0.0,0.0034997798408041,1.1558539769034466,-0.0374682033311748
2023-07-27,Equity-Only Minimum Variance,none,0.0,base,-0.0069184242641553,0.0,-0.0069184242641553,1.1478572887038174,-0.0441274066682694
2023-07-28,Equity-Only Minimum Variance,none,0.0,base,0.0025527583241747,0.0,0.0025527583241747,1.1507874909525206,-0.0416872949487914
2023-07-31,Equity-Only Minimum Variance,none,0.0,base,-0.0042457894879096,0.0,-0.0042457894879096,1.1459014895206163,-0.045756088958028
2023-08-01,Equity-Only Minimum Variance,none,0.0,base,-0.0053839901536128,5.2461519821958886e-05,-0.0054364516734348,1.1396718514503206,-0.0509437898650773
2023-08-02,Equity-Only Minimum Variance,none,0.0,base,-0.0085401980620127,0.0,-0.0085401980620127,1.129938828113234,-0.0590489178716127
2023-08-03,Equity-Only Minimum Variance,none,0.0,base,-0.0068489589342215,0.0,-0.0068489589342215,1.122199923481304,-0.0654934531922214
2023-08-04,Equity-Only Minimum Variance,none,0.0,base,-0.0059566719809597,0.0,-0.0059566719809597,1.1155153466400678,-0.0710600021556148
2023-08-07,Equity-Only Minimum Variance,none,0.0,base,0.0118190937291715,0.0,0.0118190937291715,1.128699727078336,-0.0600807732523155
2023-08-08,Equity-Only Minimum Variance,none,0.0,base,-0.003761834399083,0.0,-0.003761834399083,1.124453745618777,-0.0636165937318545
2023-08-09,Equity-Only Minimum Variance,none,0.0,base,0.002259772544185,0.0,0.002259772544185,1.1269947553203326,-0.0615005802195393
2023-08-10,Equity-Only Minimum Variance,none,0.0,base,-0.0020413562676127,0.0,-0.0020413562676127,1.1246941575129927,-0.063416391892259
2023-08-11,Equity-Only Minimum Variance,none,0.0,base,0.0061811000198826,0.0,0.0061811000198826,1.1316460045923582,-0.0576272749335624
2023-08-14,Equity-Only Minimum Variance,none,0.0,base,-0.0005990178893551,0.0,-0.0005990178893551,1.13096812839119,-0.0581917730543176
2023-08-15,Equity-Only Minimum Variance,none,0.0,base,-0.0063200678028255,0.0,-0.0063200678028255,1.1238203331369232,-0.0641440649058731
2023-08-16,Equity-Only Minimum Variance,none,0.0,base,-0.0026116391311186,0.0,-0.0026116391311186,1.120885319978556,-0.0665881828870545
2023-08-17,Equity-Only Minimum Variance,none,0.0,base,-0.0053946670116139,0.0,-0.0053946670116139,1.114838516919065,-0.0716236288250844
2023-08-18,Equity-Only Minimum Variance,none,0.0,base,0.0038132222946187,0.0,0.0038132222946187,1.1190896440066809,-0.068083523348723
2023-08-21,Equity-Only Minimum Variance,none,0.0,base,-0.0031985599111916,0.0,-0.0031985599111916,1.1155101687343314,-0.0710643140315187
2023-08-22,Equity-Only Minimum Variance,none,0.0,base,-0.0060620786070562,0.0,-0.0060620786070562,1.1087478584044932,-0.0766955951807594
2023-08-23,Equity-Only Minimum Variance,none,0.0,base,0.0107004484477983,0.0,0.0107004484477983,1.1206119577049574,-0.066815823995366
2023-08-24,Equity-Only Minimum Variance,none,0.0,base,-0.0092871952381365,0.0,-0.0092871952381365,1.110204615667561,-0.0754824876310606
2023-08-25,Equity-Only Minimum Variance,none,0.0,base,0.0026701085367241,0.0,0.0026701085367241,1.1131689824893656,-0.0730139255289332
2023-08-28,Equity-Only Minimum Variance,none,0.0,base,0.0028556713268234,0.0,0.0028556713268234,1.1163478272345695,-0.0703667579757015
2023-08-29,Equity-Only Minimum Variance,none,0.0,base,0.0052755904635908,0.0,0.0052755904635908,1.1222372211859788,-0.0654623937094411
2023-08-30,Equity-Only Minimum Variance,none,0.0,base,0.0017757199764866,0.0,0.0017757199764866,1.1242300002379957,-0.0638029166131729
2023-08-31,Equity-Only Minimum Variance,none,0.0,base,-0.005262475916355,0.0,-0.005262475916355,1.1183137669372996,-0.0687296312174577
2023-09-01,Equity-Only Minimum Variance,none,0.0,base,-2.057023137710121e-05,0.0001181493633014,-0.0001387195946785,1.1181586349048265,-0.0688588166655514
2023-09-05,Equity-Only Minimum Variance,none,0.0,base,-0.0093050932788327,0.0,-0.0093050932788327,1.1077540645065047,-0.0775231722322413
2023-09-06,Equity-Only Minimum Variance,none,0.0,base,-0.0024849222836654,0.0,-0.0024849222836654,1.1050013817467914,-0.0798154554577265
2023-09-07,Equity-Only Minimum Variance,none,0.0,base,0.0056277030389498,0.0,0.0056277030389498,1.1112200013808915,-0.0746369301000112
2023-09-08,Equity-Only Minimum Variance,none,0.0,base,0.0036908341927456,0.0,0.0036908341927456,1.1153213301576512,-0.0712215684409202
2023-09-11,Equity-Only Minimum Variance,none,0.0,base,0.0036418650860393,0.0,0.0036418650860393,1.1193831799696672,-0.0678390826983589
2023-09-12,Equity-Only Minimum Variance,none,0.0,base,-0.0018112796293228,0.0,-0.0018112796293228,1.1173556640183815,-0.0695274867791183
2023-09-13,Equity-Only Minimum Variance,none,0.0,base,0.0002753062293864,0.0,0.0002753062293864,1.117663278993126,-0.0692713218999557
2023-09-14,Equity-Only Minimum Variance,none,0.0,base,0.0088812630382875,0.0,0.0088812630382875,1.1275895405620988,-0.0610052756924716
2023-09-15,Equity-Only Minimum Variance,none,0.0,base,-0.0088940381249637,0.0,-0.0088940381249637,1.1175607161990293,-0.0693567305696025
2023-09-18,Equity-Only Minimum Variance,none,0.0,base,0.0010292626092377,0.0,0.0010292626092377,1.118710979657766,-0.0683988542498388
2023-09-19,Equity-Only Minimum Variance,none,0.0,base,0.0002004823546334,0.0,0.0002004823546334,1.1189352614691224,-0.0682120846585595
2023-09-20,Equity-Only Minimum Variance,none,0.0,base,0.0017212134055354,0.0,0.0017212134055354,1.1208611878410892,-0.0666082788075579
2023-09-21,Equity-Only Minimum Variance,none,0.0,base,-0.0139317787484267,0.0,-0.0139317787484267,1.1052455977643885,-0.0796120857528241
2023-09-22,Equity-Only Minimum Variance,none,0.0,base,-0.00143401376881,0.0,-0.00143401376881,1.1036606603592776,-0.0809319346945011
2023-09-25,Equity-Only Minimum Variance,none,0.0,base,-0.0015897729695184,0.0,-0.0015897729695184,1.1019060904739175,-0.0823930442618714
2023-09-26,Equity-Only Minimum Variance,none,0.0,base,-0.0061986013012889,0.0,-0.0061986013012889,1.0950758139476078,-0.0880809239317814
2023-09-27,Equity-Only Minimum Variance,none,0.0,base,-0.0063477698549829,0.0,-0.0063477698549829,1.0881245247069102,-0.0938695763530311
2023-09-28,Equity-Only Minimum Variance,none,0.0,base,0.0021426865757294,0.0,0.0021426865757294,1.0904560345187218,-0.0919280228584228
2023-09-29,Equity-Only Minimum Variance,none,0.0,base,-0.0047532158200428,0.0,-0.0047532158200428,1.085272861644386,-0.0962442849459097
2023-10-02,Equity-Only Minimum Variance,none,0.0,base,-0.0071265792893711,0.0001134648963734,-0.0072400441857445,1.0774154381724914,-0.1027875162560204
2023-10-03,Equity-Only Minimum Variance,none,0.0,base,-0.0082758899939604,0.0,-0.0082758899939604,1.0684988665283812,-0.1102127480726936
2023-10-04,Equity-Only Minimum Variance,none,0.0,base,0.0055259964862496,0.0,0.0055259964862496,1.074403387510379,-0.1052957868450334
2023-10-05,Equity-Only Minimum Variance,none,0.0,base,-0.0131957826730514,0.0,-0.0131957826730514,1.0602257939056017,-0.1171021091984899
2023-10-06,Equity-Only Minimum Variance,none,0.0,base,0.0051563044907373,0.0,0.0051563044907373,1.0656926409279126,-0.1125496188392877
2023-10-09,Equity-Only Minimum Variance,none,0.0,base,0.0041834795883838,0.0,0.0041834795883838,1.0701509443387256,-0.1088369882839982
2023-10-10,Equity-Only Minimum Variance,none,0.0,base,0.0104174928337075,0.0,0.0104174928337075,1.0812992341323595,-0.0995533039957816
2023-10-11,Equity-Only Minimum Variance,none,0.0,base,0.0019381944925862,0.0,0.0019381944925862,1.0833950023527923,-0.0978080631687188
2023-10-12,Equity-Only Minimum Variance,none,0.0,base,-0.004780874773355,0.0,-0.004780874773355,1.0782154265164652,-0.1021213298402398
2023-10-13,Equity-Only Minimum Variance,none,0.0,base,0.0026627966576634,0.0,0.0026627966576634,1.0810864949504344,-0.099730461518351
2023-10-16,Equity-Only Minimum Variance,none,0.0,base,0.00622533312212,0.0,0.00622533312212,1.087816618515326,-0.0941259837416055
2023-10-17,Equity-Only Minimum Variance,none,0.0,base,0.0050040018632589,0.0,0.0050040018632589,1.0932600549012603,-0.0895929884763707
2023-10-18,Equity-Only Minimum Variance,none,0.0,base,-0.0066023470757018,0.0,-0.0066023470757018,1.0860419725748016,-0.0956038115466022
2023-10-19,Equity-Only Minimum Variance,none,0.0,base,-0.004862649392513,0.0,-0.004862649392513,1.080760931236617,-0.1000015731229763
2023-10-20,Equity-Only Minimum Variance,none,0.0,base,0.0001008559792618,0.0,0.0001008559792618,1.080869932438685,-0.0999108029002994
2023-10-23,Equity-Only Minimum Variance,none,0.0,base,-0.0044541439447524,0.0,-0.0044541439447524,1.0760555821740485,-0.1039199297472981
2023-10-24,Equity-Only Minimum Variance,none,0.0,base,0.0154765530635974,0.0,0.0154765530635974,1.092709213490945,-0.0900516989908001
2023-10-25,Equity-Only Minimum Variance,none,0.0,base,-0.0012550548107374,0.0,-0.0012550548107374,1.091337803535816,-0.091193733983504
2023-10-26,Equity-Only Minimum Variance,none,0.0,base,-0.0025267053063204,0.0,-0.0025267053063204,1.0885803145166342,-0.0934900195982652
2023-10-27,Equity-Only Minimum Variance,none,0.0,base,-0.0162081920016619,0.0,-0.0162081920016619,1.0709363957697189,-0.1081829074120394
2023-10-30,Equity-Only Minimum Variance,none,0.0,base,0.0057890384814081,0.0,0.0057890384814081,1.0771360877759704,-0.10302014394467
2023-10-31,Equity-Only Minimum Variance,none,0.0,base,0.005503999511966,0.0,0.005503999511966,1.0830646442774103,-0.0980831672546982
2023-11-01,Equity-Only Minimum Variance,none,0.0,base,0.0040003417271351,0.0001707374330686,0.0038296042940665,1.0872123532898863,-0.0946291826791261
2023-11-02,Equity-Only Minimum Variance,none,0.0,base,0.0146524048608636,0.0,0.0146524048608636,1.103142628860022,-0.0813633229145297
2023-11-03,Equity-Only Minimum Variance,none,0.0,base,0.0017238865809114,0.0,0.0017238865809114,1.1050443216347454,-0.0797796974741689
2023-11-06,Equity-Only Minimum Variance,none,0.0,base,0.0009226951363061,0.0,0.0009226951363061,1.1060639406557204,-0.0789306146766982
2023-11-07,Equity-Only Minimum Variance,none,0.0,base,0.0014765543481146,0.0,0.0014765543481146,1.1076971041765886,-0.0775706056708837
2023-11-08,Equity-Only Minimum Variance,none,0.0,base,-0.0008129720116589,0.0,-0.0008129720116589,1.1067965774334974,-0.0783205149512048
2023-11-09,Equity-Only Minimum Variance,none,0.0,base,-0.0099260209483312,0.0,-0.0099260209483312,1.0958104914203513,-0.0874691248274461
2023-11-10,Equity-Only Minimum Variance,none,0.0,base,0.0048627917602034,0.0,0.0048627917602034,1.1011391896487748,-0.0830316772067257
2023-11-13,Equity-Only Minimum Variance,none,0.0,base,0.0031586115564861,0.0,0.0031586115564861,1.1046172606184992,-0.0801353304654192
2023-11-14,Equity-Only Minimum Variance,none,0.0,base,0.0075031029611393,0.0,0.0075031029611393,1.1129053176575716,-0.0732334911395866
2023-11-15,Equity-Only Minimum Variance,none,0.0,base,0.0034274786968992,0.0,0.0034274786968992,1.1167197769255088,-0.0700570186734679
2023-11-16,Equity-Only Minimum Variance,none,0.0,base,-0.0146628047533002,0.0,-0.0146628047533002,1.100345532872301,-0.0836925910403608
2023-11-17,Equity-Only Minimum Variance,none,0.0,base,1.4308149217501242e-05,0.0,1.4308149217501242e-05,1.100361276780376,-0.0836794803772243
2023-11-20,Equity-Only Minimum Variance,none,0.0,base,0.0041084635752413,0.0,0.0041084635752413,1.1048820710056342,-0.0799148108991081
2023-11-21,Equity-Only Minimum Variance,none,0.0,base,0.0032624860123113,0.0,0.0032624860123113,1.1084867333075437,-0.0769130458395316
2023-11-22,Equity-Only Minimum Variance,none,0.0,base,-0.000732675983327,0.0,-0.000732675983327,1.1076745717002126,-0.0775893694813675
2023-11-24,Equity-Only Minimum Variance,none,0.0,base,0.0044392299374646,0.0,0.0044392299374646,1.1125917938198726,-0.0734945765957335
2023-11-27,Equity-Only Minimum Variance,none,0.0,base,0.0004531600960686,0.0,0.0004531600960686,1.1130959760240453,-0.0730747213090554
2023-11-28,Equity-Only Minimum Variance,none,0.0,base,-0.0004033195320078,0.0,-0.0004033195320078,1.1126470426759156,-0.0734485683786632
2023-11-29,Equity-Only Minimum Variance,none,0.0,base,-0.0016564684681158,0.0,-0.0016564684681158,1.1108039779335803,-0.0749833716092315
2023-11-30,Equity-Only Minimum Variance,none,0.0,base,0.0089129791116237,0.0,0.0089129791116237,1.1207045505860112,-0.0667387177224799
2023-12-01,Equity-Only Minimum Variance,none,0.0,base,0.0034279034514012,0.0001391031976905,0.0032888002537107,1.1243903239963131,-0.0636694077805472
2023-12-04,Equity-Only Minimum Variance,none,0.0,base,0.0013259505468777,0.0,0.0013259505468777,1.1258812099613205,-0.0624278797197352
2023-12-05,Equity-Only Minimum Variance,none,0.0,base,0.0030475142072904,0.0,0.0030475142072904,1.1293123489443988,-0.0595706153628218
2023-12-06,Equity-Only Minimum Variance,none,0.0,base,-0.0030148345101448,0.0,-0.0030148345101448,1.1259076591020685,-0.0624058543259803
2023-12-07,Equity-Only Minimum Variance,none,0.0,base,0.0002463203529118,0.0,0.0002463203529118,1.1261849930740049,-0.0621749058051298
2023-12-08,Equity-Only Minimum Variance,none,0.0,base,-0.0021372610307394,0.0,-0.0021372610307394,1.123778041774904,-0.0641792828326019
2023-12-11,Equity-Only Minimum Variance,none,0.0,base,0.0065107633965209,0.0,0.0065107633965209,1.1310946947151062,-0.0580863755615624
2023-12-12,Equity-Only Minimum Variance,none,0.0,base,0.0037938443762524,0.0,0.0037938443762524,1.13538589196166,-0.0545129018545712
2023-12-13,Equity-Only Minimum Variance,none,0.0,base,0.0148600861040835,0.0,0.0148600861040835,1.1522578240775718,-0.0404628821658301
2023-12-14,Equity-Only Minimum Variance,none,0.0,base,-0.0031180717013877,0.0,-0.0031180717013877,1.1486650015636128,-0.0434547876993801
2023-12-15,Equity-Only Minimum Variance,none,0.0,base,-0.0043121925753031,0.0,-0.0043121925753031,1.1437117368723595,-0.0475795948618045
2023-12-18,Equity-Only Minimum Variance,none,0.0,base,0.0037650362907488,0.0,0.0037650362907488,1.1480178530678395,-0.0439936974724095
2023-12-19,Equity-Only Minimum Variance,none,0.0,base,0.0039064620239189,0.0,0.0039064620239189,1.1525025412136298,-0.0402590951569584
2023-12-20,Equity-Only Minimum Variance,none,0.0,base,-0.0130587794253567,0.0,-0.0130587794253567,1.137452264740758,-0.052792139938796
2023-12-21,Equity-Only Minimum Variance,none,0.0,base,0.0076234445716636,0.0,0.0076234445716636,1.1461235690339224,-0.0455711533197753
2023-12-22,Equity-Only Minimum Variance,none,0.0,base,0.0065665247361672,0.0,0.0065665247361672,1.153649617800688,-0.0393038726891379
2023-12-26,Equity-Only Minimum Variance,none,0.0,base,0.0032897970122992,0.0,0.0032897970122992,1.1574448908665689,-0.0361433774397832
2023-12-27,Equity-Only Minimum Variance,none,0.0,base,0.0037155265712709,0.0,0.0037155265712709,1.1617454081133654,-0.0325621425477653
2023-12-28,Equity-Only Minimum Variance,none,0.0,base,0.0019154307513545,0.0,0.0019154307513545,1.1639706509933103,-0.0307090823255768
2023-12-29,Equity-Only Minimum Variance,none,0.0,base,-0.0002563257538939,0.0,-0.0002563257538939,1.1636722953386842,-0.0309575365507923
2021-01-04,Extended Sentiment Momentum,extended,1.0,momentum,0.0036585018669603297,0.001,0.0026585018669603297,1.0026585018669603,0.0
2021-01-05,Extended Sentiment Momentum,extended,1.0,momentum,0.0011315269948206758,0.0,0.0011315269948206758,1.0037930370284092,0.0
2021-01-06,Extended Sentiment Momentum,extended,1.0,momentum,0.00645081956808804,0.0,0.00645081956808804,1.0102683247939825,0.0
2021-01-07,Extended Sentiment Momentum,extended,1.0,momentum,0.006118095799086237,0.0,0.006118095799086237,1.0164492431878545,0.0
2021-01-08,Extended Sentiment Momentum,extended,1.0,momentum,-0.002735540995351047,0.0,-0.002735540995351047,1.0136687046134205,-0.0027355409953511156
2021-01-11,Extended Sentiment Momentum,extended,1.0,momentum,0.00023090331503908864,0.0,0.00023090331503908864,1.0139027640776672,-0.0025052693257962
2021-01-12,Extended Sentiment Momentum,extended,1.0,momentum,0.0013553722066467003,0.0,0.0013553722066467003,1.0152769797043402,-0.0011532926915639452
2021-01-13,Extended Sentiment Momentum,extended,1.0,momentum,-0.001733849893129913,0.0,-0.001733849893129913,1.0135166418215824,-0.002885142948284014
2021-01-14,Extended Sentiment Momentum,extended,1.0,momentum,0.00400154492108192,0.0,0.00400154492108192,1.0175722741920956,0.0
2021-01-15,Extended Sentiment Momentum,extended,1.0,momentum,-0.005385463582448695,0.0,-0.005385463582448695,1.0120921757669246,-0.005385463582448735
2021-01-19,Extended Sentiment Momentum,extended,1.0,momentum,0.010192096674957797,0.0,0.010192096674957797,1.0224075170663094,0.0
2021-01-20,Extended Sentiment Momentum,extended,1.0,momentum,0.015018515193836564,0.0,0.015018515193836564,1.0377625598956624,0.0
2021-01-21,Extended Sentiment Momentum,extended,1.0,momentum,-0.00956040336318073,0.0,-0.00956040336318073,1.0278411312278528,-0.009560403363180758
2021-01-22,Extended Sentiment Momentum,extended,1.0,momentum,-0.000514096378700359,0.0,-0.000514096378700359,1.0273127218244094,-0.010069584773133133
2021-01-25,Extended Sentiment Momentum,extended,1.0,momentum,0.0034742937740107767,0.0,0.0034742937740107767,1.030881908017806,-0.006630275694806453
2021-01-26,Extended Sentiment Momentum,extended,1.0,momentum,-0.0023759902763751,0.0,-0.0023759902763751,1.0284325426282646,-0.008990512500601122
2021-01-27,Extended Sentiment Momentum,extended,1.0,momentum,-0.021807818831393783,0.0,-0.021807818831393783,1.0060046720583176,-0.03060226786418052
2021-01-28,Extended Sentiment Momentum,extended,1.0,momentum,0.0005502764802106968,0.0,0.0005502764802106968,1.0065582527683334,-0.030068831092216586
2021-01-29,Extended Sentiment Momentum,extended,1.0,momentum,-0.010214089325351582,0.0,-0.010214089325351582,0.9962771768633878,-0.039975794690883415
2021-02-01,Extended Sentiment Momentum,extended,1.0,momentum,0.0007129727096469288,5.63346954602819e-05,0.0006566380141866468,0.9969313703303828,-0.0393454063031381
2021-02-02,Extended Sentiment Momentum,extended,1.0,momentum,0.0063736168857759425,0.0,0.0063736168857759425,1.0032854289462803,-0.0332225619633536
2021-02-03,Extended Sentiment Momentum,extended,1.0,momentum,-0.002351899338505759,0.0,-0.002351899338505759,1.000925802609609,-0.03549632518035428
2021-02-04,Extended Sentiment Momentum,extended,1.0,momentum,0.002457333928236338,0.0,0.002457333928236338,1.0033854115440088,-0.03312621757631129
2021-02-05,Extended Sentiment Momentum,extended,1.0,momentum,0.01447286463212567,0.0,0.01447286463212567,1.017907272779135,-0.019132784206941977
2021-02-08,Extended Sentiment Momentum,extended,1.0,momentum,0.002898363438622299,0.0,0.002898363438622299,1.0208575380024658,-0.01628987453054409
2021-02-09,Extended Sentiment Momentum,extended,1.0,momentum,-0.0011021885639755516,0.0,-0.0011021885639755516,1.0197323604986313,-0.017374108581103442
2021-02-10,Extended Sentiment Momentum,extended,1.0,momentum,-0.007146165987891993,0.0,-0.007146165987891993,1.0124451837872832,-0.024396116305183124
2021-02-11,Extended Sentiment Momentum,extended,1.0,momentum,-0.004873339709041713,0.0,-0.004873339709041713,1.0075111944699047,-0.02915056545188832
2021-02-12,Extended Sentiment Momentum,extended,1.0,momentum,0.0042176611277099235,0.0,0.0042176611277099235,1.011760535270553,-0.02505585153093559
2021-02-16,Extended Sentiment Momentum,extended,1.0,momentum,-0.008995766618608968,0.0,-0.008995766618608968,1.0026589736213403,-0.03382622155674164
2021-02-17,Extended Sentiment Momentum,extended,1.0,momentum,0.00692849956183725,0.0,0.00692849956183725,1.009605895880748,-0.02713208695613889
2021-02-18,Extended Sentiment Momentum,extended,1.0,momentum,-0.011785470867110391,0.0,-0.011785470867110391,0.9977072150075825,-0.038597793402863734
2021-02-19,Extended Sentiment Momentum,extended,1.0,momentum,-0.007290910868354218,0.0,-0.007290910868354218,0.9904330206302483,-0.04560729119980256
2021-02-22,Extended Sentiment Momentum,extended,1.0,momentum,0.001643962092291845,0.0,0.001643962092291845,0.9920612549711186,-0.04403830576537526
2021-02-23,Extended Sentiment Momentum,extended,1.0,momentum,-0.006951037232744448,0.0,-0.006951037232744448,0.9851654002506511,-0.05068323109507766
2021-02-24,Extended Sentiment Momentum,extended,1.0,momentum,-0.000593725515581415,0.0,-0.000593725515581415,0.9845804824154543,-0.051246864683145876
2021-02-25,Extended Sentiment Momentum,extended,1.0,momentum,-0.00887642416624977,0.0,-0.00887642416624977,0.9758409284277239,-0.059668399941277706
2021-02-26,Extended Sentiment Momentum,extended,1.0,momentum,-0.017374275392478405,0.0,-0.017374275392478405,0.9588863993979688,-0.07600598012094772
2021-03-01,Extended Sentiment Momentum,extended,1.0,momentum,0.008962538391375913,9.621381264954577e-05,0.008866324578726367,0.9673881974491575,-0.06781354923189786
2021-03-02,Extended Sentiment Momentum,extended,1.0,momentum,0.004921845968547421,0.0,0.004921845968547421,0.9721495331487929,-0.06322547110725041
2021-03-03,Extended Sentiment Momentum,extended,1.0,momentum,-0.013231357188966734,0.0,-0.013231357188966734,0.959286675434614,-0.07562026950455647
2021-03-04,Extended Sentiment Momentum,extended,1.0,momentum,-0.002739491153404457,0.0,-0.002739491153404457,0.9566587180736821,-0.07815259959863508
2021-03-05,Extended Sentiment Momentum,extended,1.0,momentum,0.015459747514103174,0.0,0.015459747514103174,0.9714484203122669,-0.06390107154189761
2021-03-08,Extended Sentiment Momentum,extended,1.0,momentum,-0.0050281700772889975,0.0,-0.0050281700772889975,0.9665638124336231,-0.06860793616335281
2021-03-09,Extended Sentiment Momentum,extended,1.0,momentum,0.006917666218181076,0.0,0.006917666218181076,0.9732501782666115,-0.06216487674746807
2021-03-10,Extended Sentiment Momentum,extended,1.0,momentum,0.009541009711508081,0.0,0.009541009711508081,0.9825359676691803,-0.05321698272872222
2021-03-11,Extended Sentiment Momentum,extended,1.0,momentum,-0.0004424342040845906,0.0,-0.0004424342040845906,0.98210126015034,-0.05363587191940955
2021-03-12,Extended Sentiment Momentum,extended,1.0,momentum,0.005215800591699514,0.0,0.005215800591699514,0.9872237044841411,-0.04869982534020356
2021-03-15,Extended Sentiment Momentum,extended,1.0,momentum,0.013897227174487096,0.0,0.013897227174487096,1.0009433765773958,-0.03547939070182715
2021-03-16,Extended Sentiment Momentum,extended,1.0,momentum,0.0050785972684738966,0.0,0.0050785972684738966,1.006026764875579,-0.030580978970058514
2021-03-17,Extended Sentiment Momentum,extended,1.0,momentum,-0.009781537573365676,0.0,-0.009781537573365676,0.996186276275137,-0.040063387548598284
2021-03-18,Extended Sentiment Momentum,extended,1.0,momentum,-0.0077397166436465985,0.0,-0.0077397166436465985,0.9884760767724781,-0.04749302492483409
2021-03-19,Extended Sentiment Momentum,extended,1.0,momentum,-0.002586845129266613,0.0,-0.002586845129266613,0.9859190422478825,-0.04995701295389976
2021-03-22,Extended Sentiment Momentum,extended,1.0,momentum,0.00917196082864043,0.0,0.00917196082864043,0.9949618530835909,-0.04124325589118838
2021-03-23,Extended Sentiment Momentum,extended,1.0,momentum,2.257445960321229e-05,0.0,2.257445960321229e-05,0.99498431380975,-0.04122161247579914
2021-03-24,Extended Sentiment Momentum,extended,1.0,momentum,-0.006202469047115556,0.0,-0.006202469047115556,0.9888129544009796,-0.047168405747461284
2021-03-25,Extended Sentiment Momentum,extended,1.0,momentum,0.002438251364280928,0.0,0.002438251364280928,0.9912239289360664,-0.04484516281284523
2021-03-26,Extended Sentiment Momentum,extended,1.0,momentum,0.017250572454334492,0.0,0.017250572454334492,1.0083231091406482,-0.02836819508884003
2021-03-29,Extended Sentiment Momentum,extended,1.0,momentum,0.010907696392901492,0.0,0.010907696392901492,1.019321591481101,-0.01776993035518215
2021-03-30,Extended Sentiment Momentum,extended,1.0,momentum,-0.009527583522854023,0.0,-0.009527583522854023,1.0096099198816162,-0.027128209382381918
2021-03-31,Extended Sentiment Momentum,extended,1.0,momentum,0.0013742547775430377,0.0,0.0013742547775430377,1.0109973811374684,-0.025791235676188684
2021-04-01,Extended Sentiment Momentum,extended,1.0,momentum,0.008058665931148592,0.0003058565773143629,0.007752809353834229,1.0188354510906528,-0.01823838085555185
2021-04-05,Extended Sentiment Momentum,extended,1.0,momentum,0.011740597655219813,0.0,0.011740597655219813,1.0307971881987825,-0.006711912691839794
2021-04-06,Extended Sentiment Momentum,extended,1.0,momentum,0.0005246564249626116,0.0,0.0005246564249626116,1.0313380025664043,-0.006190777714994877
2021-04-07,Extended Sentiment Momentum,extended,1.0,momentum,-0.0008605679471298962,0.0,-0.0008605679471298962,1.0304504661387388,-0.007046018077255245
2021-04-08,Extended Sentiment Momentum,extended,1.0,momentum,-0.00032158986970028515,0.0,-0.00032158986970028515,1.0301190837076006,-0.007365342018920251
2021-04-09,Extended Sentiment Momentum,extended,1.0,momentum,0.0035476507394422148,0.0,0.0035476507394422148,1.0337735864366295,-0.00384382094053759
2021-04-12,Extended Sentiment Momentum,extended,1.0,momentum,0.0013602013466171542,0.0,0.0013602013466171542,1.035179726660998,-0.002488847964339902
2021-04-13,Extended Sentiment Momentum,extended,1.0,momentum,0.0020078375709118136,0.0,0.0020078375709118136,1.0372581994088341,-0.00048600759587913434
2021-04-14,Extended Sentiment Momentum,extended,1.0,momentum,-0.0026058286865651504,0.0,-0.0026058286865651504,1.0345552822374398,-0.0030905698299089623
2021-04-15,Extended Sentiment Momentum,extended,1.0,momentum,0.00709244398690209,0.0,0.00709244398690209,1.0418928076280625,0.0
2021-04-16,Extended Sentiment Momentum,extended,1.0,momentum,0.0017325764985249023,0.0,0.0017325764985249023,1.043697966620541,0.0
2021-04-19,Extended Sentiment Momentum,extended,1.0,momentum,-0.0009508647200093207,0.0,-0.0009508647200093207,1.0427055510457361,-0.0009508647200092701
2021-04-20,Extended Sentiment Momentum,extended,1.0,momentum,0.00548539166604921,0.0,0.00548539166604921,1.0484251993855855,0.0
2021-04-21,Extended Sentiment Momentum,extended,1.0,momentum,0.004825480804417535,0.0,0.004825480804417535,1.0534843550600883,0.0
2021-04-22,Extended Sentiment Momentum,extended,1.0,momentum,0.0007526910715121727,0.0,0.0007526910715121727,1.0542773033281196,0.0
2021-04-23,Extended Sentiment Momentum,extended,1.0,momentum,0.0026583910274215463,0.0,0.0026583910274215463,1.0570799846517014,0.0
2021-04-26,Extended Sentiment Momentum,extended,1.0,momentum,-0.006724481717023785,0.0,-0.006724481717023785,1.0499716696214791,-0.006724481717023889
2021-04-27,Extended Sentiment Momentum,extended,1.0,momentum,-0.004694295642771268,0.0,-0.004694295642771268,1.0450427921877419,-0.011387210654570934
2021-04-28,Extended Sentiment Momentum,extended,1.0,momentum,-0.00039025269366706986,0.0,-0.00039025269366706986,1.0446349614230932,-0.01177301945860676
2021-04-29,Extended Sentiment Momentum,extended,1.0,momentum,0.008726809444243623,0.0,0.008726809444243623,1.0537512916702274,-0.0031489509117617054
2021-04-30,Extended Sentiment Momentum,extended,1.0,momentum,-0.0011797960899896797,0.0,-0.0011797960899896797,1.0525080800164934,-0.004325031881777908
2021-05-03,Extended Sentiment Momentum,extended,1.0,momentum,0.007512438751454763,0.0001942104070926476,0.007318228344362115,1.0602105744803403,0.0
2021-05-04,Extended Sentiment Momentum,extended,1.0,momentum,-0.006170632504170574,0.0,-0.006170632504170574,1.0536684046481866,-0.006170632504170603
2021-05-05,Extended Sentiment Momentum,extended,1.0,momentum,0.0007071742102675721,0.0,0.0007071742102675721,1.0544135317701275,-0.005467822006070988
2021-05-06,Extended Sentiment Momentum,extended,1.0,momentum,0.007199384017508008,0.0,0.007199384017508008,1.0620046596985975,0.0
2021-05-07,Extended Sentiment Momentum,extended,1.0,momentum,0.0008193102892308959,0.0,0.0008193102892308959,1.0628747710434996,0.0
2021-05-10,Extended Sentiment Momentum,extended,1.0,momentum,0.004887293295196823,0.0,0.004887293295196823,1.0680693517856543,0.0
2021-05-11,Extended Sentiment Momentum,extended,1.0,momentum,-0.008567580495568836,0.0,-0.008567580495568836,1.0589185816393807,-0.008567580495568827
2021-05-12,Extended Sentiment Momentum,extended,1.0,momentum,-0.016006394599319712,0.0,-0.016006394599319712,1.0419691129731088,-0.02443683902071503
2021-05-13,Extended Sentiment Momentum,extended,1.0,momentum,0.012781724686255866,0.0,0.012781724686255866,1.0552872753067133,-0.01196745928302434
2021-05-14,Extended Sentiment Momentum,extended,1.0,momentum,0.0038503408056082796,0.0,0.0038503408056082796,1.059350490964466,-0.00816319727423287
2021-05-17,Extended Sentiment Momentum,extended,1.0,momentum,-0.0012897299947680994,0.0,-0.0012897299947680994,1.0579842148612968,-0.009442398948623199
2021-05-18,Extended Sentiment Momentum,extended,1.0,momentum,-2.3209362692023713e-05,0.0,-2.3209362692023713e-05,1.0579596597219316,-0.009465389159253323
2021-05-19,Extended Sentiment Momentum,extended,1.0,momentum,0.0017384118904759248,0.0,0.0017384118904759248,1.0597988293740361,-0.007743432013839868
2021-05-20,Extended Sentiment Momentum,extended,1.0,momentum,0.00937779959058727,0.0,0.00937779959058727,1.0697374104022448,0.0
2021-05-21,Extended Sentiment Momentum,extended,1.0,momentum,-0.0022512948385185636,0.0,-0.0022512948385185636,1.067329116091636,-0.0022512948385184917
2021-05-24,Extended Sentiment Momentum,extended,1.0,momentum,-0.0009844292346440295,0.0,-0.0009844292346440295,1.0662784061067687,-0.003233507832707705
2021-05-25,Extended Sentiment Momentum,extended,1.0,momentum,-0.004035648062853196,0.0,-0.004035648062853196,1.0619752817227017,-0.00725610659593956
2021-05-26,Extended Sentiment Momentum,extended,1.0,momentum,0.0009566467497817601,0.0,0.0009566467497817601,1.0629912169243103,-0.0063064013769489335
2021-05-27,Extended Sentiment Momentum,extended,1.0,momentum,-0.003855176598649252,0.0,-0.003855176598649252,1.058893198060254,-0.01013726568458806
2021-05-28,Extended Sentiment Momentum,extended,1.0,momentum,0.0021306509985600957,0.0,0.0021306509985600957,1.0611493299100696,-0.00802821366128148
2021-06-01,Extended Sentiment Momentum,extended,1.0,momentum,-0.0034948332210851443,0.00038612991945490325,-0.0038809631405400473,1.05703104847408,-0.011878019600517709
2021-06-02,Extended Sentiment Momentum,extended,1.0,momentum,0.0023254354812821793,0.0,0.0023254354812821793,1.0594891059790186,-0.009580205687461762
2021-06-03,Extended Sentiment Momentum,extended,1.0,momentum,0.0020496597503579382,0.0,0.0020496597503579382,1.0616606981554864,-0.007550182099101743
2021-06-04,Extended Sentiment Momentum,extended,1.0,momentum,0.007127996722050245,0.0,0.007127996722050245,1.0692282121318684,-0.00047600305030459644
2021-06-07,Extended Sentiment Momentum,extended,1.0,momentum,-0.00511497626607293,0.0,-0.00511497626607293,1.0637591352037983,-0.005588544572072696
2021-06-08,Extended Sentiment Momentum,extended,1.0,momentum,-0.004192867421201951,0.0,-0.004192867421201951,1.0592989341817962,-0.009757979966806496
2021-06-09,Extended Sentiment Momentum,extended,1.0,momentum,0.0044477024856704106,0.0,0.0044477024856704106,1.0640103806844246,-0.005353678072889667
2021-06-10,Extended Sentiment Momentum,extended,1.0,momentum,0.007390772083546173,0.0,0.007390772083546173,1.0718742389025904,0.0
2021-06-11,Extended Sentiment Momentum,extended,1.0,momentum,0.0012506697705710265,0.0,0.0012506697705710265,1.0732147996110397,0.0
2021-06-14,Extended Sentiment Momentum,extended,1.0,momentum,-0.0013198602038422221,0.0,-0.0013198602038422221,1.0717983061068586,-0.001319860203842227
2021-06-15,Extended Sentiment Momentum,extended,1.0,momentum,-0.0034943943858829095,0.0,-0.0034943943858829095,1.0680530201232,-0.004809642477638709
2021-06-16,Extended Sentiment Momentum,extended,1.0,momentum,-0.010183282807616014,0.0,-0.010183282807616014,1.057176734165757,-0.01494394733570148
2021-06-17,Extended Sentiment Momentum,extended,1.0,momentum,-0.0035777812161713997,0.0,-0.0035777812161713997,1.0533943871040854,-0.018468262377799638
2021-06-18,Extended Sentiment Momentum,extended,1.0,momentum,-0.00963763779066779,0.0,-0.00963763779066779,1.0432421535504537,-0.02792790974504722
2021-06-21,Extended Sentiment Momentum,extended,1.0,momentum,0.011573864793550024,0.0,0.011573864793550024,1.0553164971825786,-0.016677278802852857
2021-06-22,Extended Sentiment Momentum,extended,1.0,momentum,-0.002081838115903963,0.0,-0.002081838115903963,1.0531194990744015,-0.01872439752407562
2021-06-23,Extended Sentiment Momentum,extended,1.0,momentum,-0.008212264630085798,0.0,-0.008212264630085798,1.044471003060899,-0.026782892446654882
2021-06-24,Extended Sentiment Momentum,extended,1.0,momentum,0.0045062812034550636,0.0,0.0045062812034550636,1.0491776831095463,-0.0223973024880062
2021-06-25,Extended Sentiment Momentum,extended,1.0,momentum,0.01002735729631826,0.0,0.01002735729631826,1.0596981626054092,-0.012594530946208882
2021-06-28,Extended Sentiment Momentum,extended,1.0,momentum,0.0037136058304342687,0.0,0.0037136058304342687,1.0636334638805611,-0.008927696239327987
2021-06-29,Extended Sentiment Momentum,extended,1.0,momentum,-0.0022699984742803564,0.0,-0.0022699984742803564,1.0612190175403589,-0.011177428856766092
2021-06-30,Extended Sentiment Momentum,extended,1.0,momentum,0.004585436113690278,0.0,0.004585436113690278,1.0660851695479234,-0.00664324612901368
2021-07-01,Extended Sentiment Momentum,extended,1.0,momentum,0.006113614805627091,0.00023853273415732297,0.005875082071469768,1.072348507414194,-0.0008071936737730212
2021-07-02,Extended Sentiment Momentum,extended,1.0,momentum,0.004939006142874304,0.0,0.004939006142874304,1.0776448432796149,0.0
2021-07-06,Extended Sentiment Momentum,extended,1.0,momentum,-0.002337238569100655,0.0,-0.002337238569100655,1.0751261301881094,-0.002337238569100508
2021-07-07,Extended Sentiment Momentum,extended,1.0,momentum,0.0024270826920655963,0.0,0.0024270826920655963,1.0777355502104764,0.0
2021-07-08,Extended Sentiment Momentum,extended,1.0,momentum,-0.004857692761574347,0.0,-0.004857692761574347,1.0725002420293277,-0.004857692761574328
2021-07-09,Extended Sentiment Momentum,extended,1.0,momentum,0.0070314240377468565,0.0,0.0070314240377468565,1.080041446011622,0.0
2021-07-12,Extended Sentiment Momentum,extended,1.0,momentum,0.003233886361469676,0.0,0.003233886361469676,1.083534177313701,0.0
2021-07-13,Extended Sentiment Momentum,extended,1.0,momentum,-0.0037325691575200563,0.0,-0.0037325691575200563,1.079489811062341,-0.0037325691575201825
2021-07-14,Extended Sentiment Momentum,extended,1.0,momentum,0.0036104343918306222,0.0,0.0036104343918306222,1.0833872382018312,-0.0001356109617456358
2021-07-15,Extended Sentiment Momentum,extended,1.0,momentum,0.0017998651103373407,0.0,0.0017998651103373407,1.0853371890928554,0.0
2021-07-16,Extended Sentiment Momentum,extended,1.0,momentum,-0.002128215260993849,0.0,-0.002128215260993849,1.0830273579237037,-0.0021282152609939375
2021-07-19,Extended Sentiment Momentum,extended,1.0,momentum,-0.01519111068951013,0.0,-0.01519111068951013,1.066574969449717,-0.017286995996903087
2021-07-20,Extended Sentiment Momentum,extended,1.0,momentum,0.005559739010110755,0.0,0.005559739010110755,1.0725048479145745,-0.011823368172803939
2021-07-21,Extended Sentiment Momentum,extended,1.0,momentum,-0.000942862335853688,0.0,-0.000942862335853688,1.0714936234884553,-0.012755082700124487
2021-07-22,Extended Sentiment Momentum,extended,1.0,momentum,-0.00031417962965489825,0.0,-0.00031417962965489825,1.0711569820186502,-0.013065254942620452
2021-07-23,Extended Sentiment Momentum,extended,1.0,momentum,0.009938002927147116,0.0,0.009938002927147116,1.0818021432413856,-0.003257094557337026
2021-07-26,Extended Sentiment Momentum,extended,1.0,momentum,0.0008275473201310975,0.0,0.0008275473201310975,1.082697385705937,-0.002432242637078308
2021-07-27,Extended Sentiment Momentum,extended,1.0,momentum,0.0012238016056037426,0.0,0.0012238016056037426,1.0840223925049468,-0.0012114176139190747
2021-07-28,Extended Sentiment Momentum,extended,1.0,momentum,-0.00020895945035089448,0.0,-0.00020895945035089448,1.0837958757816408,-0.0014201239271113275
2021-07-29,Extended Sentiment Momentum,extended,1.0,momentum,-4.2440880236583364e-05,0.0,-4.2440880236583364e-05,1.0837498785306758,-0.001462504536038467
2021-07-30,Extended Sentiment Momentum,extended,1.0,momentum,-0.003648373123144794,0.0,-0.003648373123144794,1.0797959546016331,-0.005105541896941457
2021-08-02,Extended Sentiment Momentum,extended,1.0,momentum,-0.0009190350806009549,0.0002648910246177576,-0.0011839261052187125,1.0785175559826707,-0.006283423417827061
2021-08-03,Extended Sentiment Momentum,extended,1.0,momentum,0.0004757251258261431,0.0,0.0004757251258261431,1.0790306338826963,-0.005810687474396947
2021-08-04,Extended Sentiment Momentum,extended,1.0,momentum,-0.00638208341304584,0.0,-0.00638208341304584,1.0721441703720251,-0.01215568659529409
2021-08-05,Extended Sentiment Momentum,extended,1.0,momentum,0.003910737591654603,0.0,0.003910737591654603,1.0763370448827723,-0.008292486704160162
2021-08-06,Extended Sentiment Momentum,extended,1.0,momentum,-0.0029803244976426184,0.0,-0.0029803244976426184,1.0731292112201878,-0.011248096900532079
2021-08-09,Extended Sentiment Momentum,extended,1.0,momentum,0.001039245832989152,0.0,0.001039245832989152,1.0742444562812072,-0.010220540605375916
2021-08-10,Extended Sentiment Momentum,extended,1.0,momentum,0.0027191329814849263,0.0,0.0027191329814849263,1.0771654698124586,-0.007529198632939882
2021-08-11,Extended Sentiment Momentum,extended,1.0,momentum,0.002646226244321911,0.0,0.002646226244321911,1.0800158933481536,-0.004902896351639208
2021-08-12,Extended Sentiment Momentum,extended,1.0,momentum,0.002831642847008627,0.0,0.002831642847008627,1.0830741126272085,-0.002085136756014405
2021-08-13,Extended Sentiment Momentum,extended,1.0,momentum,0.004027879019186545,0.0,0.004027879019186545,1.0874366041216839,0.0
2021-08-16,Extended Sentiment Momentum,extended,1.0,momentum,0.007245075621365787,0.0,0.007245075621365787,1.0953151645519867,0.0
2021-08-17,Extended Sentiment Momentum,extended,1.0,momentum,0.0023504848772331094,0.0,0.0023504848772331094,1.0978896862820702,0.0
2021-08-18,Extended Sentiment Momentum,extended,1.0,momentum,-0.010492164041052361,0.0,-0.010492164041052361,1.0863704475946192,-0.010492164041052354
2021-08-19,Extended Sentiment Momentum,extended,1.0,momentum,0.0010661218008354918,0.0,0.0010661218008354918,1.0875286508125832,-0.009437228165039002
2021-08-20,Extended Sentiment Momentum,extended,1.0,momentum,0.004691181518857073,0.0,0.004691181518857073,1.0926304451205027,-0.004790318396539095
2021-08-23,Extended Sentiment Momentum,extended,1.0,momentum,-0.0005932872658302377,0.0,-0.0005932872658302377,1.0919822013911542,-0.005380763627465424
2021-08-24,Extended Sentiment Momentum,extended,1.0,momentum,-0.005151412957269578,0.0,-0.005151412957269578,1.0863569501298,-0.010504458049264476
2021-08-25,Extended Sentiment Momentum,extended,1.0,momentum,-0.0036340086693815847,0.0,-0.0036340086693815847,1.0824091195549854,-0.014100293427027899
2021-08-26,Extended Sentiment Momentum,extended,1.0,momentum,-0.005884853561208914,0.0,-0.005884853561208914,1.0760393003930873,-0.019902168826248623
2021-08-27,Extended Sentiment Momentum,extended,1.0,momentum,0.001839436402463892,0.0,0.001839436402463892,1.078018606252712,-0.018099341197611807
2021-08-30,Extended Sentiment Momentum,extended,1.0,momentum,0.004309025332742383,0.0,0.004309025332742383,1.0826638157362227,-0.013868306384595797
2021-08-31,Extended Sentiment Momentum,extended,1.0,momentum,0.0018280067990261177,0.0,0.0018280067990261177,1.0846429325524483,-0.012065650943931527
2021-09-01,Extended Sentiment Momentum,extended,1.0,momentum,0.005100314640819777,0.0003358099435932452,0.004764504697226532,1.089810718899408,-0.007358633097302447
2021-09-02,Extended Sentiment Momentum,extended,1.0,momentum,0.004452831758935592,0.0,0.004452831758935592,1.0946634626797518,-0.0029385680935247738
2021-09-03,Extended Sentiment Momentum,extended,1.0,momentum,-0.0028134853855071224,0.0,-0.0028134853855071224,1.0915836430254537,-0.005743785860646389
2021-09-07,Extended Sentiment Momentum,extended,1.0,momentum,-0.014718290645433474,0.0,-0.014718290645433474,1.0755173977036039,-0.020377537796377854
2021-09-08,Extended Sentiment Momentum,extended,1.0,momentum,0.00772516685008641,0.0,0.00772516685008641,1.083825949051035,-0.01280979082576239
2021-09-09,Extended Sentiment Momentum,extended,1.0,momentum,-0.01089827132999111,0.0,-0.01089827132999111,1.0720141197837916,-0.02356845757965398
2021-09-10,Extended Sentiment Momentum,extended,1.0,momentum,-0.009286438365664453,0.0,-0.009286438365664453,1.0620589267332974,-0.0326360289166312
2021-09-13,Extended Sentiment Momentum,extended,1.0,momentum,0.00014367578203471477,0.0,0.00014367578203471477,1.0622115188801629,-0.03249704214157345
2021-09-14,Extended Sentiment Momentum,extended,1.0,momentum,-0.006061269467684622,0.0,-0.006061269467684622,1.0557731686325516,-0.038361338279935375
2021-09-15,Extended Sentiment Momentum,extended,1.0,momentum,0.0014698736764555292,0.0,0.0014698736764555292,1.0573250218214327,-0.03694785092481101
2021-09-16,Extended Sentiment Momentum,extended,1.0,momentum,-0.006067457897474934,0.0,-0.006067457897474934,1.0509097467675843,-0.04279112929239759
2021-09-17,Extended Sentiment Momentum,extended,1.0,momentum,-0.010844044867882478,0.0,-0.010844044867882478,1.0395136343215416,-0.0531711452342859
2021-09-20,Extended Sentiment Momentum,extended,1.0,momentum,-0.01016641265524364,0.0,-0.01016641265524364,1.0289455097542768,-0.06279699808572592
2021-09-21,Extended Sentiment Momentum,extended,1.0,momentum,-0.006306954003352374,0.0,-0.006306954003352374,1.0224559977523007,-0.06870789431060298
2021-09-22,Extended Sentiment Momentum,extended,1.0,momentum,0.0003873707732010306,0.0,0.0003873707732010306,1.022852067322714,-0.06834713896754607
2021-09-23,Extended Sentiment Momentum,extended,1.0,momentum,0.0003514115505924469,0.0,0.0003514115505924469,1.0232115093537186,-0.06801974539103672
2021-09-24,Extended Sentiment Momentum,extended,1.0,momentum,-0.0048142662747079025,0.0,-0.0048142662747079025,1.018285496692344,-0.07250654649949428
2021-09-27,Extended Sentiment Momentum,extended,1.0,momentum,-0.004813971207623744,0.0,-0.004813971207623744,1.0133834996301263,-0.07697147327990517
2021-09-28,Extended Sentiment Momentum,extended,1.0,momentum,-0.004105008501376934,0.0,-0.004105008501376934,1.0092235517489896,-0.0807605132291046
2021-09-29,Extended Sentiment Momentum,extended,1.0,momentum,0.007229836755873006,0.0,0.007229836755873006,1.016520073278317,-0.0741145618001986
2021-09-30,Extended Sentiment Momentum,extended,1.0,momentum,-0.01228537151103104,0.0,-0.01228537151103104,1.0040317465296724,-0.08548940838513697
2021-10-01,Extended Sentiment Momentum,extended,1.0,momentum,0.005624312477628031,0.00048620261771756745,0.005138109859910464,1.0091905719461796,-0.0807905524973681
2021-10-04,Extended Sentiment Momentum,extended,1.0,momentum,0.00040614581576162156,0.0,0.00040614581576162156,1.0096004504742815,-0.08041721942645652
2021-10-05,Extended Sentiment Momentum,extended,1.0,momentum,0.002518411729616488,0.0,0.002518411729616488,1.0121430400909819,-0.07810133136550679
2021-10-06,Extended Sentiment Momentum,extended,1.0,momentum,0.005920208826321459,0.0,0.005920208826321459,1.0181351382504285,-0.07264349873048281
2021-10-07,Extended Sentiment Momentum,extended,1.0,momentum,0.009164901018592578,0.0,0.009164901018592578,1.0274662460160446,-0.06414436818739944
2021-10-08,Extended Sentiment Momentum,extended,1.0,momentum,-0.005607878053297758,0.0,-0.005607878053297758,1.021704340604507,-0.06939253244609644
2021-10-11,Extended Sentiment Momentum,extended,1.0,momentum,-0.010228266073770146,0.0,-0.010228266073770146,1.0112540767600782,-0.07891103323447524
2021-10-12,Extended Sentiment Momentum,extended,1.0,momentum,-0.0023447870705350714,0.0,-0.0023447870705350714,1.0088829012758653,-0.08107079073455947
2021-10-13,Extended Sentiment Momentum,extended,1.0,momentum,-0.000510733042809647,0.0,-0.000510733042809647,1.0083676314418581,-0.08154011824573415
2021-10-14,Extended Sentiment Momentum,extended,1.0,momentum,0.01108897667394632,0.0,0.01108897667394632,1.0195493965856794,-0.07135533804100558
2021-10-15,Extended Sentiment Momentum,extended,1.0,momentum,0.0006989635165863448,0.0,0.0006989635165863448,1.0202620244172504,-0.07070624930242364
2021-10-18,Extended Sentiment Momentum,extended,1.0,momentum,-0.0008343691339421856,0.0,-0.0008343691339421856,1.0194107492755433,-0.07148162332437102
2021-10-19,Extended Sentiment Momentum,extended,1.0,momentum,0.013291619311845658,0.0,0.013291619311845658,1.0329603688773172,-0.05914011053754564
2021-10-20,Extended Sentiment Momentum,extended,1.0,momentum,0.009397792108788397,0.0,0.009397792108788397,1.0426679156806438,-0.05029810489287978
2021-10-21,Extended Sentiment Momentum,extended,1.0,momentum,0.0039148037202355514,0.0,0.0039148037202355514,1.0467497559159205,-0.04658020838079979
2021-10-22,Extended Sentiment Momentum,extended,1.0,momentum,0.0027196654485148047,0.0,0.0027196654485148047,1.0495965650603263,-0.04398722551560286
2021-10-25,Extended Sentiment Momentum,extended,1.0,momentum,0.005429006436692424,0.0,0.005429006436692424,1.055294831567969,-0.03879702600936685
2021-10-26,Extended Sentiment Momentum,extended,1.0,momentum,-0.0028576208857973573,0.0,-0.0028576208857973573,1.0522791990166065,-0.041543779703333006
2021-10-27,Extended Sentiment Momentum,extended,1.0,momentum,-0.010722087391493062,0.0,-0.010722087391493062,1.0409965694845,-0.05182043105827405
2021-10-28,Extended Sentiment Momentum,extended,1.0,momentum,0.016346128183286613,0.0,0.016346128183286613,1.0580128328476552,-0.03632136628357918
2021-10-29,Extended Sentiment Momentum,extended,1.0,momentum,-0.00171935577563217,0.0,-0.00171935577563217,1.0561937323728057,-0.03797827270831289
2021-11-01,Extended Sentiment Momentum,extended,1.0,momentum,0.006873670864144029,0.0004534758412420644,0.006420195022901964,1.0629747021166058,-0.03180190560283114
2021-11-02,Extended Sentiment Momentum,extended,1.0,momentum,0.007656654323702524,0.0,0.007656654323702524,1.0711135319655531,-0.024388747477164796
2021-11-03,Extended Sentiment Momentum,extended,1.0,momentum,-0.000907387649082048,0.0,-0.000907387649082048,1.070141616775883,-0.025274005078009365
2021-11-04,Extended Sentiment Momentum,extended,1.0,momentum,0.002329633138186367,0.0,0.002329633138186367,1.0726346541488765,-0.02300325109958734
2021-11-05,Extended Sentiment Momentum,extended,1.0,momentum,-0.017229839699008126,0.0,-0.017229839699008126,1.0541533310022904,-0.03983674846959351
2021-11-08,Extended Sentiment Momentum,extended,1.0,momentum,0.005079745814340869,0.0,0.005079745814340869,1.0595081619731226,-0.034959363211548244
2021-11-09,Extended Sentiment Momentum,extended,1.0,momentum,9.033331187053564e-06,0.0,9.033331187053564e-06,1.059517732861245,-0.034950645679867165
2021-11-10,Extended Sentiment Momentum,extended,1.0,momentum,-0.0024184910602587295,0.0,-0.0024184910602587295,1.0569552986961346,-0.03728460891599883
2021-11-11,Extended Sentiment Momentum,extended,1.0,momentum,0.005009823195260694,0.0,0.005009823195260694,1.0622504578678962,-0.032461575019311684
2021-11-12,Extended Sentiment Momentum,extended,1.0,momentum,0.0029751811240517974,0.0,0.0029751811240517974,1.06541084537916,-0.029582972960514486
2021-11-15,Extended Sentiment Momentum,extended,1.0,momentum,-0.003782130387465969,0.0,-0.003782130387465969,1.0613813226457156,-0.03325321668699488
2021-11-16,Extended Sentiment Momentum,extended,1.0,momentum,-0.002372010543348453,0.0,-0.002372010543348453,1.0588637149578868,-0.035546350249761605
2021-11-17,Extended Sentiment Momentum,extended,1.0,momentum,-0.0056210431810647735,0.0,-0.0056210431810647735,1.0529117962932457,-0.04096758586114335
2021-11-18,Extended Sentiment Momentum,extended,1.0,momentum,-8.676225420809066e-05,0.0,-8.676225420809066e-05,1.052820443292317,-0.04105079367525277
2021-11-19,Extended Sentiment Momentum,extended,1.0,momentum,-0.009824828741716004,0.0,-0.009824828741716004,1.0424766627411923,-0.050472305399397954
2021-11-22,Extended Sentiment Momentum,extended,1.0,momentum,0.003753692573666009,0.0,0.003753692573666009,1.0463897996483442,-0.04690807034368527
2021-11-23,Extended Sentiment Momentum,extended,1.0,momentum,0.009160347346770828,0.0,0.009160347346770828,1.0559750936732408,-0.03817741721462953
2021-11-24,Extended Sentiment Momentum,extended,1.0,momentum,-0.0010951946929265539,0.0,-0.0010951946929265539,1.0548185953547873,-0.03923080020283298
2021-11-26,Extended Sentiment Momentum,extended,1.0,momentum,-0.018691290518742895,0.0,-0.018691290518742895,1.0351026745444387,-0.057188816437701906
2021-11-29,Extended Sentiment Momentum,extended,1.0,momentum,-0.0016344245096167574,0.0,-0.0016344245096167574,1.0334108773631936,-0.05872977014405678
2021-11-30,Extended Sentiment Momentum,extended,1.0,momentum,-0.01917162171761164,0.0,-0.01917162171761164,1.0135987149435213,-0.07677544692490434
2021-12-01,Extended Sentiment Momentum,extended,1.0,momentum,-0.00825324680911134,0.0003542934264064361,-0.008607540235517776,1.0048741232219758,-0.08472213941191609
2021-12-02,Extended Sentiment Momentum,extended,1.0,momentum,0.015917860941974286,0.0,0.015917860941974286,1.0208695697796115,-0.0701528737038073
2021-12-03,Extended Sentiment Momentum,extended,1.0,momentum,0.0075091126029106,0.0,0.0075091126029106,1.0285353943319715,-0.0631705469289563
2021-12-06,Extended Sentiment Momentum,extended,1.0,momentum,0.011543711212609777,0.0,0.011543711212609777,1.0404085098960876,-0.05235605826723699
2021-12-07,Extended Sentiment Momentum,extended,1.0,momentum,0.004287178089752449,0.0,0.004287178089752449,1.044868926464106,-0.04829333992335372
2021-12-08,Extended Sentiment Momentum,extended,1.0,momentum,0.002243962319663748,0.0,0.002243962319663748,1.047213572964079,-0.046157746038768654
2021-12-09,Extended Sentiment Momentum,extended,1.0,momentum,-0.004371819753641388,0.0,-0.004371819753641388,1.0426353439795133,-0.05032777244649411
2021-12-10,Extended Sentiment Momentum,extended,1.0,momentum,0.006928803557311767,0.0,0.006928803557311767,1.0498595594598576,-0.04374768013794117
2021-12-13,Extended Sentiment Momentum,extended,1.0,momentum,0.005528656824341377,0.0,0.005528656824341377,1.0556638726778653,-0.03846088922394353
2021-12-14,Extended Sentiment Momentum,extended,1.0,momentum,-0.0022663304035406085,0.0,-0.0022663304035406085,1.053271389547296,-0.040640054544888726
2021-12-15,Extended Sentiment Momentum,extended,1.0,momentum,0.016134238635950073,0.0,0.016134238635950073,1.0702651214946708,-0.025161512247144024
2021-12-16,Extended Sentiment Momentum,extended,1.0,momentum,0.009327030713217966,0.0,0.009327030713217966,1.0802475171541377,-0.016069163731446068
2021-12-17,Extended Sentiment Momentum,extended,1.0,momentum,-0.0093562842499985,0.0,-0.0093562842499985,1.0701404143232884,-0.025275100317913357
2021-12-20,Extended Sentiment Momentum,extended,1.0,momentum,0.0002358572861098715,0.0,0.0002358572861098715,1.0703928147371673,-0.025045204348370542
2021-12-21,Extended Sentiment Momentum,extended,1.0,momentum,0.0025056169925840093,0.0,0.0025056169925840093,1.0730748091625126,-0.0226023410453845
2021-12-22,Extended Sentiment Momentum,extended,1.0,momentum,0.0079003306943304,0.0,0.0079003306943304,1.081552455014652,-0.014880576319778571
2021-12-23,Extended Sentiment Momentum,extended,1.0,momentum,0.00172912067512273,0.0,0.00172912067512273,1.0834225897258476,-0.013177185956828152
2021-12-27,Extended Sentiment Momentum,extended,1.0,momentum,0.011630296979572451,0.0,0.011630296979572451,1.0960231161987368,-0.0017001435632885142
2021-12-28,Extended Sentiment Momentum,extended,1.0,momentum,0.0028233319030561725,0.0,0.0028233319030561725,1.0991175532291877,0.0
2021-12-29,Extended Sentiment Momentum,extended,1.0,momentum,0.002142300779545543,0.0,0.002142300779545543,1.101472193620283,0.0
2021-12-30,Extended Sentiment Momentum,extended,1.0,momentum,0.00023953287194804714,0.0,0.00023953287194804714,1.1017360324181917,0.0
2021-12-31,Extended Sentiment Momentum,extended,1.0,momentum,-0.0025496638077788045,0.0,-0.0025496638077788045,1.0989269759306093,-0.002549663807778768
2022-01-03,Extended Sentiment Momentum,extended,1.0,momentum,0.0036021260609960595,0.00031884187628722745,0.003283284184708832,1.1025350654908321,0.0
2022-01-04,Extended Sentiment Momentum,extended,1.0,momentum,-0.0023479523099045356,0.0,-0.0023479523099045356,1.099946365737062,-0.0023479523099046995
2022-01-05,Extended Sentiment Momentum,extended,1.0,momentum,-7.20898585843616e-05,0.0,-7.20898585843616e-05,1.0998670707591058,-0.0024198729049389467
2022-01-06,Extended Sentiment Momentum,extended,1.0,momentum,-0.005107297964251534,0.0,-0.005107297964251534,1.0942497219076706,-0.007514811857229242
2022-01-07,Extended Sentiment Momentum,extended,1.0,momentum,0.009724805439239877,0.0,0.009724805439239877,1.104891087555165,0.0
2022-01-10,Extended Sentiment Momentum,extended,1.0,momentum,-0.0019857476570693438,0.0,-0.0019857476570693438,1.1026970526667355,-0.001985747657069381
2022-01-11,Extended Sentiment Momentum,extended,1.0,momentum,0.0021222560044534366,0.0,0.0021222560044534366,1.1050372581078505,0.0
2022-01-12,Extended Sentiment Momentum,extended,1.0,momentum,-0.0012629651665853202,0.0,-0.0012629651665853202,1.1036416345430813,-0.0012629651665853059
2022-01-13,Extended Sentiment Momentum,extended,1.0,momentum,-0.0054230276593089256,0.0,-0.0054230276593089256,1.0976565554329893,-0.006679143730863091
2022-01-14,Extended Sentiment Momentum,extended,1.0,momentum,-0.002210604530920335,0.0,-0.002210604530920335,1.0952300708781548,-0.008874983316389251
2022-01-18,Extended Sentiment Momentum,extended,1.0,momentum,-0.006457939233018288,0.0,-0.006457939233018288,1.0881571416342495,-0.015275608446456146
2022-01-19,Extended Sentiment Momentum,extended,1.0,momentum,-0.0003084205702845932,0.0,-0.0003084205702845932,1.0878215315880675,-0.015579317704872087
2022-01-20,Extended Sentiment Momentum,extended,1.0,momentum,-0.00954777201192002,0.0,-0.00954777201192002,1.077435259614807,-0.024978341943244775
2022-01-21,Extended Sentiment Momentum,extended,1.0,momentum,-0.002608935805974086,0.0,-0.002608935805974086,1.0746243001873788,-0.027522110858549387
2022-01-24,Extended Sentiment Momentum,extended,1.0,momentum,-0.008669746945256932,0.0,-0.008669746945256932,1.0653075794435305,-0.0359532480672633
2022-01-25,Extended Sentiment Momentum,extended,1.0,momentum,-0.0029217826910047226,0.0,-0.0029217826910047226,1.0621949821973162,-0.03876998318037972
2022-01-26,Extended Sentiment Momentum,extended,1.0,momentum,-0.027348823489938195,0.0,-0.027348823489938195,1.0331451991173037,-0.0650584932436098
2022-01-27,Extended Sentiment Momentum,extended,1.0,momentum,0.0012769057083989802,0.0,0.0012769057083989802,1.0344644281196615,-0.06386466109661348
2022-01-28,Extended Sentiment Momentum,extended,1.0,momentum,0.021191904409103828,0.0,0.021191904409103828,1.0563866993949917,-0.04402617048058888
2022-01-31,Extended Sentiment Momentum,extended,1.0,momentum,0.011634196243357934,0.0,0.011634196243357934,1.0686769095646262,-0.03290418334444567
2022-02-01,Extended Sentiment Momentum,extended,1.0,momentum,-0.0022224556194136253,0.0006111398077898219,-0.0028335954272034475,1.065648711560526,-0.03564454162818842
2022-02-02,Extended Sentiment Momentum,extended,1.0,momentum,0.007088125680717885,0.0,0.007088125680717885,1.073202163559562,-0.02880906893836266
2022-02-03,Extended Sentiment Momentum,extended,1.0,momentum,-0.002671180325853617,0.0,-0.002671180325853617,1.0703354470545983,-0.031403295046061985
2022-02-04,Extended Sentiment Momentum,extended,1.0,momentum,-0.004092224520270929,0.0,-0.004092224520270929,1.0659553940932462,-0.03536701023232813
2022-02-07,Extended Sentiment Momentum,extended,1.0,momentum,-0.001629962431948134,0.0,-0.001629962431948134,1.0642179268467418,-0.03693932576626735
2022-02-08,Extended Sentiment Momentum,extended,1.0,momentum,-0.00026266658541349063,0.0,-0.00026266658541349063,1.063938392357761,-0.03719228962511445
2022-02-09,Extended Sentiment Momentum,extended,1.0,momentum,0.0036149210776596306,0.0,0.0036149210776596306,1.0677844456776264,-0.033711815739146944
2022-02-10,Extended Sentiment Momentum,extended,1.0,momentum,-0.016178181896718484,0.0,-0.016178181896718484,1.050509634688967,-0.04934460174876887
2022-02-11,Extended Sentiment Momentum,extended,1.0,momentum,-0.002119077050715866,0.0,-0.002119077050715866,1.0482835238305417,-0.05135911378634228
2022-02-14,Extended Sentiment Momentum,extended,1.0,momentum,-0.007801426302837414,0.0,-0.007801426302837414,1.040105417174899,-0.05875986574799663
2022-02-15,Extended Sentiment Momentum,extended,1.0,momentum,0.0023320218034592927,0.0,0.0023320218034592927,1.042530965685647,-0.05656487323262993
2022-02-16,Extended Sentiment Momentum,extended,1.0,momentum,-0.0017801557789127772,0.0,-0.0017801557789127772,1.0406750981623862,-0.05824433472557411
2022-02-17,Extended Sentiment Momentum,extended,1.0,momentum,0.0007438366421662552,0.0,0.0007438366421662552,1.0414491904329892,-0.05754382235377542
2022-02-18,Extended Sentiment Momentum,extended,1.0,momentum,-0.005409560601148632,0.0,-0.005409560601148632,1.035815407924325,-0.0626420961606795
2022-02-22,Extended Sentiment Momentum,extended,1.0,momentum,-0.003533845598078265,0.0,-0.003533845598078265,1.03215499620461,-0.0659545742629859
2022-02-23,Extended Sentiment Momentum,extended,1.0,momentum,-0.007441975783130712,0.0,-0.007441975783130712,1.0244737237184178,-0.07290571770166476
2022-02-24,Extended Sentiment Momentum,extended,1.0,momentum,-0.0005299959132049231,0.0,-0.0005299959132049231,1.0239307568316613,-0.07339707388243843
2022-02-25,Extended Sentiment Momentum,extended,1.0,momentum,0.025288661999293062,0.0,0.025288661999293062,1.0498245956518577,-0.04996452567629539
2022-02-28,Extended Sentiment Momentum,extended,1.0,momentum,-0.0030468831717211744,0.0,-0.0030468831717211744,1.046625902758107,-0.05285917277555041
2022-03-01,Extended Sentiment Momentum,extended,1.0,momentum,-0.00461728324043653,0.0003627207602931448,-0.004980004000729675,1.0414137015751044,-0.057575937884382644
2022-03-02,Extended Sentiment Momentum,extended,1.0,momentum,0.010867302318898611,0.0,0.010867302318898611,1.0527310591091643,-0.04733433068876769
2022-03-03,Extended Sentiment Momentum,extended,1.0,momentum,0.008243612980921272,0.0,0.008243612980921272,1.0614093665334556,-0.039480923610755614
2022-03-04,Extended Sentiment Momentum,extended,1.0,momentum,0.007790516601339595,0.0,0.007790516601339595,1.069678293824252,-0.03199798380024177
2022-03-07,Extended Sentiment Momentum,extended,1.0,momentum,-0.002167368842839485,0.0,-0.002167368842839485,1.0673599064183554,-0.03409600120995904
2022-03-08,Extended Sentiment Momentum,extended,1.0,momentum,-0.015815045152716162,0.0,-0.015815045152716162,1.0504795613041502,-0.04937181656401257
2022-03-09,Extended Sentiment Momentum,extended,1.0,momentum,0.0037271350301153216,0.0,0.0037271350301153216,1.054394840475507,-0.04582869696091352
2022-03-10,Extended Sentiment Momentum,extended,1.0,momentum,0.001781034341811796,0.0,0.001781034341811796,1.056272753896223,-0.044129285102229576
2022-03-11,Extended Sentiment Momentum,extended,1.0,momentum,-0.004104935324772524,0.0,-0.004104935324772524,1.0519368225561598,-0.04805307256572888
2022-03-14,Extended Sentiment Momentum,extended,1.0,momentum,-0.00636540897313796,0.0,-0.00636540897313796,1.0452408144666867,-0.05411260407957008
2022-03-15,Extended Sentiment Momentum,extended,1.0,momentum,0.00603818906216611,0.0,0.00603818906216611,1.0515521761199291,-0.04840115715148241
2022-03-16,Extended Sentiment Momentum,extended,1.0,momentum,0.004317833806028625,0.0,0.004317833806028625,1.0560926036547826,-0.04429231149805346
2022-03-17,Extended Sentiment Momentum,extended,1.0,momentum,0.009735760264068903,0.0,0.009735760264068903,1.066374468060622,-0.034987770560271025
2022-03-18,Extended Sentiment Momentum,extended,1.0,momentum,0.0026458402438388822,0.0,0.0026458402438388822,1.0691959245432192,-0.03243450236782264
2022-03-21,Extended Sentiment Momentum,extended,1.0,momentum,0.004124284249936754,0.0,0.004124284249936754,1.0736055924549093,-0.028443987225156064
2022-03-22,Extended Sentiment Momentum,extended,1.0,momentum,0.00501252249430492,0.0,0.00501252249430492,1.0789870646371011,-0.02357404085664494
2022-03-23,Extended Sentiment Momentum,extended,1.0,momentum,-0.008441145688313122,0.0,-0.008441145688313122,1.069879177628694,-0.03181619463162488
2022-03-24,Extended Sentiment Momentum,extended,1.0,momentum,0.0060734875846929414,0.0,0.0060734875846929414,1.0763770755311433,-0.02593594231001939
2022-03-25,Extended Sentiment Momentum,extended,1.0,momentum,0.011500772656716273,0.0,0.011500772656716273,1.088756243569728,-0.014733453029448396
2022-03-28,Extended Sentiment Momentum,extended,1.0,momentum,0.0037817551984972403,0.0,0.0037817551984972403,1.0928736531537442,-0.011007416143537063
2022-03-29,Extended Sentiment Momentum,extended,1.0,momentum,0.011126882831981964,0.0,0.011126882831981964,1.105033930242546,-3.011541267028406e-06
2022-03-30,Extended Sentiment Momentum,extended,1.0,momentum,0.0006747806824863602,0.0,0.0006747806824863602,1.1057795857921655,0.0
2022-03-31,Extended Sentiment Momentum,extended,1.0,momentum,-0.006264127018199211,0.0,-0.006264127018199211,1.0988528420126316,-0.006264127018199339
2022-04-01,Extended Sentiment Momentum,extended,1.0,momentum,0.008213311277919128,0.0004326569919582424,0.007780654285960886,1.1074026360874774,0.0
2022-04-04,Extended Sentiment Momentum,extended,1.0,momentum,0.005441599140772051,0.0,0.005441599140772051,1.1134286773204998,0.0
2022-04-05,Extended Sentiment Momentum,extended,1.0,momentum,-0.00751959004881303,0.0,-0.00751959004881303,1.1050561501184575,-0.007519590048813085
2022-04-06,Extended Sentiment Momentum,extended,1.0,momentum,0.01253489009346293,0.0,0.01253489009346293,1.1189079075072976,0.0
2022-04-07,Extended Sentiment Momentum,extended,1.0,momentum,0.004619507985569683,0.0,0.004619507985569683,1.1240767115211447,0.0
2022-04-08,Extended Sentiment Momentum,extended,1.0,momentum,0.01080413431490872,0.0,0.01080413431490872,1.13622138729268,0.0
2022-04-11,Extended Sentiment Momentum,extended,1.0,momentum,-0.012729725950117465,0.0,-0.012729725950117465,1.121757600413782,-0.012729725950117565
2022-04-12,Extended Sentiment Momentum,extended,1.0,momentum,-0.0014879601158264625,0.0,-0.0014879601158264625,1.120088469844741,-0.01419874474144478
2022-04-13,Extended Sentiment Momentum,extended,1.0,momentum,0.005775902319224219,0.0,0.005775902319224219,1.1265579914354538,-0.008504852984902556
2022-04-14,Extended Sentiment Momentum,extended,1.0,momentum,0.002770676894063103,0.0,0.002770676894063103,1.1296793196321462,-0.0057577402904921415
2022-04-18,Extended Sentiment Momentum,extended,1.0,momentum,-0.005196059224079258,0.0,-0.005196059224079258,1.12380943898312,-0.010923881955025139
2022-04-19,Extended Sentiment Momentum,extended,1.0,momentum,0.00972888107338354,0.0,0.00972888107338354,1.1347428473641326,-0.0013012780300417637
2022-04-20,Extended Sentiment Momentum,extended,1.0,momentum,0.0042090433132865,0.0,0.0042090433132865,1.13951902915813,0.0
2022-04-21,Extended Sentiment Momentum,extended,1.0,momentum,-0.006139264696629289,0.0,-0.006139264696629289,1.1325232202112823,-0.006139264696629287
2022-04-22,Extended Sentiment Momentum,extended,1.0,momentum,-0.020253143640334304,0.0,-0.020253143640334304,1.1095860647563291,-0.02626806892721678
2022-04-25,Extended Sentiment Momentum,extended,1.0,momentum,0.0011948527579644045,0.0,0.0011948527579644045,1.1109118567260021,-0.0251046026438565
2022-04-26,Extended Sentiment Momentum,extended,1.0,momentum,-0.015577381605844171,0.0,-0.015577381605844171,1.0936067588033243,-0.040290920274254294
2022-04-27,Extended Sentiment Momentum,extended,1.0,momentum,-0.0021961109144938173,0.0,-0.0021961109144938173,1.0912050770641522,-0.042398547858978675
2022-04-28,Extended Sentiment Momentum,extended,1.0,momentum,0.010298527290283261,0.0,0.010298527290283261,1.102442882329593,-0.032536663170889435
2022-04-29,Extended Sentiment Momentum,extended,1.0,momentum,-0.029258993358146457,0.0,-0.029258993358146457,1.0701865133577757,-0.06084366651742257
2022-05-02,Extended Sentiment Momentum,extended,1.0,momentum,0.0028695898943961583,0.0002843259838016413,0.002585263910594517,1.0729532279283647,-0.058415699542063715
2022-05-03,Extended Sentiment Momentum,extended,1.0,momentum,0.002487694354718118,0.0,0.002487694354718118,1.0756224076163585,-0.05607332559332334
2022-05-04,Extended Sentiment Momentum,extended,1.0,momentum,0.0249005490465151,0.0,0.0249005490465151,1.1024059961327404,-0.03256903314094595
2022-05-05,Extended Sentiment Momentum,extended,1.0,momentum,-0.014239402506157387,0.0,-0.014239402506157387,1.0867083934286048,-0.04634467207497317
2022-05-06,Extended Sentiment Momentum,extended,1.0,momentum,-0.004596890621858062,0.0,-0.004596890621858062,1.0817129138061583,-0.05072852130839678
2022-05-09,Extended Sentiment Momentum,extended,1.0,momentum,-0.007856752231187727,0.0,-0.007856752231187727,1.073214163457107,-0.05818671211660997
2022-05-10,Extended Sentiment Momentum,extended,1.0,momentum,-0.006184081221283455,0.0,-0.006184081221283455,1.0665773199024566,-0.06401096198416478
2022-05-11,Extended Sentiment Momentum,extended,1.0,momentum,0.0011395948228792013,0.0,0.0011395948228792013,1.0677927858944178,-0.06294431372217024
2022-05-12,Extended Sentiment Momentum,extended,1.0,momentum,0.011054867789459456,0.0,0.011054867789459456,1.0795970939690194,-0.05258528699900755
2022-05-13,Extended Sentiment Momentum,extended,1.0,momentum,0.0062764022269453604,0.0,0.0062764022269453604,1.0863730795738102,-0.046638931184487364
2022-05-16,Extended Sentiment Momentum,extended,1.0,momentum,0.0040632379907512735,0.0,0.0040632379907512735,1.090787271942864,-0.042765198270772964
2022-05-17,Extended Sentiment Momentum,extended,1.0,momentum,-0.0006511633287241921,0.0,-0.0006511633287241921,1.0900769912719357,-0.04338851447063752
2022-05-18,Extended Sentiment Momentum,extended,1.0,momentum,-0.018047013235684434,0.0,-0.018047013235684434,1.070404357382536,-0.06065249461139377
2022-05-19,Extended Sentiment Momentum,extended,1.0,momentum,-0.002330529942810228,0.0,-0.002330529942810228,1.0679097479767414,-0.06284167209940594
2022-05-20,Extended Sentiment Momentum,extended,1.0,momentum,0.003958165781415515,0.0,0.003958165781415515,1.0721367117988232,-0.05913224407414108
2022-05-23,Extended Sentiment Momentum,extended,1.0,momentum,0.011101582199846746,0.0,0.011101582199846746,1.0840391256343314,-0.04868712334254477
2022-05-24,Extended Sentiment Momentum,extended,1.0,momentum,0.009643109596900063,0.0,0.009643109596900063,1.094492633730151,-0.039513509011994574
2022-05-25,Extended Sentiment Momentum,extended,1.0,momentum,0.007068470894688343,0.0,0.007068470894688343,1.1022290230561236,-0.032724338205704306
2022-05-26,Extended Sentiment Momentum,extended,1.0,momentum,0.0027356446108101782,0.0,0.0027356446108101782,1.1052443299429258,-0.03007821575434877
2022-05-27,Extended Sentiment Momentum,extended,1.0,momentum,0.009482426550073355,0.0,0.009482426550073355,1.1157247281214946,-0.02088100367592327
2022-05-31,Extended Sentiment Momentum,extended,1.0,momentum,-0.005864489611108799,0.0,-0.005864489611108799,1.109181572044569,-0.026623036857905014
2022-06-01,Extended Sentiment Momentum,extended,1.0,momentum,-0.005800788165694111,0.0003343080774538796,-0.00613509624314799,1.1023766363489493,-0.03259479820764499
2022-06-02,Extended Sentiment Momentum,extended,1.0,momentum,-0.00497908596696024,0.0,-0.00497908596696024,1.0968878083085993,-0.037411591872253736
2022-06-03,Extended Sentiment Momentum,extended,1.0,momentum,-0.002360364672451429,0.0,-0.002360364672451429,1.0942987530762252,-0.039683651544909604
2022-06-06,Extended Sentiment Momentum,extended,1.0,momentum,-0.009878876087420756,0.0,-0.009878876087420756,1.083488311291966,-0.04917049775602189
2022-06-07,Extended Sentiment Momentum,extended,1.0,momentum,0.009237870684327496,0.0,0.009237870684327496,1.0934974361996614,-0.04038685777144868
2022-06-08,Extended Sentiment Momentum,extended,1.0,momentum,-0.005528345524285123,0.0,-0.005528345524285123,1.0874522045424297,-0.045691930791333046
2022-06-09,Extended Sentiment Momentum,extended,1.0,momentum,-0.02083728462459264,0.0,-0.02083728462459264,1.0647926534407384,-0.0655771196489795
2022-06-10,Extended Sentiment Momentum,extended,1.0,momentum,-0.011110607140063794,0.0,-0.011110607140063794,1.0529621605827322,-0.07595912517524661
2022-06-13,Extended Sentiment Momentum,extended,1.0,momentum,-0.029112498513039136,0.0,-0.029112498513039136,1.022307801248481,-0.10286026376956958
2022-06-14,Extended Sentiment Momentum,extended,1.0,momentum,-0.011420267700979786,0.0,-0.011420267700979786,1.0106327724854232,-0.11310583972250765
2022-06-15,Extended Sentiment Momentum,extended,1.0,momentum,0.004386964076143899,0.0,0.004386964076143899,1.0150663821524903,-0.10921506690202853
2022-06-16,Extended Sentiment Momentum,extended,1.0,momentum,-0.01007218980287221,0.0,-0.01007218980287221,1.0048424408889356,-0.11818722182173014
2022-06-17,Extended Sentiment Momentum,extended,1.0,momentum,0.0003484976513661917,0.0,0.0003484976513661917,1.0051926261195785,-0.11787991213959026
2022-06-21,Extended Sentiment Momentum,extended,1.0,momentum,0.028654937041431135,0.0,0.028654937041431135,1.0339963575355458,-0.09260281655896863
2022-06-22,Extended Sentiment Momentum,extended,1.0,momentum,0.010136156914488909,0.0,0.010136156914488909,1.044477106864536,-0.08340529632384508
2022-06-23,Extended Sentiment Momentum,extended,1.0,momentum,0.015101058208760785,0.0,0.015101058208760785,1.0602498164530154,-0.06956374634978957
2022-06-24,Extended Sentiment Momentum,extended,1.0,momentum,0.012796524485466204,0.0,0.012796524485466204,1.0738173291899675,-0.05765739604778919
2022-06-27,Extended Sentiment Momentum,extended,1.0,momentum,-0.00025575846708333514,0.0,-0.00025575846708333514,1.0735426913159263,-0.057898408147643465
2022-06-28,Extended Sentiment Momentum,extended,1.0,momentum,-0.0075390826629882605,0.0,-0.0075390826629882605,1.0654491642238486,-0.06500098992555114
2022-06-29,Extended Sentiment Momentum,extended,1.0,momentum,0.0033223454975708196,0.0,0.0033223454975708196,1.0689889544574984,-0.06189460017419701
2022-06-30,Extended Sentiment Momentum,extended,1.0,momentum,-0.007486668213865579,0.0,-0.007486668213865579,1.060985788831188,-0.06891788405232857
2022-07-01,Extended Sentiment Momentum,extended,1.0,momentum,0.013403992960209611,0.00042967801647406583,0.012974314943735545,1.0747513526063115,-0.056837731441543915
2022-07-05,Extended Sentiment Momentum,extended,1.0,momentum,-3.6274624567214555e-05,0.0,-3.6274624567214555e-05,1.0747123664044926,-0.05687194429874176
2022-07-06,Extended Sentiment Momentum,extended,1.0,momentum,0.0002638295730502107,0.0,0.0002638295730502107,1.0749959073092727,-0.05662311922647456
2022-07-07,Extended Sentiment Momentum,extended,1.0,momentum,0.003316563159293168,0.0,0.003316563159293168,1.0785611991318456,-0.05349435021837223
2022-07-08,Extended Sentiment Momentum,extended,1.0,momentum,-0.001536538186521916,0.0,-0.001536538186521916,1.0769039486628786,-0.05494869229302046
2022-07-11,Extended Sentiment Momentum,extended,1.0,momentum,-0.0033414542587863207,0.0,-0.0033414542587863207,1.0733055233773152,-0.05810653800992949
2022-07-12,Extended Sentiment Momentum,extended,1.0,momentum,-0.006497194679491189,0.0,-0.006497194679491189,1.0663320484413596,-0.06422620319981887
2022-07-13,Extended Sentiment Momentum,extended,1.0,momentum,-0.001495312454661722,0.0,-0.001495312454661722,1.0647375488485202,-0.06562547741292035
2022-07-14,Extended Sentiment Momentum,extended,1.0,momentum,-0.0018272486945985454,0.0,-0.0018272486945985454,1.0627920085522968,-0.06733281203958363
2022-07-15,Extended Sentiment Momentum,extended,1.0,momentum,0.01121944816861346,0.0,0.01121944816861346,1.0747159484062658,-0.056868800865695346
2022-07-18,Extended Sentiment Momentum,extended,1.0,momentum,-0.009664763309345776,0.0,-0.009664763309345776,1.0643290731401402,-0.06598394067498792
2022-07-19,Extended Sentiment Momentum,extended,1.0,momentum,0.016106857424525122,0.0,0.016106857424525122,1.0814720697739855,-0.05093987717522308
2022-07-20,Extended Sentiment Momentum,extended,1.0,momentum,-0.001359425495783558,0.0,-0.001359425495783558,1.0800018890693568,-0.052230053703222645
2022-07-21,Extended Sentiment Momentum,extended,1.0,momentum,0.005560721448085959,0.0,0.005560721448085959,1.0860074787378782,-0.04695976903499888
2022-07-22,Extended Sentiment Momentum,extended,1.0,momentum,-0.001058813614398575,0.0,-0.001058813614398575,1.084857599234052,-0.04796886100661413
2022-07-25,Extended Sentiment Momentum,extended,1.0,momentum,-0.0002791857432483469,0.0,-0.0002791857432483469,1.0845547224588912,-0.04823465452774944
2022-07-26,Extended Sentiment Momentum,extended,1.0,momentum,-0.012422400997311065,0.0,-0.012422400997311065,1.0710819487929795,-0.06005786530455004
2022-07-27,Extended Sentiment Momentum,extended,1.0,momentum,0.008599470397945713,0.0,0.008599470397945713,1.0802926863053988,-0.05197486074145452
2022-07-28,Extended Sentiment Momentum,extended,1.0,momentum,0.009433179215269736,0.0,0.009433179215269736,1.0904832808202627,-0.04303196970224776
2022-07-29,Extended Sentiment Momentum,extended,1.0,momentum,0.004067334500827362,0.0,0.004067334500827362,1.0949186410909182,-0.03913966061642904
2022-08-01,Extended Sentiment Momentum,extended,1.0,momentum,-0.008601047796399997,0.00035065342609638515,-0.008951701222496382,1.0851172565529306,-0.04774099529113718
2022-08-02,Extended Sentiment Momentum,extended,1.0,momentum,-0.00575445293159107,0.0,-0.00575445293159107,1.0788730003748395,-0.05322072491241814
2022-08-03,Extended Sentiment Momentum,extended,1.0,momentum,0.007812768942918498,0.0,0.007812768942918498,1.0873019858455215,-0.04582375719621479
2022-08-04,Extended Sentiment Momentum,extended,1.0,momentum,-0.010599684022515713,0.0,-0.010599684022515713,1.075776928358505,-0.05593772387172624
2022-08-05,Extended Sentiment Momentum,extended,1.0,momentum,-0.0009275672103233269,0.0,-0.0009275672103233269,1.0747790729541373,-0.056813405083566026
2022-08-08,Extended Sentiment Momentum,extended,1.0,momentum,0.003722357718133286,0.0,0.003722357718133286,1.0787797851316363,-0.053302527182338966
2022-08-09,Extended Sentiment Momentum,extended,1.0,momentum,0.0018047169538510928,0.0,0.0018047169538510928,1.0807266772993351,-0.05159400620297705
2022-08-10,Extended Sentiment Momentum,extended,1.0,momentum,0.009895904297935578,0.0,0.009895904297935578,1.0914214450701154,-0.042208671252773056
2022-08-11,Extended Sentiment Momentum,extended,1.0,momentum,-0.0023469490961544083,0.0,-0.0023469490961544083,1.0888599344960845,-0.0444565587460809
2022-08-12,Extended Sentiment Momentum,extended,1.0,momentum,0.013414450383269653,0.0,0.013414450383269653,1.1034663920617125,-0.03163846866432152
2022-08-15,Extended Sentiment Momentum,extended,1.0,momentum,0.007887941667934897,0.0,0.007887941667934897,1.1121704705948219,-0.02400008939167353
2022-08-16,Extended Sentiment Momentum,extended,1.0,momentum,0.015915814453097837,0.0,0.015915814453097837,1.1298715694450234,-0.0084662559081915
2022-08-17,Extended Sentiment Momentum,extended,1.0,momentum,-0.005028622043947816,0.0,-0.005028622043947816,1.1241898723640822,-0.013452304351049715
2022-08-18,Extended Sentiment Momentum,extended,1.0,momentum,-0.002016260353792479,0.0,-0.002016260353792479,1.1219232128942995,-0.015441441356911945
2022-08-19,Extended Sentiment Momentum,extended,1.0,momentum,-0.004698335850520786,0.0,-0.004698335850520786,1.1166520408416267,-0.0200672281299219
2022-08-22,Extended Sentiment Momentum,extended,1.0,momentum,-0.0135374239836691,0.0,-0.0135374239836691,1.1015354487225242,-0.03333299353821928
2022-08-23,Extended Sentiment Momentum,extended,1.0,momentum,-0.0036636286627304586,0.0,-0.0036636286627304586,1.0974998318795706,-0.03687450249040869
2022-08-24,Extended Sentiment Momentum,extended,1.0,momentum,0.00025838667377961586,0.0,0.00025838667377961586,1.0977834112106035,-0.03662564369667487
2022-08-25,Extended Sentiment Momentum,extended,1.0,momentum,0.006693307748935994,0.0,0.006693307748935994,1.1051312134235127,-0.03017748265250375
2022-08-26,Extended Sentiment Momentum,extended,1.0,momentum,-0.01544569378383982,0.0,-0.01544569378383982,1.0880616951100097,-0.04515706428012589
2022-08-29,Extended Sentiment Momentum,extended,1.0,momentum,-0.00622908478635639,0.0,-0.00622908478635639,1.0812840665583827,-0.05110486188437857
2022-08-30,Extended Sentiment Momentum,extended,1.0,momentum,-0.007930529005961555,0.0,-0.007930529005961555,1.0727089119048574,-0.05863010230082033
2022-08-31,Extended Sentiment Momentum,extended,1.0,momentum,-0.00381923193746919,0.0,-0.00381923193746919,1.0686119877689026,-0.06222541227908507
2022-09-01,Extended Sentiment Momentum,extended,1.0,momentum,0.005600905144431924,0.0004738800467621714,0.005127025097669752,1.0740907882498647,-0.05741741843188297
2022-09-02,Extended Sentiment Momentum,extended,1.0,momentum,-0.006427408994278017,0.0,-0.006427408994278017,1.0671871674567963,-0.06347578219450367
2022-09-06,Extended Sentiment Momentum,extended,1.0,momentum,-0.002253986474300209,0.0,-0.002253986474300209,1.064781742015802,-0.06558669511429194
2022-09-07,Extended Sentiment Momentum,extended,1.0,momentum,0.009860290002763483,0.0,0.009860290002763483,1.0752807987817254,-0.05637310894567815
2022-09-08,Extended Sentiment Momentum,extended,1.0,momentum,0.0024093532945328186,0.0,0.0024093532945328186,1.077871530116818,-0.05409957838690671
2022-09-09,Extended Sentiment Momentum,extended,1.0,momentum,0.014092066412881929,0.0,0.014092066412881929,1.0930609673037788,-0.04076988682556204
2022-09-12,Extended Sentiment Momentum,extended,1.0,momentum,0.0011438417923881191,0.0,0.0011438417923881191,1.094311256119809,-0.03967267933359597
2022-09-13,Extended Sentiment Momentum,extended,1.0,momentum,-0.028945496082888295,0.0,-0.028945496082888295,1.0626358739423325,-0.06746983003223594
2022-09-14,Extended Sentiment Momentum,extended,1.0,momentum,0.0077562597437598885,0.0,0.0077562597437598885,1.0708779537936666,-0.060236883815073416
2022-09-15,Extended Sentiment Momentum,extended,1.0,momentum,-0.013567021037040793,0.0,-0.013567021037040793,1.0563493300664448,-0.07298666978218915
2022-09-16,Extended Sentiment Momentum,extended,1.0,momentum,-0.008756978383525927,0.0,-0.008756978383525927,1.047098901817601,-0.0811045054761469
2022-09-19,Extended Sentiment Momentum,extended,1.0,momentum,0.003999333426618039,0.0,0.003999333426618039,1.051286599456615,-0.07742953600932911
2022-09-20,Extended Sentiment Momentum,extended,1.0,momentum,-0.011780005007396361,0.0,-0.011780005007396361,1.0389024380508074,-0.08829742069481505
2022-09-21,Extended Sentiment Momentum,extended,1.0,momentum,-0.01435071076933249,0.0,-0.01435071076933249,1.023993449644786,-0.1013810007180781
2022-09-22,Extended Sentiment Momentum,extended,1.0,momentum,0.0008887297927084221,0.0,0.0008887297927084221,1.0249035031310236,-0.10058237124112246
2022-09-23,Extended Sentiment Momentum,extended,1.0,momentum,-0.02274465689590079,0.0,-0.02274465689590079,1.0015924246009018,-0.12103931661336764
2022-09-26,Extended Sentiment Momentum,extended,1.0,momentum,-0.014851193800967288,0.0,-0.014851193800967288,0.986717581393573,-0.13409293206577333
2022-09-27,Extended Sentiment Momentum,extended,1.0,momentum,-0.005749336260280114,0.0,-0.005749336260280114,0.9810446102242111,-0.13907132296948033
2022-09-28,Extended Sentiment Momentum,extended,1.0,momentum,0.023653663541286722,0.0,0.023653663541286722,1.0042499093534474,-0.1187072057099553
2022-09-29,Extended Sentiment Momentum,extended,1.0,momentum,-0.01839084193913218,0.0,-0.01839084193913218,0.9857809080031403,-0.13491492219183965
2022-09-30,Extended Sentiment Momentum,extended,1.0,momentum,-0.015305428544928149,0.0,-0.015305428544928149,0.9706931087547439,-0.14815542003551596
2022-10-03,Extended Sentiment Momentum,extended,1.0,momentum,0.024789232986031202,0.0005129147037934429,0.02427631828223776,0.994257963617249,-0.12747576988529896
2022-10-04,Extended Sentiment Momentum,extended,1.0,momentum,0.02008724840801818,0.0,0.02008724840801818,1.014229870314079,-0.10994915893297008
2022-10-05,Extended Sentiment Momentum,extended,1.0,momentum,-0.005317987170451247,0.0,-0.005317987170451247,1.0088362088758602,-0.11468243788681398
2022-10-06,Extended Sentiment Momentum,extended,1.0,momentum,-0.00905703083418219,0.0,-0.00905703083418219,0.9996991482254322,-0.1227007863449161
2022-10-07,Extended Sentiment Momentum,extended,1.0,momentum,-0.015412807120145628,0.0,-0.015412807120145628,0.9842909780756597,-0.13622242991163735
2022-10-10,Extended Sentiment Momentum,extended,1.0,momentum,-2.8875236049635388e-05,0.0,-2.8875236049635388e-05,0.9842625564413262,-0.13624737169286805
2022-10-11,Extended Sentiment Momentum,extended,1.0,momentum,0.014939994461138233,0.0,0.014939994461138233,0.9989674335828653,-0.12334291221016591
2022-10-12,Extended Sentiment Momentum,extended,1.0,momentum,-0.003459428201836664,0.0,-0.003459428201836664,0.9955115774704124,-0.1263756444630061
2022-10-13,Extended Sentiment Momentum,extended,1.0,momentum,0.018643342229528632,0.0,0.018643342229528632,1.0140712405026513,-0.1100883666226784
2022-10-14,Extended Sentiment Momentum,extended,1.0,momentum,-0.013033258831105373,0.0,-0.013033258831105373,1.000854587552,-0.12168681527729686
2022-10-17,Extended Sentiment Momentum,extended,1.0,momentum,0.0115975251409412,0.0,0.0115975251409412,1.0124620237935609,-0.11150055603585507
2022-10-18,Extended Sentiment Momentum,extended,1.0,momentum,0.011859371264009606,0.0,0.011859371264009606,1.0244691868244393,-0.10096351126201808
2022-10-19,Extended Sentiment Momentum,extended,1.0,momentum,-0.007506212715027757,0.0,-0.007506212715027757,1.0167793031881436,-0.10771187038505703
2022-10-20,Extended Sentiment Momentum,extended,1.0,momentum,-0.0033455619840428784,0.0,-0.0033455619840428784,1.0133776050052357,-0.1106970756303095
2022-10-21,Extended Sentiment Momentum,extended,1.0,momentum,0.019320195564616307,0.0,0.019320195564616307,1.0329562585147394,-0.09351556921530191
2022-10-24,Extended Sentiment Momentum,extended,1.0,momentum,0.017963171291398336,0.0,0.017963171291398336,1.0515114287229617,-0.07723223411213054
2022-10-25,Extended Sentiment Momentum,extended,1.0,momentum,0.009870402902113466,0.0,0.009870402902113466,1.0618902701806343,-0.06812414447773407
2022-10-26,Extended Sentiment Momentum,extended,1.0,momentum,0.012606866479568508,0.0,0.012606866479568508,1.0752773790327543,-0.05637610999163134
2022-10-27,Extended Sentiment Momentum,extended,1.0,momentum,0.0009295580576107606,0.0,0.0009295580576107606,1.0762769117846007,-0.05549895680132022
2022-10-28,Extended Sentiment Momentum,extended,1.0,momentum,0.025624592993873457,0.0,0.025624592993873457,1.1038560695977842,-0.03129650198706513
2022-10-31,Extended Sentiment Momentum,extended,1.0,momentum,-0.007579246533618299,0.0,-0.007579246533618299,1.0954896723086716,-0.03863854461648364
2022-11-01,Extended Sentiment Momentum,extended,1.0,momentum,-0.005229879124969822,0.0004240509577568199,-0.005653930082726641,1.0892958502950891,-0.04407401506945041
2022-11-02,Extended Sentiment Momentum,extended,1.0,momentum,-0.009518532690775381,0.0,-0.009518532690775381,1.0789273521341294,-0.05317302780697353
2022-11-03,Extended Sentiment Momentum,extended,1.0,momentum,-0.006586436967419418,0.0,-0.006586436967419418,1.0718210651368731,-0.05940924397837555
2022-11-04,Extended Sentiment Momentum,extended,1.0,momentum,0.009971080631210428,0.0,0.009971080631210428,1.0825082793995826,-0.05003053770911281
2022-11-07,Extended Sentiment Momentum,extended,1.0,momentum,0.013068520063009154,0.0,0.013068520063009154,1.0966550605672896,-0.037615842731918314
2022-11-08,Extended Sentiment Momentum,extended,1.0,momentum,0.011519959029552804,0.0,0.011519959029552804,1.1092884819345763,-0.026529216669499478
2022-11-09,Extended Sentiment Momentum,extended,1.0,momentum,-0.006947496230536146,0.0,-0.006947496230536146,1.1015817043877587,-0.03329240126722521
2022-11-10,Extended Sentiment Momentum,extended,1.0,momentum,0.0157993483766126,0.0,0.0157993483766126,1.1189859775006836,-0.018019051136527464
2022-11-11,Extended Sentiment Momentum,extended,1.0,momentum,-0.015440274975286328,0.0,-0.015440274975286328,1.1017085263145836,-0.03318110700747201
2022-11-14,Extended Sentiment Momentum,extended,1.0,momentum,0.0033057563003218177,0.0,0.0033057563003218177,1.1053505062165663,-0.029985039360691745
2022-11-15,Extended Sentiment Momentum,extended,1.0,momentum,0.0038167924496171077,0.0,0.0038167924496171077,1.1095693996828742,-0.026282693582908023
2022-11-16,Extended Sentiment Momentum,extended,1.0,momentum,0.0012702832451135706,0.0,0.0012702832451135706,1.110978867100582,-0.02504579680308927
2022-11-17,Extended Sentiment Momentum,extended,1.0,momentum,0.009981681081399407,0.0,0.009981681081399407,1.1220683038401547,-0.01531411487780765
2022-11-18,Extended Sentiment Momentum,extended,1.0,momentum,0.010640242605235304,0.0,0.010640242605235304,1.1340073828126587,-0.004836818170156687
2022-11-21,Extended Sentiment Momentum,extended,1.0,momentum,0.006486746792582186,0.0,0.006486746792582186,1.1413634015658833,0.0
2022-11-22,Extended Sentiment Momentum,extended,1.0,momentum,0.008506878351122633,0.0,0.008506878351122633,1.1510728411774278,0.0
2022-11-23,Extended Sentiment Momentum,extended,1.0,momentum,-0.0014390643241152315,0.0,-0.0014390643241152315,1.1494163733172313,-0.0014390643241153356
2022-11-25,Extended Sentiment Momentum,extended,1.0,momentum,0.002566264921418121,0.0,0.002566264921418121,1.152366080236179,0.0
2022-11-28,Extended Sentiment Momentum,extended,1.0,momentum,-0.004489197803683975,0.0,-0.004489197803683975,1.147192880959743,-0.004489197803683953
2022-11-29,Extended Sentiment Momentum,extended,1.0,momentum,0.0024926659607505015,0.0,0.0024926659607505015,1.1500524496045266,-0.002007721913489746
2022-11-30,Extended Sentiment Momentum,extended,1.0,momentum,0.015336066068365056,0.0,0.015336066068365056,1.1676897299537465,0.0
2022-12-01,Extended Sentiment Momentum,extended,1.0,momentum,0.0011475993971220724,0.00019358193083023924,0.0009540174662918332,1.168803726351332,0.0
2022-12-02,Extended Sentiment Momentum,extended,1.0,momentum,0.0026664964562841936,0.0,0.0026664964562841936,1.1719203373457396,0.0
2022-12-05,Extended Sentiment Momentum,extended,1.0,momentum,-0.00640433896492686,0.0,-0.00640433896492686,1.164414962265486,-0.00640433896492687
2022-12-06,Extended Sentiment Momentum,extended,1.0,momentum,-0.010853484590039592,0.0,-0.010853484590039592,1.151777002416126,-0.017188314160701323
2022-12-07,Extended Sentiment Momentum,extended,1.0,momentum,0.0034590662999205704,0.0,0.0034590662999205704,1.1557610754302072,-0.013788703379046363
2022-12-08,Extended Sentiment Momentum,extended,1.0,momentum,0.004089824026258791,0.0,0.004089824026258791,1.1604879348451165,-0.009755272723158126
2022-12-09,Extended Sentiment Momentum,extended,1.0,momentum,-0.017890061540140546,0.0,-0.017890061540140546,1.1397267342741468,-0.0274708118339404
2022-12-12,Extended Sentiment Momentum,extended,1.0,momentum,0.006552258143077858,0.0,0.006552258143077858,1.1471945180496783,-0.021098549541398337
2022-12-13,Extended Sentiment Momentum,extended,1.0,momentum,0.003687444801092001,0.0,0.003687444801092001,1.1514247345111017,-0.01748890447712348
2022-12-14,Extended Sentiment Momentum,extended,1.0,momentum,0.0013601873028675636,0.0,0.0013601873028675636,1.1529908878151913,-0.016152505360066738
2022-12-15,Extended Sentiment Momentum,extended,1.0,momentum,-0.015555969633754054,0.0,-0.015555969633754054,1.135054996576343,-0.031457207110930585
2022-12-16,Extended Sentiment Momentum,extended,1.0,momentum,-0.006463864361881251,0.0,-0.006463864361881251,1.1277181550351978,-0.03771773635284337
2022-12-19,Extended Sentiment Momentum,extended,1.0,momentum,-0.000838150734223489,0.0,-0.000838150734223489,1.126772957235558,-0.03852427393864932
2022-12-20,Extended Sentiment Momentum,extended,1.0,momentum,0.0015587982252902525,0.0,0.0015587982252902525,1.1285293689216018,-0.037025527283205295
2022-12-21,Extended Sentiment Momentum,extended,1.0,momentum,0.010985435814329581,0.0,0.010985435814329581,1.140926755868476,-0.02644683302233708
2022-12-22,Extended Sentiment Momentum,extended,1.0,momentum,-0.0039042900561491707,0.0,-0.0039042900561491707,1.1364722468807442,-0.03024786697130044
2022-12-23,Extended Sentiment Momentum,extended,1.0,momentum,0.0033909635313369613,0.0,0.0033909635313369613,1.1403259828242933,-0.026959472853763877
2022-12-27,Extended Sentiment Momentum,extended,1.0,momentum,0.0009949285858791284,0.0,0.0009949285858791284,1.1414605257418258,-0.025991367018087352
2022-12-28,Extended Sentiment Momentum,extended,1.0,momentum,-0.010331239120472839,0.0,-0.010331239120472839,1.1296678241038063,-0.03605408311082836
2022-12-29,Extended Sentiment Momentum,extended,1.0,momentum,0.0048706484281503615,0.0,0.0048706484281503615,1.1351700389156096,-0.03135904144591006
2022-12-30,Extended Sentiment Momentum,extended,1.0,momentum,-7.375553942830172e-05,0.0,-7.375553942830172e-05,1.1350863138370466,-0.03143048408232052
2023-01-03,Extended Sentiment Momentum,extended,1.0,momentum,-0.0011904192749176592,0.00022657014644772398,-0.0014169894213653831,1.133477908538003,-0.032802936840232944
2023-01-04,Extended Sentiment Momentum,extended,1.0,momentum,0.009111269749616936,0.0,0.009111269749616936,1.1438053315179244,-0.023990543496746897
2023-01-05,Extended Sentiment Momentum,extended,1.0,momentum,0.004483483378489814,0.0,0.004483483378489814,1.148933563710013,-0.01961462132126557
2023-01-06,Extended Sentiment Momentum,extended,1.0,momentum,0.012934027501382724,0.0,0.012934027501382724,1.1637939020203,-0.0069342898714813694
2023-01-09,Extended Sentiment Momentum,extended,1.0,momentum,-0.01935599545958687,0.0,-0.01935599545958687,1.1412675125369003,-0.026156065247800342
2023-01-10,Extended Sentiment Momentum,extended,1.0,momentum,0.0032245771983130367,0.0,0.0032245771983130367,1.1449476177350022,-0.023015830301083007
2023-01-11,Extended Sentiment Momentum,extended,1.0,momentum,0.004542264780582068,0.0,0.004542264780582068,1.1501482729746513,-0.018578109515873353
2023-01-12,Extended Sentiment Momentum,extended,1.0,momentum,0.001133616858925959,0.0,0.001133616858925959,1.1514521004471598,-0.017465553115101562
2023-01-13,Extended Sentiment Momentum,extended,1.0,momentum,0.001709235791368154,0.0,0.001709235791368154,1.1534202035892902,-0.01578617007223382
2023-01-17,Extended Sentiment Momentum,extended,1.0,momentum,-0.007523270147480586,0.0,-0.007523270147480586,1.144742711804126,-0.023190676597666826
2023-01-18,Extended Sentiment Momentum,extended,1.0,momentum,-0.015502089415258581,0.0,-0.015502089415258581,1.1269968079282728,-0.038333262070708085
2023-01-19,Extended Sentiment Momentum,extended,1.0,momentum,0.0008767548080399455,0.0,0.0008767548080399455,1.1279849077982695,-0.03749011613449649
2023-01-20,Extended Sentiment Momentum,extended,1.0,momentum,0.007516254983754745,0.0,0.007516254983754745,1.1364631299831085,-0.030255646422979177
2023-01-23,Extended Sentiment Momentum,extended,1.0,momentum,0.0017135644544806663,0.0,0.0017135644544806663,1.1384105328064753,-0.02859392696875629
2023-01-24,Extended Sentiment Momentum,extended,1.0,momentum,-0.0042494509616830154,0.0,-0.0042494509616830154,1.1335729130730507,-0.032721869439983675
2023-01-25,Extended Sentiment Momentum,extended,1.0,momentum,-0.002027784059318303,0.0,-0.002027784059318303,1.1312742719898463,-0.03468330061406033
2023-01-26,Extended Sentiment Momentum,extended,1.0,momentum,-0.0006397955155387196,0.0,-0.0006397955155387196,1.1305504877837829,-0.03530090590940216
2023-01-27,Extended Sentiment Momentum,extended,1.0,momentum,-0.008017386028067015,0.0,-0.008017386028067015,1.121486428099001,-0.043035270947652915
2023-01-30,Extended Sentiment Momentum,extended,1.0,momentum,-0.0025586956014779392,0.0,-0.0025586956014779392,1.1186168857083068,-0.04548385239064878
2023-01-31,Extended Sentiment Momentum,extended,1.0,momentum,0.007574729032051498,0.0,0.007574729032051498,1.1270901055082245,-0.03825365121579016
2023-02-01,Extended Sentiment Momentum,extended,1.0,momentum,-0.012958596988983183,0.0003530702956671385,-0.013311667284650322,1.1120866570238777,-0.05105609862303284
2023-02-02,Extended Sentiment Momentum,extended,1.0,momentum,-0.020984978592674106,0.0,-0.020984978592674106,1.0887495423330331,-0.07096966607907707
2023-02-03,Extended Sentiment Momentum,extended,1.0,momentum,-0.006477942992976391,0.0,-0.006477942992976391,1.0816966848641705,-0.07698787162096277
2023-02-06,Extended Sentiment Momentum,extended,1.0,momentum,0.0020009011028477306,0.0,0.0020009011028477306,1.083861052953862,-0.07514101563534725
2023-02-07,Extended Sentiment Momentum,extended,1.0,momentum,0.015546479276673993,0.0,0.015546479276673993,1.1007112763524032,-0.06076271460107652
2023-02-08,Extended Sentiment Momentum,extended,1.0,momentum,-0.002645171596636581,0.0,-0.002645171596636581,1.0977997061480982,-0.06324715839091577
2023-02-09,Extended Sentiment Momentum,extended,1.0,momentum,0.0013991767003972728,0.0,0.0013991767003972728,1.0993357219186437,-0.06193647564090532
2023-02-10,Extended Sentiment Momentum,extended,1.0,momentum,0.01619400689300555,0.0,0.01619400689300555,1.1171383721771215,-0.046745468461356965
2023-02-13,Extended Sentiment Momentum,extended,1.0,momentum,0.007425898286434597,0.0,0.007425898286434597,1.125434128100782,-0.03966669726906813
2023-02-14,Extended Sentiment Momentum,extended,1.0,momentum,-0.0049227061604367964,0.0,-0.0049227061604367964,1.1198939465852145,-0.04439413593449426
2023-02-15,Extended Sentiment Momentum,extended,1.0,momentum,-0.005429585004547205,0.0,-0.005429585004547205,1.1138133872061522,-0.04958267920428172
2023-02-16,Extended Sentiment Momentum,extended,1.0,momentum,-0.01186302375793507,0.0,-0.01186302375793507,1.1006001925318196,-0.06085750246083421
2023-02-17,Extended Sentiment Momentum,extended,1.0,momentum,0.012451560505260346,0.0,0.012451560505260346,1.1143043824212309,-0.04916371282966392
2023-02-21,Extended Sentiment Momentum,extended,1.0,momentum,-0.0034970387194738013,0.0,-0.0034970387194738013,1.1104076168506245,-0.052488824141779244
2023-02-22,Extended Sentiment Momentum,extended,1.0,momentum,-0.0031776093687330585,0.0,-0.0031776093687330585,1.1068791752042075,-0.055499644531165515
2023-02-23,Extended Sentiment Momentum,extended,1.0,momentum,0.007063962420719838,0.0,0.007063962420719838,1.1146981281021273,-0.04882772951377723
2023-02-24,Extended Sentiment Momentum,extended,1.0,momentum,-0.0032802551659890126,0.0,-0.0032802551659890126,1.111041633808902,-0.05194781726778519
2023-02-27,Extended Sentiment Momentum,extended,1.0,momentum,-0.0007386181117046045,0.0,-0.0007386181117046045,1.1102209983353128,-0.052648065780792286
2023-02-28,Extended Sentiment Momentum,extended,1.0,momentum,-0.016296719331354292,0.0,-0.016296719331354292,1.0921280383296663,-0.06808679436077836
2023-03-01,Extended Sentiment Momentum,extended,1.0,momentum,-0.0030748339716222166,0.0002818486120454929,-0.0033566825836677094,1.0884621111642698,-0.07121493118763755
2023-03-02,Extended Sentiment Momentum,extended,1.0,momentum,0.008513924417452608,0.0,0.008513924417452608,1.0977291953099833,-0.06330732531171057
2023-03-03,Extended Sentiment Momentum,extended,1.0,momentum,0.0038594119546128463,0.0,0.0038594119546128463,1.1019657844892903,-0.0596922424052202
2023-03-06,Extended Sentiment Momentum,extended,1.0,momentum,0.01593496406516291,0.0,0.01593496406516291,1.1195255696661661,-0.044708472077753525
2023-03-07,Extended Sentiment Momentum,extended,1.0,momentum,-0.005616893657060315,0.0,-0.005616893657060315,1.1132373135949913,-0.050074243001583474
2023-03-08,Extended Sentiment Momentum,extended,1.0,momentum,-0.011882196504459371,0.0,-0.011882196504459371,1.1000096090787592,-0.061361447510886014
2023-03-09,Extended Sentiment Momentum,extended,1.0,momentum,-0.010469272728060853,0.0,-0.010469272728060853,1.088493308477826,-0.07118831050996677
2023-03-10,Extended Sentiment Momentum,extended,1.0,momentum,-0.004035528239057455,0.0,-0.004035528239057455,1.0841006629934387,-0.07493655631167051
2023-03-13,Extended Sentiment Momentum,extended,1.0,momentum,-0.0024945372449043913,0.0,-0.0024945372449043913,1.081396333512376,-0.07724416152585067
2023-03-14,Extended Sentiment Momentum,extended,1.0,momentum,0.013175828770850169,0.0,0.013175828770850169,1.0956446264361601,-0.065086088600813
2023-03-15,Extended Sentiment Momentum,extended,1.0,momentum,0.001997430810425428,0.0,0.001997430810425428,1.0978331007702806,-0.06321866274908905
2023-03-16,Extended Sentiment Momentum,extended,1.0,momentum,0.0030617153354839167,0.0,0.0030617153354839167,1.101194353210711,-0.060350504962832785
2023-03-17,Extended Sentiment Momentum,extended,1.0,momentum,-0.01307951005851797,0.0,-0.01307951005851797,1.0867912705915084,-0.07264065998465263
2023-03-20,Extended Sentiment Momentum,extended,1.0,momentum,0.011356142825785741,0.0,0.011356142825785741,1.0991330274821627,-0.06210943486861198
2023-03-21,Extended Sentiment Momentum,extended,1.0,momentum,0.0012381736900208434,0.0,0.0012381736900208434,1.1004939450786242,-0.06094816344674736
2023-03-22,Extended Sentiment Momentum,extended,1.0,momentum,-0.013599684229369155,0.0,-0.013599684229369155,1.0855275749292221,-0.07371897189888077
2023-03-23,Extended Sentiment Momentum,extended,1.0,momentum,0.004901187933443963,0.0,0.004901187933443963,1.0908479495808858,-0.06917909450097359
2023-03-24,Extended Sentiment Momentum,extended,1.0,momentum,0.013233577913688583,0.0,0.013233577913688583,1.1052837709136518,-0.056861003524362186
2023-03-27,Extended Sentiment Momentum,extended,1.0,momentum,0.010073092381561777,0.0,0.010073092381561777,1.1164173964459059,-0.047360677284209673
2023-03-28,Extended Sentiment Momentum,extended,1.0,momentum,-0.005521047819829543,0.0,-0.005521047819829543,1.1102536026132384,-0.052620244539973715
2023-03-29,Extended Sentiment Momentum,extended,1.0,momentum,0.0031512674508504795,0.0,0.0031512674508504795,1.113752308653343,-0.04963479755299782
2023-03-30,Extended Sentiment Momentum,extended,1.0,momentum,0.005531875878917118,0.0,0.005531875878917118,1.1199134481846706,-0.04437749521341905
2023-03-31,Extended Sentiment Momentum,extended,1.0,momentum,0.007781484914939187,0.0,0.007781484914939187,1.128628037787757,-0.036941333108045926
2023-04-03,Extended Sentiment Momentum,extended,1.0,momentum,0.009882243686273828,0.00034840424595046634,0.009533839440323362,1.1393881962878727,-0.027759686406286233
2023-04-04,Extended Sentiment Momentum,extended,1.0,momentum,0.004055378230833899,0.0,0.004055378230833899,1.1440088463755675,-0.023816884203399225
2023-04-05,Extended Sentiment Momentum,extended,1.0,momentum,0.012903503748776336,0.0,0.012903503748776336,1.158770568813408,-0.011220701709225622
2023-04-06,Extended Sentiment Momentum,extended,1.0,momentum,0.0007651971121216972,0.0,0.0007651971121216972,1.1596572567062755,-0.010464090645647905
2023-04-10,Extended Sentiment Momentum,extended,1.0,momentum,-0.0003049575603450773,0.0,-0.0003049575603450773,1.1593036104584338,-0.010765857102438603
2023-04-11,Extended Sentiment Momentum,extended,1.0,momentum,-0.00044442574009752415,0.0,-0.00044442574009752415,1.158788386093358,-0.011205498218525567
2023-04-12,Extended Sentiment Momentum,extended,1.0,momentum,0.0016007754294756315,0.0,0.0016007754294756315,1.160643346069778,-0.009622660275273143
2023-04-13,Extended Sentiment Momentum,extended,1.0,momentum,0.009190905760642217,0.0,0.009190905760642217,1.171310709685222,-0.0005201954783875529
2023-04-14,Extended Sentiment Momentum,extended,1.0,momentum,-0.004090620779480911,0.0,-0.004090620779480911,1.1665193217569552,-0.0046086883354351516
2023-04-17,Extended Sentiment Momentum,extended,1.0,momentum,0.0014933586996585914,0.0,0.0014933586996585914,1.1682613535344208,-0.0031222120605961523
2023-04-18,Extended Sentiment Momentum,extended,1.0,momentum,-0.0008288773270671613,0.0,-0.0008288773270671613,1.1672930081863875,-0.003948501456875864
2023-04-19,Extended Sentiment Momentum,extended,1.0,momentum,-0.000226080317440496,0.0,-0.000226080317440496,1.1670291062125506,-0.004173689095853583
2023-04-20,Extended Sentiment Momentum,extended,1.0,momentum,-0.004839984106930638,0.0,-0.004839984106930638,1.1613807038861563,-0.008993472613893161
2023-04-21,Extended Sentiment Momentum,extended,1.0,momentum,0.006069656766523861,0.0,0.006069656766523861,1.1684298861340092,-0.0029784031392746657
2023-04-24,Extended Sentiment Momentum,extended,1.0,momentum,0.0025070121677981394,0.0,0.0025070121677981394,1.1713591540757662,-0.00047885786438728317
2023-04-25,Extended Sentiment Momentum,extended,1.0,momentum,-0.0012520586096618723,0.0,-0.0012520586096618723,1.1698925437618994,-0.00173031691593728
2023-04-26,Extended Sentiment Momentum,extended,1.0,momentum,-0.018166852992628938,0.0,-0.018166852992628938,1.1486392779022043,-0.019865735495523618
2023-04-27,Extended Sentiment Momentum,extended,1.0,momentum,-0.002309254027446331,0.0,-0.002309254027446331,1.1459867780236257,-0.02212911449326871
2023-04-28,Extended Sentiment Momentum,extended,1.0,momentum,0.004608365468883808,0.0,0.004608365468883808,1.151267903919267,-0.017622728071472804
2023-05-01,Extended Sentiment Momentum,extended,1.0,momentum,-0.0014400865909069641,0.00042191723878628275,-0.001862003829693247,1.1491242386731664,-0.019451918314007388
2023-05-02,Extended Sentiment Momentum,extended,1.0,momentum,-0.01215379285070896,0.0,-0.01215379285070896,1.135158020716604,-0.03136929657897891
2023-05-03,Extended Sentiment Momentum,extended,1.0,momentum,-0.012052284714293041,0.0,-0.012052284714293041,1.1214767730552142,-0.043043509599615004
2023-05-04,Extended Sentiment Momentum,extended,1.0,momentum,0.003764209252033109,0.0,0.003764209252033109,1.125698246300289,-0.0394413251246567
2023-05-05,Extended Sentiment Momentum,extended,1.0,momentum,0.014191181269402952,0.0,0.014191181269402952,1.1416732341681852,-0.025809862849603293
2023-05-08,Extended Sentiment Momentum,extended,1.0,momentum,-0.001911159710601042,0.0,-0.001911159710601042,1.1394913142803713,-0.02767169579019013
2023-05-09,Extended Sentiment Momentum,extended,1.0,momentum,-0.004288527359213987,0.0,-0.004288527359213987,1.1346045746034932,-0.03184155232493213
2023-05-10,Extended Sentiment Momentum,extended,1.0,momentum,-0.001112532784421791,0.0,-0.001112532784421791,1.133342289816892,-0.03291866033848545
2023-05-11,Extended Sentiment Momentum,extended,1.0,momentum,-0.003616042358994406,0.0,-0.003616042358994406,1.1292440760896743,-0.03641566742729463
2023-05-12,Extended Sentiment Momentum,extended,1.0,momentum,0.002278182511770347,0.0,0.002278182511770347,1.131816700195342,-0.03422044645221156
2023-05-15,Extended Sentiment Momentum,extended,1.0,momentum,-0.0018572617768703875,0.0,-0.0018572617768703875,1.1297146202996458,-0.03601415190189872
2023-05-16,Extended Sentiment Momentum,extended,1.0,momentum,-0.019283570952369152,0.0,-0.019283570952369152,1.1079296882631688,-0.0546032414007781
2023-05-17,Extended Sentiment Momentum,extended,1.0,momentum,0.0011184677367313382,0.0,0.0011184677367313382,1.109168871874058,-0.053545845627874566
2023-05-18,Extended Sentiment Momentum,extended,1.0,momentum,0.0006257816228727589,0.0,0.0006257816228727589,1.1098629693707394,-0.052953572011176786
2023-05-19,Extended Sentiment Momentum,extended,1.0,momentum,-0.001311065129617334,0.0,-0.001311065129617334,1.1084078667329438,-0.05419521155904172
2023-05-22,Extended Sentiment Momentum,extended,1.0,momentum,-0.0019231816594262486,0.0,-0.0019231816594262486,1.1062761970524793,-0.05601416598156883
2023-05-23,Extended Sentiment Momentum,extended,1.0,momentum,-0.0021546132283117216,0.0,-0.0021546132283117216,1.1038925997241436,-0.05804809034688385
2023-05-24,Extended Sentiment Momentum,extended,1.0,momentum,-0.00927100426764782,0.0,-0.00927100426764782,1.0936584067210762,-0.06678093052119694
2023-05-25,Extended Sentiment Momentum,extended,1.0,momentum,-0.013368796398549224,0.0,-0.013368796398549224,1.0790375101520604,-0.07925694625630253
2023-05-26,Extended Sentiment Momentum,extended,1.0,momentum,0.0010593088442343,0.0,0.0010593088442343,1.0801805441298251,-0.07828159499620446
2023-05-30,Extended Sentiment Momentum,extended,1.0,momentum,5.6784393448942253e-05,0.0,5.6784393448942253e-05,1.0802418815268389,-0.07822925577564566
2023-05-31,Extended Sentiment Momentum,extended,1.0,momentum,0.007863198630680098,0.0,0.007863198630680098,1.088736038010464,-0.0709811893218597
2023-06-01,Extended Sentiment Momentum,extended,1.0,momentum,0.0005709123041834154,0.0005274272633740418,4.3485040809373575e-05,1.0887833817415076,-0.07094079090096461
2023-06-02,Extended Sentiment Momentum,extended,1.0,momentum,0.012567278486447942,0.0,0.012567278486447942,1.1024664257112695,-0.059265045089818114
2023-06-05,Extended Sentiment Momentum,extended,1.0,momentum,0.0031977672017624373,0.0,0.0031977672017624373,1.1059918566884532,-0.05625679370545489
2023-06-06,Extended Sentiment Momentum,extended,1.0,momentum,-0.009778336140514291,0.0,-0.009778336140514291,1.095177096545082,-0.06548503200692968
2023-06-07,Extended Sentiment Momentum,extended,1.0,momentum,-0.0024974730319160185,0.0,-0.0024974730319160185,1.0924419212812886,-0.06781895793741421
2023-06-08,Extended Sentiment Momentum,extended,1.0,momentum,0.009973100980163411,0.0,0.009973100980163411,1.1033369548771905,-0.0585222222731302
2023-06-09,Extended Sentiment Momentum,extended,1.0,momentum,0.0013608837901484634,0.0,0.0013608837901484634,1.1048384682541545,-0.057240980426636834
2023-06-12,Extended Sentiment Momentum,extended,1.0,momentum,-0.0020200629941993344,0.0,-0.0020200629941993344,1.1026066249498665,-0.059145413034524585
2023-06-13,Extended Sentiment Momentum,extended,1.0,momentum,0.006449162012961772,0.0,0.006449162012961772,1.1097175137107333,-0.053077689372545866
2023-06-14,Extended Sentiment Momentum,extended,1.0,momentum,0.0017479332132396318,0.0,0.0017479332132396318,1.1116572258102622,-0.05142253241544237
2023-06-15,Extended Sentiment Momentum,extended,1.0,momentum,0.008187002307081345,0.0,0.008187002307081345,1.1207583660826543,-0.043656526499882276
2023-06-16,Extended Sentiment Momentum,extended,1.0,momentum,-0.003317229446218456,0.0,-0.003317229446218456,1.1170405534285892,-0.04682893723087578
2023-06-20,Extended Sentiment Momentum,extended,1.0,momentum,-0.005031179972851296,0.0,-0.005031179972851296,1.1114205213673165,-0.05162451239258126
2023-06-21,Extended Sentiment Momentum,extended,1.0,momentum,0.0010924702506231,0.0,0.0010924702506231,1.1126347152228424,-0.050588440385949895
2023-06-22,Extended Sentiment Momentum,extended,1.0,momentum,0.011249357497788106,0.0,0.011249357497788106,1.1251511408988337,-0.03990817033931893
2023-06-23,Extended Sentiment Momentum,extended,1.0,momentum,-0.0011283992764595336,0.0,-0.0011283992764595336,1.1238815211655357,-0.04099153726524285
2023-06-26,Extended Sentiment Momentum,extended,1.0,momentum,-0.002940540629245123,0.0,-0.002940540629245123,1.1205767018900907,-0.04381154061370429
2023-06-27,Extended Sentiment Momentum,extended,1.0,momentum,0.0028505719425066353,0.0,0.0028505719425066353,1.1237709863959253,-0.041085856619629046
2023-06-28,Extended Sentiment Momentum,extended,1.0,momentum,-0.0024815666584773544,0.0,-0.0024815666584773544,1.120982273784321,-0.04346546598618417
2023-06-29,Extended Sentiment Momentum,extended,1.0,momentum,0.0006348064474569499,0.0,0.0006348064474569499,1.1216938805592043,-0.04285825169677682
2023-06-30,Extended Sentiment Momentum,extended,1.0,momentum,0.011004554130891096,0.0,0.011004554130891096,1.1340376215861074,-0.032325333516638244
2023-07-03,Extended Sentiment Momentum,extended,1.0,momentum,0.00393969511580834,0.00033782630287957293,0.0036018688129287675,1.1381222763279863,-0.02883989631437056
2023-07-05,Extended Sentiment Momentum,extended,1.0,momentum,0.0011778240406224772,0.0,0.0011778240406224772,1.1394627841062133,-0.027696040596956295
2023-07-06,Extended Sentiment Momentum,extended,1.0,momentum,-0.006572644052552481,0.0,-0.006572644052552481,1.1319735008151526,-0.03408664843300002
2023-07-07,Extended Sentiment Momentum,extended,1.0,momentum,-0.014033600396606668,0.0,-0.014033600396606668,1.1160878370451648,-0.047641890426638356
2023-07-10,Extended Sentiment Momentum,extended,1.0,momentum,0.002262059584813466,0.0,0.002262059584813466,1.1186124942344466,-0.04548759963670301
2023-07-11,Extended Sentiment Momentum,extended,1.0,momentum,0.012684703832964031,0.0,0.012684703832964031,1.1328017624276638,-0.03337989253320295
2023-07-12,Extended Sentiment Momentum,extended,1.0,momentum,-0.0035164488029891566,0.0,-0.0035164488029891566,1.128818323026151,-0.03677896265304992
2023-07-13,Extended Sentiment Momentum,extended,1.0,momentum,0.0008170877275839223,0.0,0.0008170877275839223,1.1297406666245675,-0.035991926564483134
2023-07-14,Extended Sentiment Momentum,extended,1.0,momentum,0.0033354923667930627,0.0,0.0033354923667930627,1.1335089079945493,-0.0327764849940122
2023-07-17,Extended Sentiment Momentum,extended,1.0,momentum,-0.0037162421974456837,0.0,-0.0037162421974456837,1.1292965143594793,-0.036370921834839254
2023-07-18,Extended Sentiment Momentum,extended,1.0,momentum,0.001626652402559314,0.0,0.001626652402559314,1.1311334872477639,-0.03480343227966598
2023-07-19,Extended Sentiment Momentum,extended,1.0,momentum,0.0039971943064046386,0.0,0.0039971943064046386,1.1356548475827741,-0.030945354054613072
2023-07-20,Extended Sentiment Momentum,extended,1.0,momentum,0.015513262831422148,0.0,0.015513262831422148,1.1532725597191043,-0.0159121546340516
2023-07-21,Extended Sentiment Momentum,extended,1.0,momentum,0.005918619343463136,0.0,0.005918619343463136,1.1600983409993428,-0.010087713276801913
2023-07-24,Extended Sentiment Momentum,extended,1.0,momentum,0.0020285252930186404,0.0,0.0020285252930186404,1.162451629826449,-0.008079651165314061
2023-07-25,Extended Sentiment Momentum,extended,1.0,momentum,-0.0010359586819761507,0.0,-0.0010359586819761507,1.161247377968153,-0.00910723966251814
2023-07-26,Extended Sentiment Momentum,extended,1.0,momentum,0.0016679991494828537,0.0,0.0016679991494828537,1.1631843376069428,-0.007454431381046622
2023-07-27,Extended Sentiment Momentum,extended,1.0,momentum,-0.004188435810221491,0.0,-0.004188435810221491,1.1583124146734212,-0.011611644783926844
2023-07-28,Extended Sentiment Momentum,extended,1.0,momentum,0.0035071653563231104,0.0,0.0035071653563231104,1.1623748078459626,-0.008145203385920063
2023-07-31,Extended Sentiment Momentum,extended,1.0,momentum,-0.0039812052492411995,0.0,-0.0039812052492411995,1.1577471551593805,-0.012093980908685076
2023-08-01,Extended Sentiment Momentum,extended,1.0,momentum,-0.005177543768470307,0.0002464402393549925,-0.005423984007825299,1.1514675531046907,-0.0174523673574708
2023-08-02,Extended Sentiment Momentum,extended,1.0,momentum,-0.010901765153395256,0.0,-0.010901765153395256,1.1389145242589886,-0.02816387090056416
2023-08-03,Extended Sentiment Momentum,extended,1.0,momentum,-0.00542625622382001,0.0,-0.00542625622382001,1.1327344822333294,-0.033437302744622976
2023-08-04,Extended Sentiment Momentum,extended,1.0,momentum,-0.007377422507025446,0.0,-0.007377422507025446,1.1243778213696174,-0.04056804414180604
2023-08-07,Extended Sentiment Momentum,extended,1.0,momentum,0.011288119127786848,0.0,0.011288119127786848,1.1370699321618791,-0.02973786192907324
2023-08-08,Extended Sentiment Momentum,extended,1.0,momentum,-0.0033564363215637834,0.0,-0.0033564363215637834,1.133253429341413,-0.032994485010732655
2023-08-09,Extended Sentiment Momentum,extended,1.0,momentum,0.001226841394597063,0.0,0.001226841394597063,1.1346437515590981,-0.03180812261614008
2023-08-10,Extended Sentiment Momentum,extended,1.0,momentum,-0.0012893664217792171,0.0,-0.0012893664217792171,1.1331807800051563,-0.033056476712678085
2023-08-11,Extended Sentiment Momentum,extended,1.0,momentum,0.006887189657685047,0.0,0.006887189657685047,1.1409852109534953,-0.02639695327952818
2023-08-14,Extended Sentiment Momentum,extended,1.0,momentum,0.000699439457118225,0.0,0.000699439457118225,1.1417832610300245,-0.02571597689308136
2023-08-15,Extended Sentiment Momentum,extended,1.0,momentum,-0.006739248414163972,0.0,-0.006739248414163972,1.134088499998809,-0.03228191895074983
2023-08-16,Extended Sentiment Momentum,extended,1.0,momentum,-0.0020536301166184244,0.0,-0.0020536301166184244,1.1317595017003008,-0.0342692539463888
2023-08-17,Extended Sentiment Momentum,extended,1.0,momentum,-0.005395159270047153,0.0,-0.005395159270047153,1.1256534789332384,-0.03947952513332964
2023-08-18,Extended Sentiment Momentum,extended,1.0,momentum,0.0041008068424562335,0.0,0.0041008068424562335,1.1302695664218825,-0.03554061619767701
2023-08-21,Extended Sentiment Momentum,extended,1.0,momentum,-0.0026693367955886423,0.0,-0.0026693367955886423,1.1272524962792985,-0.03811508311871137
2023-08-22,Extended Sentiment Momentum,extended,1.0,momentum,-0.006727574130957893,0.0,-0.006727574130957893,1.119668821546272,-0.04458623520248062
2023-08-23,Extended Sentiment Momentum,extended,1.0,momentum,0.011773908010105796,0.0,0.011773908010105796,1.1328516992529414,-0.03333728142416581
2023-08-24,Extended Sentiment Momentum,extended,1.0,momentum,-0.009461291781617025,0.0,-0.009461291781617025,1.1221334587810086,-0.042483159459023034
2023-08-25,Extended Sentiment Momentum,extended,1.0,momentum,0.003622402383560205,0.0,0.003622402383560205,1.1261982776967696,-0.03901464817354827
2023-08-28,Extended Sentiment Momentum,extended,1.0,momentum,0.002187567101050427,0.0,0.002187567101050427,1.1286619119983188,-0.03691242823330132
2023-08-29,Extended Sentiment Momentum,extended,1.0,momentum,0.004745609632474819,0.0,0.004745609632474819,1.1340181008397054,-0.032341990575808444
2023-08-30,Extended Sentiment Momentum,extended,1.0,momentum,0.0016415190818602722,0.0,0.0016415190818602722,1.1358796131914086,-0.03075356148862385
2023-08-31,Extended Sentiment Momentum,extended,1.0,momentum,-0.005595145069594628,0.0,-0.005595145069594628,1.1295242019740077,-0.03617663592028286
2023-09-01,Extended Sentiment Momentum,extended,1.0,momentum,-0.0017201732586055213,0.0002476131663469738,-0.001967786424952495,1.127301539582708,-0.038073234452171034
2023-09-05,Extended Sentiment Momentum,extended,1.0,momentum,-0.01111306179261396,0.0,-0.01111306179261396,1.1147737679144165,-0.04876318603767327
2023-09-06,Extended Sentiment Momentum,extended,1.0,momentum,-0.002583940271448767,0.0,-0.002583940271448767,1.1118932590819477,-0.05122112514895516
2023-09-07,Extended Sentiment Momentum,extended,1.0,momentum,0.0028439105010182623,0.0,0.0028439105010182623,1.1150553839974624,-0.04852288294362195
2023-09-08,Extended Sentiment Momentum,extended,1.0,momentum,0.0032143447565033097,0.0,0.0032143447565033097,1.1186395564242255,-0.04546450746147879
2023-09-11,Extended Sentiment Momentum,extended,1.0,momentum,0.004312660774269865,0.0,0.004312660774269865,1.123463869359763,-0.041347919685159495
2023-09-12,Extended Sentiment Momentum,extended,1.0,momentum,-0.0028133828013595795,0.0,-0.0028133828013595795,1.1203031354317574,-0.044044974960404826
2023-09-13,Extended Sentiment Momentum,extended,1.0,momentum,-0.0005097487338412698,0.0,-0.0005097487338412698,1.1197320623269527,-0.04453227182402797
2023-09-14,Extended Sentiment Momentum,extended,1.0,momentum,0.008106051428119161,0.0,0.008106051428119161,1.128808668009889,-0.03678720128152524
2023-09-15,Extended Sentiment Momentum,extended,1.0,momentum,-0.008481324432865756,0.0,-0.008481324432865756,1.1192348754738661,-0.04495652152534513
2023-09-18,Extended Sentiment Momentum,extended,1.0,momentum,0.0016846415427158926,0.0,0.0016846415427158926,1.1211203850411458,-0.043347615606406986
2023-09-19,Extended Sentiment Momentum,extended,1.0,momentum,-0.0005607712337376941,0.0,-0.0005607712337376941,1.1204916929796578,-0.04388407874426148
2023-09-20,Extended Sentiment Momentum,extended,1.0,momentum,0.0018947679595033313,0.0,0.0018947679595033313,1.1226147647384053,-0.04207246093109507
2023-09-21,Extended Sentiment Momentum,extended,1.0,momentum,-0.01455442942975668,0.0,-0.01455442942975668,1.1062757473682172,-0.056014549697293914
2023-09-22,Extended Sentiment Momentum,extended,1.0,momentum,-0.001269995832052772,0.0,-0.001269995832052772,1.1048707817799586,-0.057213407284696816
2023-09-25,Extended Sentiment Momentum,extended,1.0,momentum,-0.004827637126008303,0.0,-0.004827637126008303,1.0995368665743959,-0.06176483884159201
2023-09-26,Extended Sentiment Momentum,extended,1.0,momentum,-0.006663809629941459,0.0,-0.006663809629941459,1.0922097622144418,-0.06801705934366908
2023-09-27,Extended Sentiment Momentum,extended,1.0,momentum,-0.008302804134108572,0.0,-0.008302804134108572,1.083141358485414,-0.0757551311562692
2023-09-28,Extended Sentiment Momentum,extended,1.0,momentum,0.0005213219337409795,0.0,0.0005213219337409795,1.0837060238329344,-0.0752733020339934
2023-09-29,Extended Sentiment Momentum,extended,1.0,momentum,-0.003323830054521901,0.0,-0.003323830054521901,1.080103969180652,-0.07834693642491164
2023-10-02,Extended Sentiment Momentum,extended,1.0,momentum,-0.006163120802070309,0.0003274692330664845,-0.006490590035136794,1.0730934571213764,-0.08432900861520531
2023-10-03,Extended Sentiment Momentum,extended,1.0,momentum,-0.009002541429572096,0.0,-0.009002541429572096,1.0634328888158384,-0.09257237465100432
2023-10-04,Extended Sentiment Momentum,extended,1.0,momentum,0.0060066112724370445,0.0,0.0060066112724370445,1.06982051679328,-0.08712180964766225
2023-10-05,Extended Sentiment Momentum,extended,1.0,momentum,-0.0125820808199085,0.0,-0.0125820808199085,1.0563599485881905,-0.09860771681740732
2023-10-06,Extended Sentiment Momentum,extended,1.0,momentum,0.0021075120226984683,0.0,0.0021075120226984683,1.0585862398801373,-0.0967080217434323
2023-10-09,Extended Sentiment Momentum,extended,1.0,momentum,0.0037346576974254322,0.0,0.0037346576974254322,1.0625396971292944,-0.09333453540381365
2023-10-10,Extended Sentiment Momentum,extended,1.0,momentum,0.01036187043855107,0.0,0.01036187043855107,1.0735495958067656,-0.08393978532855917
2023-10-11,Extended Sentiment Momentum,extended,1.0,momentum,0.0014434370161324729,0.0,0.0014434370161324729,1.0750991970320072,-0.08261751010569618
2023-10-12,Extended Sentiment Momentum,extended,1.0,momentum,-0.004959286928713537,0.0,-0.004959286928713537,1.069767471637096,-0.08716707309645955
2023-10-13,Extended Sentiment Momentum,extended,1.0,momentum,0.0032197222000856793,0.0,0.0032197222000856793,1.0732118257144554,-0.08422800465673907
2023-10-16,Extended Sentiment Momentum,extended,1.0,momentum,0.0073089961937539815,0.0,0.0073089961937539815,1.0810559268636941,-0.07753463062842869
2023-10-17,Extended Sentiment Momentum,extended,1.0,momentum,0.0038416548839743853,0.0,0.0038416548839743853,1.0852089706449795,-0.07399083703688525
2023-10-18,Extended Sentiment Momentum,extended,1.0,momentum,-0.007022230488141999,0.0,-0.007022230488141999,1.077588383125311,-0.08049348681334367
2023-10-19,Extended Sentiment Momentum,extended,1.0,momentum,-0.0032688719341327204,0.0,-0.0032688719341327204,1.0740658847031652,-0.08349923584755181
2023-10-20,Extended Sentiment Momentum,extended,1.0,momentum,-0.0008049918433246138,0.0,-0.0008049918433246138,1.073201270426786,-0.08423701148709539
2023-10-23,Extended Sentiment Momentum,extended,1.0,momentum,-0.0019370084176122452,0.0,-0.0019370084176122452,1.0711224705321771,-0.08601085210438253
2023-10-24,Extended Sentiment Momentum,extended,1.0,momentum,0.01540077917539064,0.0,0.01540077917539064,1.0876185911706422,-0.07193470706893856
2023-10-25,Extended Sentiment Momentum,extended,1.0,momentum,-0.0010428220940046048,0.0,-0.0010428220940046048,1.0864843984739192,-0.07290251406108605
2023-10-26,Extended Sentiment Momentum,extended,1.0,momentum,-0.0009196211871692432,0.0,-0.0009196211871692432,1.0854852444015537,-0.07375509255172685
2023-10-27,Extended Sentiment Momentum,extended,1.0,momentum,-0.016075882579570502,0.0,-0.016075882579570502,1.068035111070698,-0.0886452969237903
2023-10-30,Extended Sentiment Momentum,extended,1.0,momentum,0.008899087079602828,0.0,0.008899087079602828,1.0775396485281894,-0.08053507206070964
2023-10-31,Extended Sentiment Momentum,extended,1.0,momentum,0.00424699329481468,0.0,0.00424699329481468,1.0821159521903856,-0.07663011067693415
2023-11-01,Extended Sentiment Momentum,extended,1.0,momentum,0.005780769063158105,0.00031836127970795956,0.005462407783450146,1.088026910790226,-0.07158628780649223
2023-11-02,Extended Sentiment Momentum,extended,1.0,momentum,0.012468632412225825,0.0,0.012468632412225825,1.101593118395479,-0.06001023850268139
2023-11-03,Extended Sentiment Momentum,extended,1.0,momentum,-0.00017893501397087683,0.0,-0.00017893501397087683,1.1013960048154487,-0.060178435583787326
2023-11-06,Extended Sentiment Momentum,extended,1.0,momentum,0.0003489610535811525,0.0,0.0003489610535811525,1.1017803491256992,-0.0598504744604903
2023-11-07,Extended Sentiment Momentum,extended,1.0,momentum,0.0023086055230953184,0.0,0.0023086055230953184,1.1043239253249288,-0.0576800400732943
2023-11-08,Extended Sentiment Momentum,extended,1.0,momentum,-0.0031410896827889605,0.0,-0.0031410896827889605,1.1008551448366337,-0.06063995157730617
2023-11-09,Extended Sentiment Momentum,extended,1.0,momentum,-0.009434225588271136,0.0,-0.009434225588271136,1.0904694290602361,-0.06950208618273501
2023-11-10,Extended Sentiment Momentum,extended,1.0,momentum,0.006723220069924781,0.0,0.006723220069924781,1.0978008950113334,-0.06324614393353556
2023-11-13,Extended Sentiment Momentum,extended,1.0,momentum,0.003383438957248827,0.0,0.003383438957248827,1.1015152373268173,-0.060076694443567336
2023-11-14,Extended Sentiment Momentum,extended,1.0,momentum,0.0054396551499582444,0.0,0.0054396551499582444,1.1075071003602996,-0.05496383579393149
2023-11-15,Extended Sentiment Momentum,extended,1.0,momentum,0.005356809876646529,0.0,0.005356809876646529,1.1134398053339658,-0.049901456735724325
2023-11-16,Extended Sentiment Momentum,extended,1.0,momentum,-0.023419797635295336,0.0,-0.023419797635295336,1.0873632704139617,-0.07215257235256245
2023-11-17,Extended Sentiment Momentum,extended,1.0,momentum,-0.0003010579104715103,0.0,-0.0003010579104715103,1.0870359110998475,-0.07243190816036627
2023-11-20,Extended Sentiment Momentum,extended,1.0,momentum,0.0032554418539934423,0.0,0.0032554418539934423,1.0905746933016358,-0.06941226417176283
2023-11-21,Extended Sentiment Momentum,extended,1.0,momentum,0.0034784832022261795,0.0,0.0034784832022261795,1.0943682390530585,-0.06617523036448658
2023-11-22,Extended Sentiment Momentum,extended,1.0,momentum,-0.0014566711477909805,0.0,-0.0014566711477909805,1.092774104414171,-0.06753550596350721
2023-11-24,Extended Sentiment Momentum,extended,1.0,momentum,0.004779456190927567,0.0,0.004779456190927567,1.0979969703727985,-0.06307883276466453
2023-11-27,Extended Sentiment Momentum,extended,1.0,momentum,0.001079029997428213,0.0,0.001079029997428213,1.099181742040916,-0.062067866719992204
2023-11-28,Extended Sentiment Momentum,extended,1.0,momentum,0.0017569062617768354,0.0,0.0017569062617768354,1.1011129013263385,-0.06042000788191071
2023-11-29,Extended Sentiment Momentum,extended,1.0,momentum,-0.0037112728578667163,0.0,-0.0037112728578667163,1.0970263709021992,-0.06390704560445326
2023-11-30,Extended Sentiment Momentum,extended,1.0,momentum,0.008655397363619248,0.0,0.008655397363619248,1.106521570060727,-0.05580478911487541
2023-12-01,Extended Sentiment Momentum,extended,1.0,momentum,0.0015931080209772202,0.0002695225111935658,0.0013235855097836545,1.1079861459771225,-0.05455506601534066
2023-12-04,Extended Sentiment Momentum,extended,1.0,momentum,-0.0010052498713463628,0.0,-0.0010052498713463628,1.1068723430464256,-0.05550547441359377
2023-12-05,Extended Sentiment Momentum,extended,1.0,momentum,0.004330822498906521,0.0,0.004330822498906521,1.1116660106931084,-0.05141503627208999
2023-12-06,Extended Sentiment Momentum,extended,1.0,momentum,-0.0041641511734104375,0.0,-0.0041641511734104375,1.1070368653702403,-0.05536508746187707
2023-12-07,Extended Sentiment Momentum,extended,1.0,momentum,0.00010560567277986463,0.0,0.00010560567277986463,1.1071537747431999,-0.0552653286564071
2023-12-08,Extended Sentiment Momentum,extended,1.0,momentum,-0.001922032593821082,0.0,-0.001922032593821082,1.1050257891017714,-0.05708113948724236
2023-12-11,Extended Sentiment Momentum,extended,1.0,momentum,0.004796177459950362,0.0,0.004796177459950362,1.110325688884125,-0.05255873330188898
2023-12-12,Extended Sentiment Momentum,extended,1.0,momentum,0.003856775142942499,0.0,0.003856775142942499,1.114607965401584,-0.04890466537508975
2023-12-13,Extended Sentiment Momentum,extended,1.0,momentum,0.012556720794410437,0.0,0.012556720794410437,1.1286037864183573,-0.03696202680933858
2023-12-14,Extended Sentiment Momentum,extended,1.0,momentum,-0.003644796645316691,0.0,-0.003644796645316691,1.124490255123728,-0.04047210438333648
2023-12-15,Extended Sentiment Momentum,extended,1.0,momentum,-0.002513981677661386,0.0,-0.002513981677661386,1.1216633072256381,-0.04288433993212182
2023-12-18,Extended Sentiment Momentum,extended,1.0,momentum,0.005533416823526518,0.0,0.005533416823526518,1.1278699378401729,-0.03758822003664153
2023-12-19,Extended Sentiment Momentum,extended,1.0,momentum,0.004409678974758367,0.0,0.004409678974758367,1.1328434821913287,-0.03334429304547726
2023-12-20,Extended Sentiment Momentum,extended,1.0,momentum,-0.012598313613070058,0.0,-0.012598313613070058,1.11857156472816,-0.045522524797554254
2023-12-21,Extended Sentiment Momentum,extended,1.0,momentum,0.008284301901586688,0.0,0.008284301901586688,1.1278381492688982,-0.037615345234713105
2023-12-22,Extended Sentiment Momentum,extended,1.0,momentum,0.006210366630721493,0.0,0.006210366630721493,1.1348424376759725,-0.031638583688840316
2023-12-26,Extended Sentiment Momentum,extended,1.0,momentum,0.002503939720976717,0.0,0.002503939720976717,1.1376840147327194,-0.02921386507427748
2023-12-27,Extended Sentiment Momentum,extended,1.0,momentum,0.0042819355220576755,0.0,0.0042819355220576755,1.1425555043282805,-0.02505702143881816
2023-12-28,Extended Sentiment Momentum,extended,1.0,momentum,0.0015669725400330795,0.0,0.0015669725400330795,1.1443458574290266,-0.023529312563314586
2023-12-29,Extended Sentiment Momentum,extended,1.0,momentum,0.00010842443220470809,0.0,0.00010842443220470809,1.144469932478864,-0.023423439283464798
2021-01-04,Extended Sentiment Contrarian,extended,-1.0,contrarian,0.0036585018669603297,0.001,0.0026585018669603297,1.0026585018669603,0.0
2021-01-05,Extended Sentiment Contrarian,extended,-1.0,contrarian,0.0011315269948206758,0.0,0.0011315269948206758,1.0037930370284092,0.0
2021-01-06,Extended Sentiment Contrarian,extended,-1.0,contrarian,0.00645081956808804,0.0,0.00645081956808804,1.0102683247939825,0.0
2021-01-07,Extended Sentiment Contrarian,extended,-1.0,contrarian,0.006118095799086237,0.0,0.006118095799086237,1.0164492431878545,0.0
2021-01-08,Extended Sentiment Contrarian,extended,-1.0,contrarian,-0.002735540995351047,0.0,-0.002735540995351047,1.0136687046134205,-0.0027355409953511156
2021-01-11,Extended Sentiment Contrarian,extended,-1.0,contrarian,0.00023090331503908864,0.0,0.00023090331503908864,1.0139027640776672,-0.0025052693257962
2021-01-12,Extended Sentiment Contrarian,extended,-1.0,contrarian,0.0013553722066467003,0.0,0.0013553722066467003,1.0152769797043402,-0.0011532926915639452
2021-01-13,Extended Sentiment Contrarian,extended,-1.0,contrarian,-0.001733849893129913,0.0,-0.001733849893129913,1.0135166418215824,-0.002885142948284014
2021-01-14,Extended Sentiment Contrarian,extended,-1.0,contrarian,0.00400154492108192,0.0,0.00400154492108192,1.0175722741920956,0.0
2021-01-15,Extended Sentiment Contrarian,extended,-1.0,contrarian,-0.005385463582448695,0.0,-0.005385463582448695,1.0120921757669246,-0.005385463582448735
2021-01-19,Extended Sentiment Contrarian,extended,-1.0,contrarian,0.010192096674957797,0.0,0.010192096674957797,1.0224075170663094,0.0
2021-01-20,Extended Sentiment Contrarian,extended,-1.0,contrarian,0.015018515193836564,0.0,0.015018515193836564,1.0377625598956624,0.0
2021-01-21,Extended Sentiment Contrarian,extended,-1.0,contrarian,-0.00956040336318073,0.0,-0.00956040336318073,1.0278411312278528,-0.009560403363180758
2021-01-22,Extended Sentiment Contrarian,extended,-1.0,contrarian,-0.000514096378700359,0.0,-0.000514096378700359,1.0273127218244094,-0.010069584773133133
2021-01-25,Extended Sentiment Contrarian,extended,-1.0,contrarian,0.0034742937740107767,0.0,0.0034742937740107767,1.030881908017806,-0.006630275694806453
2021-01-26,Extended Sentiment Contrarian,extended,-1.0,contrarian,-0.0023759902763751,0.0,-0.0023759902763751,1.0284325426282646,-0.008990512500601122
2021-01-27,Extended Sentiment Contrarian,extended,-1.0,contrarian,-0.021807818831393783,0.0,-0.021807818831393783,1.0060046720583176,-0.03060226786418052
2021-01-28,Extended Sentiment Contrarian,extended,-1.0,contrarian,0.0005502764802106968,0.0,0.0005502764802106968,1.0065582527683334,-0.030068831092216586
2021-01-29,Extended Sentiment Contrarian,extended,-1.0,contrarian,-0.010214089325351582,0.0,-0.010214089325351582,0.9962771768633878,-0.039975794690883415
2021-02-01,Extended Sentiment Contrarian,extended,-1.0,contrarian,0.0007129727096469288,5.63346954602819e-05,0.0006566380141866468,0.9969313703303828,-0.0393454063031381
2021-02-02,Extended Sentiment Contrarian,extended,-1.0,contrarian,0.0063736168857759425,0.0,0.0063736168857759425,1.0032854289462803,-0.0332225619633536
2021-02-03,Extended Sentiment Contrarian,extended,-1.0,contrarian,-0.002351899338505759,0.0,-0.002351899338505759,1.000925802609609,-0.03549632518035428
2021-02-04,Extended Sentiment Contrarian,extended,-1.0,contrarian,0.002457333928236338,0.0,0.002457333928236338,1.0033854115440088,-0.03312621757631129
2021-02-05,Extended Sentiment Contrarian,extended,-1.0,contrarian,0.01447286463212567,0.0,0.01447286463212567,1.017907272779135,-0.019132784206941977
2021-02-08,Extended Sentiment Contrarian,extended,-1.0,contrarian,0.002898363438622299,0.0,0.002898363438622299,1.0208575380024658,-0.01628987453054409
2021-02-09,Extended Sentiment Contrarian,extended,-1.0,contrarian,-0.0011021885639755516,0.0,-0.0011021885639755516,1.0197323604986313,-0.017374108581103442
2021-02-10,Extended Sentiment Contrarian,extended,-1.0,contrarian,-0.007146165987891993,0.0,-0.007146165987891993,1.0124451837872832,-0.024396116305183124
2021-02-11,Extended Sentiment Contrarian,extended,-1.0,contrarian,-0.004873339709041713,0.0,-0.004873339709041713,1.0075111944699047,-0.02915056545188832
2021-02-12,Extended Sentiment Contrarian,extended,-1.0,contrarian,0.0042176611277099235,0.0,0.0042176611277099235,1.011760535270553,-0.02505585153093559
2021-02-16,Extended Sentiment Contrarian,extended,-1.0,contrarian,-0.008995766618608968,0.0,-0.008995766618608968,1.0026589736213403,-0.03382622155674164
2021-02-17,Extended Sentiment Contrarian,extended,-1.0,contrarian,0.00692849956183725,0.0,0.00692849956183725,1.009605895880748,-0.02713208695613889
2021-02-18,Extended Sentiment Contrarian,extended,-1.0,contrarian,-0.011785470867110391,0.0,-0.011785470867110391,0.9977072150075825,-0.038597793402863734
2021-02-19,Extended Sentiment Contrarian,extended,-1.0,contrarian,-0.007290910868354218,0.0,-0.007290910868354218,0.9904330206302483,-0.04560729119980256
2021-02-22,Extended Sentiment Contrarian,extended,-1.0,contrarian,0.001643962092291845,0.0,0.001643962092291845,0.9920612549711186,-0.04403830576537526
2021-02-23,Extended Sentiment Contrarian,extended,-1.0,contrarian,-0.006951037232744448,0.0,-0.006951037232744448,0.9851654002506511,-0.05068323109507766
2021-02-24,Extended Sentiment Contrarian,extended,-1.0,contrarian,-0.000593725515581415,0.0,-0.000593725515581415,0.9845804824154543,-0.051246864683145876
2021-02-25,Extended Sentiment Contrarian,extended,-1.0,contrarian,-0.00887642416624977,0.0,-0.00887642416624977,0.9758409284277239,-0.059668399941277706
2021-02-26,Extended Sentiment Contrarian,extended,-1.0,contrarian,-0.017374275392478405,0.0,-0.017374275392478405,0.9588863993979688,-0.07600598012094772
2021-03-01,Extended Sentiment Contrarian,extended,-1.0,contrarian,0.008962538391375913,9.621381264954577e-05,0.008866324578726367,0.9673881974491575,-0.06781354923189786
2021-03-02,Extended Sentiment Contrarian,extended,-1.0,contrarian,0.004921845968547421,0.0,0.004921845968547421,0.9721495331487929,-0.06322547110725041
2021-03-03,Extended Sentiment Contrarian,extended,-1.0,contrarian,-0.013231357188966734,0.0,-0.013231357188966734,0.959286675434614,-0.07562026950455647
2021-03-04,Extended Sentiment Contrarian,extended,-1.0,contrarian,-0.002739491153404457,0.0,-0.002739491153404457,0.9566587180736821,-0.07815259959863508
2021-03-05,Extended Sentiment Contrarian,extended,-1.0,contrarian,0.015459747514103174,0.0,0.015459747514103174,0.9714484203122669,-0.06390107154189761
2021-03-08,Extended Sentiment Contrarian,extended,-1.0,contrarian,-0.0050281700772889975,0.0,-0.0050281700772889975,0.9665638124336231,-0.06860793616335281
2021-03-09,Extended Sentiment Contrarian,extended,-1.0,contrarian,0.006917666218181076,0.0,0.006917666218181076,0.9732501782666115,-0.06216487674746807
2021-03-10,Extended Sentiment Contrarian,extended,-1.0,contrarian,0.009541009711508081,0.0,0.009541009711508081,0.9825359676691803,-0.05321698272872222
2021-03-11,Extended Sentiment Contrarian,extended,-1.0,contrarian,-0.0004424342040845906,0.0,-0.0004424342040845906,0.98210126015034,-0.05363587191940955
2021-03-12,Extended Sentiment Contrarian,extended,-1.0,contrarian,0.005215800591699514,0.0,0.005215800591699514,0.9872237044841411,-0.04869982534020356
2021-03-15,Extended Sentiment Contrarian,extended,-1.0,contrarian,0.013897227174487096,0.0,0.013897227174487096,1.0009433765773958,-0.03547939070182715
2021-03-16,Extended Sentiment Contrarian,extended,-1.0,contrarian,0.0050785972684738966,0.0,0.0050785972684738966,1.006026764875579,-0.030580978970058514
2021-03-17,Extended Sentiment Contrarian,extended,-1.0,contrarian,-0.009781537573365676,0.0,-0.009781537573365676,0.996186276275137,-0.040063387548598284
2021-03-18,Extended Sentiment Contrarian,extended,-1.0,contrarian,-0.0077397166436465985,0.0,-0.0077397166436465985,0.9884760767724781,-0.04749302492483409
2021-03-19,Extended Sentiment Contrarian,extended,-1.0,contrarian,-0.002586845129266613,0.0,-0.002586845129266613,0.9859190422478825,-0.04995701295389976
2021-03-22,Extended Sentiment Contrarian,extended,-1.0,contrarian,0.00917196082864043,0.0,0.00917196082864043,0.9949618530835909,-0.04124325589118838
2021-03-23,Extended Sentiment Contrarian,extended,-1.0,contrarian,2.257445960321229e-05,0.0,2.257445960321229e-05,0.99498431380975,-0.04122161247579914
2021-03-24,Extended Sentiment Contrarian,extended,-1.0,contrarian,-0.006202469047115556,0.0,-0.006202469047115556,0.9888129544009796,-0.047168405747461284
2021-03-25,Extended Sentiment Contrarian,extended,-1.0,contrarian,0.002438251364280928,0.0,0.002438251364280928,0.9912239289360664,-0.04484516281284523
2021-03-26,Extended Sentiment Contrarian,extended,-1.0,contrarian,0.017250572454334492,0.0,0.017250572454334492,1.0083231091406482,-0.02836819508884003
2021-03-29,Extended Sentiment Contrarian,extended,-1.0,contrarian,0.010907696392901492,0.0,0.010907696392901492,1.019321591481101,-0.01776993035518215
2021-03-30,Extended Sentiment Contrarian,extended,-1.0,contrarian,-0.009527583522854023,0.0,-0.009527583522854023,1.0096099198816162,-0.027128209382381918
2021-03-31,Extended Sentiment Contrarian,extended,-1.0,contrarian,0.0013742547775430377,0.0,0.0013742547775430377,1.0109973811374684,-0.025791235676188684
2021-04-01,Extended Sentiment Contrarian,extended,-1.0,contrarian,0.00781074588592417,0.0003026995144062409,0.007508046371517929,1.0185879963565319,-0.018476831098106272
2021-04-05,Extended Sentiment Contrarian,extended,-1.0,contrarian,0.011963817827859331,0.0,0.011963817827859331,1.0307741975865856,-0.006734066711540754
2021-04-06,Extended Sentiment Contrarian,extended,-1.0,contrarian,0.00043185664543619954,0.0,0.00043185664543619954,1.0312193442737576,-0.0063051182175647424
2021-04-07,Extended Sentiment Contrarian,extended,-1.0,contrarian,-0.0006960019367137106,0.0,-0.0006960019367137106,1.0305016136129663,-0.006996731779787879
2021-04-08,Extended Sentiment Contrarian,extended,-1.0,contrarian,-0.0003068466822193293,0.0,-0.0003068466822193293,1.0301854076118075,-0.007301431538074166
2021-04-09,Extended Sentiment Contrarian,extended,-1.0,contrarian,0.0035554145706217207,0.0,0.0035554145706217207,1.0338481438204725,-0.003771976583529235
2021-04-12,Extended Sentiment Contrarian,extended,-1.0,contrarian,0.0014956232920702276,0.0,0.0014956232920702276,1.035394391184834,-0.0022819947474944646
2021-04-13,Extended Sentiment Contrarian,extended,-1.0,contrarian,0.0021200963125499283,0.0,0.0021200963125499283,1.0375895270156197,-0.00016673648359410986
2021-04-14,Extended Sentiment Contrarian,extended,-1.0,contrarian,-0.0028057870260226035,0.0,-0.0028057870260226035,1.0346782717823824,-0.00297205568255432
2021-04-15,Extended Sentiment Contrarian,extended,-1.0,contrarian,0.007326163503988941,0.0,0.007326163503988941,1.0422584939754849,0.0
2021-04-16,Extended Sentiment Contrarian,extended,-1.0,contrarian,0.0016508010362055172,0.0,0.0016508010362055172,1.0439790553773336,0.0
2021-04-19,Extended Sentiment Contrarian,extended,-1.0,contrarian,-0.0009790567699328719,0.0,-0.0009790567699328719,1.0429569406154984,-0.0009790567699328179
2021-04-20,Extended Sentiment Contrarian,extended,-1.0,contrarian,0.005944984075402127,0.0,0.005944984075402127,1.0491573030187877,0.0
2021-04-21,Extended Sentiment Contrarian,extended,-1.0,contrarian,0.004870782097550302,0.0,0.004870782097550302,1.0542675196278457,0.0
2021-04-22,Extended Sentiment Contrarian,extended,-1.0,contrarian,0.0007918228734420801,0.0,0.0007918228734420801,1.055102312764614,0.0
2021-04-23,Extended Sentiment Contrarian,extended,-1.0,contrarian,0.002676493216488398,0.0,0.002676493216488398,1.0579262869474297,0.0
2021-04-26,Extended Sentiment Contrarian,extended,-1.0,contrarian,-0.00692278233682749,0.0,-0.00692278233682749,1.0506024935344846,-0.0069227823368274155
2021-04-27,Extended Sentiment Contrarian,extended,-1.0,contrarian,-0.004793707575886723,0.0,-0.004793707575886723,1.0455662124019829,-0.011683304118579874
2021-04-28,Extended Sentiment Contrarian,extended,-1.0,contrarian,-0.0002949778926776876,0.0,-0.0002949778926776876,1.0452577934839935,-0.011974835694829267
2021-04-29,Extended Sentiment Contrarian,extended,-1.0,contrarian,0.008699335602986278,0.0,0.008699335602986278,1.0543508418211478,-0.0033796732063428037
2021-04-30,Extended Sentiment Contrarian,extended,-1.0,contrarian,-0.0012526762805329325,0.0,-0.0012526762805329325,1.0530300815302385,-0.004628115850414227
2021-05-03,Extended Sentiment Contrarian,extended,-1.0,contrarian,0.0083936484269303,0.0002650794300640673,0.008128568996866233,1.0615897092037327,0.0
2021-05-04,Extended Sentiment Contrarian,extended,-1.0,contrarian,-0.0030989087553013406,0.0,-0.0030989087553013406,1.0582999395593435,-0.0030989087553012773
2021-05-05,Extended Sentiment Contrarian,extended,-1.0,contrarian,0.00348371516102086,0.0,0.00348371516102086,1.0619867551036937,0.0
2021-05-06,Extended Sentiment Contrarian,extended,-1.0,contrarian,0.006882247610190173,0.0,0.006882247610190173,1.0692956109110596,0.0
2021-05-07,Extended Sentiment Contrarian,extended,-1.0,contrarian,0.0010524365015364935,0.0,0.0010524365015364935,1.0704209766429151,0.0
2021-05-10,Extended Sentiment Contrarian,extended,-1.0,contrarian,0.00505653652905823,0.0,0.00505653652905823,1.0758335994127803,0.0
2021-05-11,Extended Sentiment Contrarian,extended,-1.0,contrarian,-0.008966366246275424,0.0,-0.008966366246275424,1.0661872813403965,-0.008966366246275448
2021-05-12,Extended Sentiment Contrarian,extended,-1.0,contrarian,-0.011728422829002182,0.0,-0.011728422829002182,1.053682586089932,-0.02058962774070172
2021-05-13,Extended Sentiment Contrarian,extended,-1.0,contrarian,0.011620941849228114,0.0,0.011620941849228114,1.0659273701504273,-0.009207956758145674
2021-05-14,Extended Sentiment Contrarian,extended,-1.0,contrarian,0.002083784753381872,0.0,0.002083784753381872,1.068148533352559,-0.007143359404666261
2021-05-17,Extended Sentiment Contrarian,extended,-1.0,contrarian,-0.001269980974442777,0.0,-0.001269980974442777,1.0667920050373225,-0.00840426844857134
2021-05-18,Extended Sentiment Contrarian,extended,-1.0,contrarian,-0.007697231800249813,0.0,-0.007697231800249813,1.058580659691897,-0.01603681064646101
2021-05-19,Extended Sentiment Contrarian,extended,-1.0,contrarian,-0.0008270555792374247,0.0,-0.0008270555792374247,1.057705154651226,-0.01685060289198015
2021-05-20,Extended Sentiment Contrarian,extended,-1.0,contrarian,0.010557236155503615,0.0,0.010557236155503615,1.0688715977517722,-0.0064712625305699545
2021-05-21,Extended Sentiment Contrarian,extended,-1.0,contrarian,-0.001340957867902044,0.0,-0.001340957867902044,1.06743828597299,-0.007803542708066269
2021-05-24,Extended Sentiment Contrarian,extended,-1.0,contrarian,-0.0018923249427517184,0.0,-0.0018923249427517184,1.0654183458795952,-0.009681100812309773
2021-05-25,Extended Sentiment Contrarian,extended,-1.0,contrarian,-0.006792549574715592,0.0,-0.006792549574715592,1.0581814389473965,-0.016407891029819988
2021-05-26,Extended Sentiment Contrarian,extended,-1.0,contrarian,0.0006859332572987789,0.0,0.0006859332572987789,1.0589072807886268,-0.01573321249066062
2021-05-27,Extended Sentiment Contrarian,extended,-1.0,contrarian,-0.004955630733455785,0.0,-0.004955630733455785,1.0536597273240706,-0.020610875232761616
2021-05-28,Extended Sentiment Contrarian,extended,-1.0,contrarian,0.0009950851032943218,0.0,0.0009950851032943218,1.054708208422672,-0.019636299704377302
2021-06-01,Extended Sentiment Contrarian,extended,-1.0,contrarian,-0.004542119857072623,0.0003606593007107771,-0.0049027791577833995,1.0495372070008744,-0.024442806421233976
2021-06-02,Extended Sentiment Contrarian,extended,-1.0,contrarian,-0.00021139995341536448,0.0,-0.00021139995341536448,1.0493153348842068,-0.0246490391665104
2021-06-03,Extended Sentiment Contrarian,extended,-1.0,contrarian,0.005421521102299773,0.0,0.005421521102299773,1.0550042201152483,-0.019361153350203275
2021-06-04,Extended Sentiment Contrarian,extended,-1.0,contrarian,0.00490997275140952,0.0,0.00490997275140952,1.0601842620886361,-0.014546243334179199
2021-06-07,Extended Sentiment Contrarian,extended,-1.0,contrarian,-0.003992595036386721,0.0,-0.003992595036386721,1.0559513756661658,-0.01848076111163177
2021-06-08,Extended Sentiment Contrarian,extended,-1.0,contrarian,-0.006495539987213314,0.0,-0.006495539987213314,1.0490924012809733,-0.02485625857605045
2021-06-09,Extended Sentiment Contrarian,extended,-1.0,contrarian,0.003808394323599408,0.0,0.003808394323599408,1.053087758826943,-0.02114252668651795
2021-06-10,Extended Sentiment Contrarian,extended,-1.0,contrarian,0.008732296589788224,0.0,0.008732296589788224,1.0622836334720953,-0.012594852910413845
2021-06-11,Extended Sentiment Contrarian,extended,-1.0,contrarian,0.0027453248241692523,0.0,0.0027453248241692523,1.065199947101375,-0.009884105048596159
2021-06-14,Extended Sentiment Contrarian,extended,-1.0,contrarian,0.001272826502736623,0.0,0.001272826502736623,1.0665557618247594,-0.00862385929672116
2021-06-15,Extended Sentiment Contrarian,extended,-1.0,contrarian,-0.005278500115186995,0.0,-0.005278500115186995,1.060925947113114,-0.013856838369617153
2021-06-16,Extended Sentiment Contrarian,extended,-1.0,contrarian,-0.012773815240305344,0.0,-0.012773815240305344,1.0473738750810453,-0.026453648916774042
2021-06-17,Extended Sentiment Contrarian,extended,-1.0,contrarian,0.00271568085147222,0.0,0.00271568085147222,1.050218208257935,-0.023809807733116806
2021-06-18,Extended Sentiment Contrarian,extended,-1.0,contrarian,-0.012850603965762698,0.0,-0.012850603965762698,1.0367222699859795,-0.03635444128920018
2021-06-21,Extended Sentiment Contrarian,extended,-1.0,contrarian,0.009619807089627414,0.0,0.009619807089627414,1.0466953382287651,-0.02708435691162614
2021-06-22,Extended Sentiment Contrarian,extended,-1.0,contrarian,0.0006431833378157819,0.0,0.0006431833378157819,1.0473685552300833,-0.026458593780891437
2021-06-23,Extended Sentiment Contrarian,extended,-1.0,contrarian,-0.006848630317529368,0.0,-0.006848630317529368,1.0401955151891076,-0.033126018970893845
2021-06-24,Extended Sentiment Contrarian,extended,-1.0,contrarian,0.005827658082841067,0.0,0.005827658082841067,1.0462574189909344,-0.027491408000260842
2021-06-25,Extended Sentiment Contrarian,extended,-1.0,contrarian,0.012193763564016098,0.0,0.012193763564016098,1.0590152345852075,-0.01563286816544185
2021-06-28,Extended Sentiment Contrarian,extended,-1.0,contrarian,0.000228956006935183,0.0,0.000228956006935183,1.0592577024846017,-0.015407491397578799
2021-06-29,Extended Sentiment Contrarian,extended,-1.0,contrarian,-0.0037413301637969267,0.0,-0.0037413301637969267,1.055294669691062,-0.019091177049061492
2021-06-30,Extended Sentiment Contrarian,extended,-1.0,contrarian,0.01228051582117761,0.0,0.01228051582117761,1.0682542325782074,-0.007045110729679727
2021-07-01,Extended Sentiment Contrarian,extended,-1.0,contrarian,0.00058014582366608,0.0003387961618949707,0.0002413496617711093,1.0685120553759255,-0.0068054614030005345
2021-07-02,Extended Sentiment Contrarian,extended,-1.0,contrarian,0.005801307412295429,0.0,0.005801307412295429,1.0747108222829047,-0.0010436345643866085
2021-07-06,Extended Sentiment Contrarian,extended,-1.0,contrarian,-0.0012579148843746323,0.0,-0.0012579148843746323,1.0733589275431565,-0.002300236645308873
2021-07-07,Extended Sentiment Contrarian,extended,-1.0,contrarian,0.002479933573822816,0.0,0.002479933573822816,1.0760207863843332,0.0
2021-07-08,Extended Sentiment Contrarian,extended,-1.0,contrarian,-0.004746041256874464,0.0,-0.004746041256874464,1.0709139473388987,-0.004746041256874389
2021-07-09,Extended Sentiment Contrarian,extended,-1.0,contrarian,0.0068325431010331505,0.0,0.0068325431010331505,1.0782310130415893,0.0
2021-07-12,Extended Sentiment Contrarian,extended,-1.0,contrarian,0.0012689863010500028,0.0,0.0012689863010500028,1.0795992734265063,0.0
2021-07-13,Extended Sentiment Contrarian,extended,-1.0,contrarian,-0.000331922845618618,0.0,-0.000331922845618618,1.0792409297635428,-0.00033192284561855967
2021-07-14,Extended Sentiment Contrarian,extended,-1.0,contrarian,0.004713933844954049,0.0,0.004713933844954049,1.0843284001092148,0.0
2021-07-15,Extended Sentiment Contrarian,extended,-1.0,contrarian,0.0006644782883106415,0.0,0.0006644782883106415,1.0850489127884861,0.0
2021-07-16,Extended Sentiment Contrarian,extended,-1.0,contrarian,-0.0007500542260906457,0.0,-0.0007500542260906457,1.084235067265934,-0.0007500542260907572
2021-07-19,Extended Sentiment Contrarian,extended,-1.0,contrarian,-0.012252150615297143,0.0,-0.012252150615297143,1.070950855919405,-0.012993015064040159
2021-07-20,Extended Sentiment Contrarian,extended,-1.0,contrarian,0.006030107028913663,0.0,0.006030107028913663,1.0774088042033056,-0.007041257306590998
2021-07-21,Extended Sentiment Contrarian,extended,-1.0,contrarian,-0.0016713676542270115,0.0,-0.0016713676542270115,1.0756080579775809,-0.008700856431110626
2021-07-22,Extended Sentiment Contrarian,extended,-1.0,contrarian,0.002089122647966084,0.0,0.002089122647966084,1.0778551351318366,-0.006629910939371486
2021-07-23,Extended Sentiment Contrarian,extended,-1.0,contrarian,0.011488029999731256,0.0,0.011488029999731256,1.0902375672595956,0.0
2021-07-26,Extended Sentiment Contrarian,extended,-1.0,contrarian,0.0012284151715762574,0.0,0.0012284151715762574,1.0915768316278398,0.0
2021-07-27,Extended Sentiment Contrarian,extended,-1.0,contrarian,0.000974466997659993,0.0,0.000974466997659993,1.0926405372256713,0.0
2021-07-28,Extended Sentiment Contrarian,extended,-1.0,contrarian,-0.004199470489116737,0.0,-0.004199470489116737,1.0880520255343795,-0.00419947048911673
2021-07-29,Extended Sentiment Contrarian,extended,-1.0,contrarian,-0.0008081322301871763,0.0,-0.0008081322301871763,1.0871727356244247,-0.005004208991851944
2021-07-30,Extended Sentiment Contrarian,extended,-1.0,contrarian,-0.0018984790373321701,0.0,-0.0018984790373321701,1.0851087609758827,-0.006893187643314591
2021-08-02,Extended Sentiment Contrarian,extended,-1.0,contrarian,-0.0016194878997029638,0.00028228160503238265,-0.0019017695047353464,1.0830451342249376,-0.008781847893999495
2021-08-03,Extended Sentiment Contrarian,extended,-1.0,contrarian,0.0012804235642961469,0.0,0.0012804235642961469,1.0844318907359956,-0.00751266881468482
2021-08-04,Extended Sentiment Contrarian,extended,-1.0,contrarian,-0.00894883743448362,0.0,-0.00894883743448362,1.0747274860370295,-0.016394276597246682
2021-08-05,Extended Sentiment Contrarian,extended,-1.0,contrarian,0.005245780148284409,0.0,0.005245780148284409,1.0803652701480981,-0.011234497219681616
2021-08-06,Extended Sentiment Contrarian,extended,-1.0,contrarian,2.1449779734780856e-05,0.0,2.1449779734780856e-05,1.080388443745176,-0.011213288417437517
2021-08-09,Extended Sentiment Contrarian,extended,-1.0,contrarian,0.0008293273365385413,0.0,0.0008293273365385413,1.0812844394156542,-0.010393260567515994
2021-08-10,Extended Sentiment Contrarian,extended,-1.0,contrarian,0.005861991346834728,0.0,0.005861991346834728,1.0876229194429758,-0.004592194424193452
2021-08-11,Extended Sentiment Contrarian,extended,-1.0,contrarian,0.004980073107946207,0.0,0.004980073107946207,1.0930393610956797,0.0
2021-08-12,Extended Sentiment Contrarian,extended,-1.0,contrarian,0.0024203307784600456,0.0,0.0024203307784600456,1.0956848779034079,0.0
2021-08-13,Extended Sentiment Contrarian,extended,-1.0,contrarian,0.0037992178689114837,0.0,0.0037992178689114837,1.0998476234702346,0.0
2021-08-16,Extended Sentiment Contrarian,extended,-1.0,contrarian,0.006224978521272135,0.0,0.006224978521272135,1.106694151303009,0.0
2021-08-17,Extended Sentiment Contrarian,extended,-1.0,contrarian,0.002525047643974671,0.0,0.002525047643974671,1.1094886067623573,0.0
2021-08-18,Extended Sentiment Contrarian,extended,-1.0,contrarian,-0.011162976642258016,0.0,-0.011162976642258016,1.0971034113602176,-0.011162976642258071
2021-08-19,Extended Sentiment Contrarian,extended,-1.0,contrarian,0.0011781696840026021,0.0,0.0011781696840026021,1.098395985339698,-0.00999795883891863
2021-08-20,Extended Sentiment Contrarian,extended,-1.0,contrarian,0.003805428578962514,0.0,0.003805428578962514,1.1025758528133276,-0.006230576778252894
2021-08-23,Extended Sentiment Contrarian,extended,-1.0,contrarian,-0.0017539040440524172,0.0,-0.0017539040440524172,1.1006420405662038,-0.007973552988497001
2021-08-24,Extended Sentiment Contrarian,extended,-1.0,contrarian,-0.00499822433311052,0.0,-0.00499822433311052,1.0951407847370014,-0.01293192371503915
2021-08-25,Extended Sentiment Contrarian,extended,-1.0,contrarian,-0.0032315102808050224,0.0,-0.0032315102808050224,1.091601826032195,-0.016121644351408393
2021-08-26,Extended Sentiment Contrarian,extended,-1.0,contrarian,-0.006581461258459584,0.0,-0.006581461258459584,1.0844174909045003,-0.022597001632146507
2021-08-27,Extended Sentiment Contrarian,extended,-1.0,contrarian,0.001855528134507936,0.0,0.001855528134507936,1.086429658068426,-0.02078340286992264
2021-08-30,Extended Sentiment Contrarian,extended,-1.0,contrarian,0.0034459349792537327,0.0,0.0034459349792537327,1.0901734240296628,-0.017409086145606212
2021-08-31,Extended Sentiment Contrarian,extended,-1.0,contrarian,0.004140471577258939,0.0,0.004140471577258939,1.0946872561061405,-0.013340696394719354
2021-09-01,Extended Sentiment Contrarian,extended,-1.0,contrarian,-0.0008435717472093205,0.00013234971053892585,-0.0009759214577482462,1.093618927323383,-0.014303598380594695
2021-09-02,Extended Sentiment Contrarian,extended,-1.0,contrarian,0.007145876872525827,0.0,0.007145876872525827,1.1014337935234997,-0.007259933260930551
2021-09-03,Extended Sentiment Contrarian,extended,-1.0,contrarian,-0.00027753535609735547,0.0,-0.00027753535609735547,1.1011281067033964,-0.007535453728865216
2021-09-07,Extended Sentiment Contrarian,extended,-1.0,contrarian,-0.013287001898347823,0.0,-0.013287001898347823,1.0864974154593043,-0.020722332039212588
2021-09-08,Extended Sentiment Contrarian,extended,-1.0,contrarian,0.0025356051729752355,0.0,0.0025356051729752355,1.0892523439263673,-0.01823927051855201
2021-09-09,Extended Sentiment Contrarian,extended,-1.0,contrarian,-0.01126794371669304,0.0,-0.01126794371669304,1.076978709821729,-0.02930169516160852
2021-09-10,Extended Sentiment Contrarian,extended,-1.0,contrarian,-0.006537618775530826,0.0,-0.006537618775530826,1.0699378335875513,-0.03564775062469605
2021-09-13,Extended Sentiment Contrarian,extended,-1.0,contrarian,-0.0006888625132032949,0.0,-0.0006888625132032949,1.069200793522535,-0.03631205673881388
2021-09-14,Extended Sentiment Contrarian,extended,-1.0,contrarian,-0.005513542623268305,0.0,-0.005513542623268305,1.063305709374616,-0.04162539128951426
2021-09-15,Extended Sentiment Contrarian,extended,-1.0,contrarian,0.0036313143678685235,0.0,0.0036313143678685235,1.0671669066745049,-0.038145231803103474
2021-09-16,Extended Sentiment Contrarian,extended,-1.0,contrarian,-0.004069150287500795,0.0,-0.004069150287500795,1.062824444149399,-0.04205916340964577
2021-09-17,Extended Sentiment Contrarian,extended,-1.0,contrarian,-0.006480752177873694,0.0,-0.006480752177873694,1.0559365423182805,-0.048267340572652806
2021-09-20,Extended Sentiment Contrarian,extended,-1.0,contrarian,-0.008552121554534838,0.0,-0.008552121554534838,1.0469060446544993,-0.05640667396349619
2021-09-21,Extended Sentiment Contrarian,extended,-1.0,contrarian,-0.0030921655350577893,0.0,-0.0030921655350577893,1.043668837864775,-0.059324420725376914
2021-09-22,Extended Sentiment Contrarian,extended,-1.0,contrarian,0.00034386938107233684,0.0,0.00034386938107233684,1.0440277236220958,-0.059000951196142015
2021-09-23,Extended Sentiment Contrarian,extended,-1.0,contrarian,0.004541521526334908,0.0,0.004541521526334908,1.048769198003016,-0.054727383759738624
2021-09-24,Extended Sentiment Contrarian,extended,-1.0,contrarian,-0.0014451041343909732,0.0,-0.0014451041343909732,1.04725361729896,-0.05609340112559402
2021-09-27,Extended Sentiment Contrarian,extended,-1.0,contrarian,-0.0027863331246716196,0.0,-0.0027863331246716196,1.0443356198551477,-0.05872343934863389
2021-09-28,Extended Sentiment Contrarian,extended,-1.0,contrarian,-0.006030894889413179,0.0,-0.006030894889413179,1.038037341502531,-0.06440017934779074
2021-09-29,Extended Sentiment Contrarian,extended,-1.0,contrarian,0.009366901599782849,0.0,0.009366901599782849,1.0477605351372854,-0.05563650789096697
2021-09-30,Extended Sentiment Contrarian,extended,-1.0,contrarian,-0.008081869731064374,0.0,-0.008081869731064374,1.0392926709829555,-0.06326873061296523
2021-10-01,Extended Sentiment Contrarian,extended,-1.0,contrarian,0.023709648153423996,0.00041908912339986345,0.02329055903002413,1.0634983782859555,-0.04145173568803706
2021-10-04,Extended Sentiment Contrarian,extended,-1.0,contrarian,0.0047071195718997386,0.0,0.0047071195718997386,1.068504392317069,-0.03693973439248377
2021-10-05,Extended Sentiment Contrarian,extended,-1.0,contrarian,-0.0010388733405232308,0.0,-0.0010388733405232308,1.067394351589659,-0.03794023202774055
2021-10-06,Extended Sentiment Contrarian,extended,-1.0,contrarian,-0.0018552316507203046,0.0,-0.0018552316507203046,1.0654140878047897,-0.03972507575916717
2021-10-07,Extended Sentiment Contrarian,extended,-1.0,contrarian,0.008177270659125605,0.0,0.008177270659125605,1.074126267164815,-0.03187264779647847
2021-10-08,Extended Sentiment Contrarian,extended,-1.0,contrarian,-0.004653499320425956,0.0,-0.004653499320425956,1.069127821310512,-0.036377827772043236
2021-10-11,Extended Sentiment Contrarian,extended,-1.0,contrarian,-0.007070391083993785,0.0,-0.007070391083993785,1.0615686694950686,-0.043191013386902455
2021-10-12,Extended Sentiment Contrarian,extended,-1.0,contrarian,0.0009270722106815383,0.0,0.0009270722106815383,1.0625528203082877,-0.04230398236448296
2021-10-13,Extended Sentiment Contrarian,extended,-1.0,contrarian,0.0019629177299006024,0.0,0.0019629177299006024,1.0646385240782266,-0.04042410387161122
2021-10-14,Extended Sentiment Contrarian,extended,-1.0,contrarian,0.006238390838901524,0.0,0.006238390838901524,1.0712801552935778,-0.0344378943919732
2021-10-15,Extended Sentiment Contrarian,extended,-1.0,contrarian,-0.0023085722514312908,0.0,-0.0023085722514312908,1.068807027653558,-0.03666696427601346
2021-10-18,Extended Sentiment Contrarian,extended,-1.0,contrarian,-0.002225463716982201,0.0,-0.002225463716982201,1.0664284363930594,-0.03881082699438754
2021-10-19,Extended Sentiment Contrarian,extended,-1.0,contrarian,0.013676913527960603,0.0,0.013676913527960603,1.0810138859013656,-0.025664725791177734
2021-10-20,Extended Sentiment Contrarian,extended,-1.0,contrarian,0.011371189468458002,0.0,0.011371189468458002,1.0933062996159841,-0.014585374782347116
2021-10-21,Extended Sentiment Contrarian,extended,-1.0,contrarian,0.007727199151727701,0.0,0.007727199151727701,1.1017544951269551,-0.006970879726265422
2021-10-22,Extended Sentiment Contrarian,extended,-1.0,contrarian,0.002462127471487924,0.0,0.002462127471487924,1.1044671551362426,-0.004525915449251849
2021-10-25,Extended Sentiment Contrarian,extended,-1.0,contrarian,0.003534457660072301,0.0,0.003534457660072301,1.108370847533012,-0.0010074544457080448
2021-10-26,Extended Sentiment Contrarian,extended,-1.0,contrarian,0.0033034796465810476,0.0,0.0033034796465810476,1.112032328068701,0.0
2021-10-27,Extended Sentiment Contrarian,extended,-1.0,contrarian,-0.011057609660120434,0.0,-0.011057609660120434,1.0997359086554823,-0.011057609660120482
2021-10-28,Extended Sentiment Contrarian,extended,-1.0,contrarian,0.020381419315594042,0.0,0.020381419315594042,1.1221500873462056,0.0
2021-10-29,Extended Sentiment Contrarian,extended,-1.0,contrarian,0.00042640717734770137,0.0,0.00042640717734770137,1.1226285801975113,0.0
2021-11-01,Extended Sentiment Contrarian,extended,-1.0,contrarian,0.0038697969862315136,0.0004976874885930937,0.00337210949763842,1.1264142066951157,0.0
2021-11-02,Extended Sentiment Contrarian,extended,-1.0,contrarian,0.0012702494510682522,0.0,0.0012702494510682522,1.1278450337228458,0.0
2021-11-03,Extended Sentiment Contrarian,extended,-1.0,contrarian,0.001125215884174534,0.0,0.001125215884174534,1.1291141028696783,0.0
2021-11-04,Extended Sentiment Contrarian,extended,-1.0,contrarian,-0.0009681315799231769,0.0,-0.0009681315799231769,1.1280209718493535,-0.0009681315799232593
2021-11-05,Extended Sentiment Contrarian,extended,-1.0,contrarian,-0.008213796501028235,0.0,-0.008213796501028235,1.1187556371376908,-0.009173976045167787
2021-11-08,Extended Sentiment Contrarian,extended,-1.0,contrarian,-0.0005280436867670883,0.0,-0.0005280436867670883,1.1181648852864652,-0.0096971754718016
2021-11-09,Extended Sentiment Contrarian,extended,-1.0,contrarian,0.0007869805208881185,0.0,0.0007869805208881185,1.1190448592703268,-0.008917826439117316
2021-11-10,Extended Sentiment Contrarian,extended,-1.0,contrarian,0.0027707757711063707,0.0,0.0027707757711063707,1.1221454816531742,-0.006171759965439394
2021-11-11,Extended Sentiment Contrarian,extended,-1.0,contrarian,4.440113047092802e-05,0.0,4.440113047092802e-05,1.1221953061811125,-0.006127632868087818
2021-11-12,Extended Sentiment Contrarian,extended,-1.0,contrarian,0.002082680769601062,0.0,0.002082680769601062,1.1245324807650325,-0.004057714001624246
2021-11-15,Extended Sentiment Contrarian,extended,-1.0,contrarian,-0.00118896733083798,0.0,-0.00118896733083798,1.1231954483829367,-0.005241856843076431
2021-11-16,Extended Sentiment Contrarian,extended,-1.0,contrarian,-0.006469258222133817,0.0,-0.006469258222133817,1.1159292069934221,-0.011677204139728947
2021-11-17,Extended Sentiment Contrarian,extended,-1.0,contrarian,-0.0009449223094220576,0.0,-0.0009449223094220576,1.1148747405899984,-0.01261109239844771
2021-11-18,Extended Sentiment Contrarian,extended,-1.0,contrarian,-0.003719890272305568,0.0,-0.003719890272305568,1.1107275288876384,-0.016284070790817173
2021-11-19,Extended Sentiment Contrarian,extended,-1.0,contrarian,-0.005963344892202214,0.0,-0.005963344892202214,1.1041038775516179,-0.022150308152644738
2021-11-22,Extended Sentiment Contrarian,extended,-1.0,contrarian,0.002975035319726856,0.0,0.002975035319726856,1.1073886255839813,-0.019241170782014816
2021-11-23,Extended Sentiment Contrarian,extended,-1.0,contrarian,0.0035849811169305136,0.0,0.0035849811169305136,1.1113585928958036,-0.015725168899005437
2021-11-24,Extended Sentiment Contrarian,extended,-1.0,contrarian,0.00045996236625788455,0.0,0.00045996236625788455,1.1118697760239529,-0.01527243951864421
2021-11-26,Extended Sentiment Contrarian,extended,-1.0,contrarian,-0.010627127347332952,0.0,-0.010627127347332952,1.1000537943204958,-0.025737264706308105
2021-11-29,Extended Sentiment Contrarian,extended,-1.0,contrarian,0.0027039241483565964,0.0,0.0027039241483565964,1.1030282563394502,-0.023102932169503543
2021-11-30,Extended Sentiment Contrarian,extended,-1.0,contrarian,-0.024277874809678204,0.0,-0.024277874809678204,1.0762490744205033,-0.04681991688423415
2021-12-01,Extended Sentiment Contrarian,extended,-1.0,contrarian,-0.014417039681688072,0.0002648509656264391,-0.01468189064731451,1.0604477032005881,-0.060814402631737874
2021-12-02,Extended Sentiment Contrarian,extended,-1.0,contrarian,0.011928551293401176,0.0,0.011928551293401176,1.0730973080221857,-0.04961127905950702
2021-12-03,Extended Sentiment Contrarian,extended,-1.0,contrarian,0.010118509634700335,0.0,0.010118509634700335,1.0839554534723792,-0.039994761629960185
2021-12-06,Extended Sentiment Contrarian,extended,-1.0,contrarian,0.009654822725176867,0.0,0.009654822725176867,1.0944208512176439,-0.030726081238256153
2021-12-07,Extended Sentiment Contrarian,extended,-1.0,contrarian,0.0018069163915760472,0.0,0.0018069163915760472,1.0963983781929918,-0.028974684306518284
2021-12-08,Extended Sentiment Contrarian,extended,-1.0,contrarian,-0.0004290252175346606,0.0,-0.0004290252175346606,1.095927995640283,-0.02939127865381519
2021-12-09,Extended Sentiment Contrarian,extended,-1.0,contrarian,-0.0011683085193690246,0.0,-0.0011683085193690246,1.0946476136263614,-0.03052524909193788
2021-12-10,Extended Sentiment Contrarian,extended,-1.0,contrarian,0.00861963597219436,0.0,0.00861963597219436,1.1040830775736519,-0.022168729654876596
2021-12-13,Extended Sentiment Contrarian,extended,-1.0,contrarian,0.005386668327134225,0.0,0.005386668327134225,1.1100304069181428,-0.016901476921627023
2021-12-14,Extended Sentiment Contrarian,extended,-1.0,contrarian,0.0012397244100714052,0.0,0.0012397244100714052,1.1114065387095209,-0.01568270568506147
2021-12-15,Extended Sentiment Contrarian,extended,-1.0,contrarian,0.010477867619360738,0.0,0.010477867619360738,1.1230517092934111,-0.005369159379782218
2021-12-16,Extended Sentiment Contrarian,extended,-1.0,contrarian,0.009611378898559121,0.0,0.009611378898559121,1.1338457847941048,0.0
2021-12-17,Extended Sentiment Contrarian,extended,-1.0,contrarian,-0.015096749969615061,0.0,-0.015096749969615061,1.1167283984769663,-0.015096749969615075
2021-12-20,Extended Sentiment Contrarian,extended,-1.0,contrarian,0.003536104760052904,0.0,0.003536104760052904,1.120677267082507,-0.011614028898990991
2021-12-21,Extended Sentiment Contrarian,extended,-1.0,contrarian,0.0036417970193192103,0.0,0.0036417970193192103,1.124758546213387,-0.008014527815498385
2021-12-22,Extended Sentiment Contrarian,extended,-1.0,contrarian,0.005343481622072829,0.0,0.005343481622072829,1.1307686728343473,-0.0027138716755173986
2021-12-23,Extended Sentiment Contrarian,extended,-1.0,contrarian,0.0013711047323797716,0.0,0.0013711047323797716,1.132319075112897,-0.0013464879454351264
2021-12-27,Extended Sentiment Contrarian,extended,-1.0,contrarian,0.009619396663624848,0.0,0.009619396663624848,1.1432113014461969,0.0
2021-12-28,Extended Sentiment Contrarian,extended,-1.0,contrarian,0.0058518866575367045,0.0,0.0058518866575367045,1.1499012444078751,0.0
2021-12-29,Extended Sentiment Contrarian,extended,-1.0,contrarian,0.000402130752199959,0.0,0.000402130752199959,1.1503636550602445,0.0
2021-12-30,Extended Sentiment Contrarian,extended,-1.0,contrarian,0.0011211538729890905,0.0,0.0011211538729890905,1.1516533897274612,0.0
2021-12-31,Extended Sentiment Contrarian,extended,-1.0,contrarian,0.0003474894008028119,0.0,0.0003474894008028119,1.1520535770737903,0.0
2022-01-03,Extended Sentiment Contrarian,extended,-1.0,contrarian,-0.00012823303405534378,0.0002535184312909518,-0.00038175146534629557,1.151613778932585,-0.00038175146534613624
2022-01-04,Extended Sentiment Contrarian,extended,-1.0,contrarian,-0.0009151549819830344,0.0,-0.0009151549819830344,1.1505598738454745,-0.0012965570855738573
2022-01-05,Extended Sentiment Contrarian,extended,-1.0,contrarian,-0.0031641614446656892,0.0,-0.0031641614446656892,1.1469193166528733,-0.004456616014298587
2022-01-06,Extended Sentiment Contrarian,extended,-1.0,contrarian,-0.002682046236509154,0.0,-0.002682046236509154,1.1438432260160647,-0.007126709400599118
2022-01-07,Extended Sentiment Contrarian,extended,-1.0,contrarian,0.0006542017267764295,0.0,0.0006542017267764295,1.1445915302296858,-0.006477169979418829
2022-01-10,Extended Sentiment Contrarian,extended,-1.0,contrarian,-7.449244216290276e-05,0.0,-7.449244216290276e-05,1.14450626681132,-0.006551179921371775
2022-01-11,Extended Sentiment Contrarian,extended,-1.0,contrarian,0.004721964459484574,0.0,0.004721964459484574,1.1499105847268603,-0.0018601499006437594
2022-01-12,Extended Sentiment Contrarian,extended,-1.0,contrarian,0.0012932443033471569,0.0,0.0012932443033471569,1.1513977000399167,-0.0005693112255590327
2022-01-13,Extended Sentiment Contrarian,extended,-1.0,contrarian,-0.0011695423967091475,0.0,-0.0011695423967091475,1.1500510916142466,-0.0017381877886530894
2022-01-14,Extended Sentiment Contrarian,extended,-1.0,contrarian,-0.002851051750577341,0.0,-0.002851051750577341,1.1467722364362465,-0.004584283875892603
2022-01-18,Extended Sentiment Contrarian,extended,-1.0,contrarian,-0.011091713773838812,0.0,-0.011091713773838812,1.1340525670259107,-0.015625150085121997
2022-01-19,Extended Sentiment Contrarian,extended,-1.0,contrarian,-0.0008956026080677771,0.0,-0.0008956026080677771,1.1330369065891963,-0.0165067587680221
2022-01-20,Extended Sentiment Contrarian,extended,-1.0,contrarian,-0.011943903839475831,0.0,-0.011943903839475831,1.1195040227303177,-0.028253507468071315
2022-01-21,Extended Sentiment Contrarian,extended,-1.0,contrarian,-0.005367511459495629,0.0,-0.005367511459495629,1.1134950720593613,-0.03346936790246113
2022-01-24,Extended Sentiment Contrarian,extended,-1.0,contrarian,-0.00337029786099787,0.0,-0.00337029786099787,1.1097422619997679,-0.03672686402440839
2022-01-25,Extended Sentiment Contrarian,extended,-1.0,contrarian,-0.005536225491858338,0.0,-0.005536225491858338,1.1035984785994921,-0.042059761315418887
2022-01-26,Extended Sentiment Contrarian,extended,-1.0,contrarian,-0.009235968584589225,0.0,-0.009235968584589225,1.0934056777211467,-0.05090726726582362
2022-01-27,Extended Sentiment Contrarian,extended,-1.0,contrarian,0.00047932224381642486,0.0,0.00047932224381642486,1.0939297713839937,-0.05045234600757953
2022-01-28,Extended Sentiment Contrarian,extended,-1.0,contrarian,0.012965949065059351,0.0,0.012965949065059351,1.1081136090805106,-0.038140559491067205
2022-01-31,Extended Sentiment Contrarian,extended,-1.0,contrarian,0.009580379411357701,0.0,0.009580379411357701,1.1187297578863908,-0.0289255811105954
2022-02-01,Extended Sentiment Contrarian,extended,-1.0,contrarian,-0.003505372920385927,0.00040329302203236366,-0.0039086659424182905,1.1143570169829704,-0.032721186619262044
2022-02-02,Extended Sentiment Contrarian,extended,-1.0,contrarian,0.018347614631321667,0.0,0.018347614631321667,1.1348028100922831,-0.014973927710310142
2022-02-03,Extended Sentiment Contrarian,extended,-1.0,contrarian,-0.009486415846586594,0.0,-0.009486415846586594,1.1240375987318727,-0.024318294651780037
2022-02-04,Extended Sentiment Contrarian,extended,-1.0,contrarian,-0.003968400287821402,0.0,-0.003968400287821402,1.119576967601543,-0.028190190212106003
2022-02-07,Extended Sentiment Contrarian,extended,-1.0,contrarian,-0.0002489444559099954,0.0,-0.0002489444559099954,1.1192982551224941,-0.02843211687645164
2022-02-08,Extended Sentiment Contrarian,extended,-1.0,contrarian,-0.002276422528671061,0.0,-0.002276422528671061,1.116750259358231,-0.030643815893727333
2022-02-09,Extended Sentiment Contrarian,extended,-1.0,contrarian,0.010620669365379266,0.0,0.010620669365379266,1.1286108946265763,-0.02034860436504904
2022-02-10,Extended Sentiment Contrarian,extended,-1.0,contrarian,-0.01922238763824286,0.0,-0.01922238763824286,1.10691629851732,-0.039179843242289736
2022-02-11,Extended Sentiment Contrarian,extended,-1.0,contrarian,-0.0038396932529336306,0.0,-0.0038396932529336306,1.1026660794743408,-0.042869097915474996
2022-02-14,Extended Sentiment Contrarian,extended,-1.0,contrarian,-0.007961822318503347,0.0,-0.007961822318503347,1.0938868480729254,-0.05048960409342085
2022-02-15,Extended Sentiment Contrarian,extended,-1.0,contrarian,0.000872465203012293,0.0,0.000872465203012293,1.0948412262839018,-0.049661189313093934
2022-02-16,Extended Sentiment Contrarian,extended,-1.0,contrarian,-0.0017779702869096053,0.0,-0.0017779702869096053,1.0928946311146852,-0.05135086348099238
2022-02-17,Extended Sentiment Contrarian,extended,-1.0,contrarian,-0.015254925793784546,0.0,-0.015254925793784546,1.0762226046166052,-0.06582243566292756
2022-02-18,Extended Sentiment Contrarian,extended,-1.0,contrarian,-0.005884546733721765,0.0,-0.005884546733721765,1.0698895224038512,-0.07131964719786332
2022-02-22,Extended Sentiment Contrarian,extended,-1.0,contrarian,-0.004590547426928629,0.0,-0.004590547426928629,1.0649781438096821,-0.07558279840185844
2022-02-23,Extended Sentiment Contrarian,extended,-1.0,contrarian,0.005746116912956141,0.0,0.005746116912956141,1.0710976327337558,-0.07027098908512763
2022-02-24,Extended Sentiment Contrarian,extended,-1.0,contrarian,-0.002316956236069101,0.0,-0.002316956236069101,1.0686159463941545,-0.07242513051482113
2022-02-25,Extended Sentiment Contrarian,extended,-1.0,contrarian,0.02763637580295573,0.0,0.02763637580295573,1.0981486182777345,-0.046790322836351206
2022-02-28,Extended Sentiment Contrarian,extended,-1.0,contrarian,-0.008322532919133874,0.0,-0.008322532919133874,1.0890092402520166,-0.05472344175338262
2022-03-01,Extended Sentiment Contrarian,extended,-1.0,contrarian,0.00046710025505523585,0.0005436375895228461,-7.65373344676103e-05,1.0889258903875572,-0.05479579070148555
2022-03-02,Extended Sentiment Contrarian,extended,-1.0,contrarian,0.013063437117837428,0.0,0.013063437117837428,1.1031510052826203,-0.04244817494979902
2022-03-03,Extended Sentiment Contrarian,extended,-1.0,contrarian,0.00845981092725728,0.0,0.00845981092725728,1.1124834542115252,-0.03434746755682405
2022-03-04,Extended Sentiment Contrarian,extended,-1.0,contrarian,0.00615334071183193,0.0,0.00615334071183193,1.1193289439415643,-0.028405478515457938
2022-03-07,Extended Sentiment Contrarian,extended,-1.0,contrarian,-0.013555403008826187,0.0,-0.013555403008826187,1.1041559890069925,-0.04157583381534857
2022-03-08,Extended Sentiment Contrarian,extended,-1.0,contrarian,-0.01111919463020226,0.0,-0.01111919463020226,1.0918786636631204,-0.05223273865744493
2022-03-09,Extended Sentiment Contrarian,extended,-1.0,contrarian,0.00397246515803352,0.0,0.00397246515803352,1.0962161136113222,-0.04846776623383697
2022-03-10,Extended Sentiment Contrarian,extended,-1.0,contrarian,0.0027961355534676744,0.0,0.0027961355534676744,1.0992812824608749,-0.045807153124732936
2022-03-11,Extended Sentiment Contrarian,extended,-1.0,contrarian,-0.006274945977659353,0.0,-0.006274945977659353,1.0923833517991808,-0.05179466169114422
2022-03-14,Extended Sentiment Contrarian,extended,-1.0,contrarian,-0.003802812422241062,0.0,-0.003802812422241062,1.0882292228191095,-0.05540050873050051
2022-03-15,Extended Sentiment Contrarian,extended,-1.0,contrarian,0.00687572649901316,0.0,0.00687572649901316,1.0957115893234473,-0.04890570097742453
2022-03-16,Extended Sentiment Contrarian,extended,-1.0,contrarian,0.00619705052814207,0.0,0.00619705052814207,1.1025017694067556,-0.04301172154935362
2022-03-17,Extended Sentiment Contrarian,extended,-1.0,contrarian,0.012732290181244204,0.0,0.012732290181244204,1.1165391418601776,-0.030827069088070758
2022-03-18,Extended Sentiment Contrarian,extended,-1.0,contrarian,0.0034961906202763135,0.0,0.0034961906202763135,1.1204427755351205,-0.027438655777590748
2022-03-21,Extended Sentiment Contrarian,extended,-1.0,contrarian,0.0014545289162718556,0.0,0.0014545289162718556,1.1220724919511644,-0.026024037179570803
2022-03-22,Extended Sentiment Contrarian,extended,-1.0,contrarian,0.003654790733987904,0.0,0.003654790733987904,1.1261734320976102,-0.022464358855527777
2022-03-23,Extended Sentiment Contrarian,extended,-1.0,contrarian,-0.009898814021558521,0.0,-0.009898814021558521,1.1150256507372556,-0.03214080236666206
2022-03-24,Extended Sentiment Contrarian,extended,-1.0,contrarian,0.006541223564498294,0.0,0.006541223564498294,1.1223192827988782,-0.025809818975986443
2022-03-25,Extended Sentiment Contrarian,extended,-1.0,contrarian,0.006279844262310614,0.0,0.006279844262310614,1.1293672731074433,-0.019692056357283327
2022-03-28,Extended Sentiment Contrarian,extended,-1.0,contrarian,0.006698590335666311,0.0,0.006698590335666311,1.1369324418084985,-0.013125375040021536
2022-03-29,Extended Sentiment Contrarian,extended,-1.0,contrarian,0.013555497519648619,0.0,0.013555497519648619,1.1523441267034416,0.0
2022-03-30,Extended Sentiment Contrarian,extended,-1.0,contrarian,0.0011069086200525605,0.0,0.0011069086200525605,1.1536196663505565,0.0
2022-03-31,Extended Sentiment Contrarian,extended,-1.0,contrarian,-0.011185332334752123,0.0,-0.011185332334752123,1.1407160469945197,-0.011185332334752052
2022-04-01,Extended Sentiment Contrarian,extended,-1.0,contrarian,0.009648356532227377,0.0004941922174035282,0.009154164314823849,1.151158349125264,-0.0021335603900364264
2022-04-04,Extended Sentiment Contrarian,extended,-1.0,contrarian,0.0010361229166898512,0.0,0.0010361229166898512,1.1523510906715313,-0.0010996481041609663
2022-04-05,Extended Sentiment Contrarian,extended,-1.0,contrarian,-0.0019772266346329906,0.0,-0.0019772266346329906,1.1500726314026073,-0.003074700485273585
2022-04-06,Extended Sentiment Contrarian,extended,-1.0,contrarian,0.010338696446899453,0.0,0.010338696446899453,1.1619628832305657,0.0
2022-04-07,Extended Sentiment Contrarian,extended,-1.0,contrarian,0.0021858692769823797,0.0,0.0021858692769823797,1.1645027821980132,0.0
2022-04-08,Extended Sentiment Contrarian,extended,-1.0,contrarian,0.004547638333808467,0.0,0.004547638333808467,1.1697985196901637,0.0
2022-04-11,Extended Sentiment Contrarian,extended,-1.0,contrarian,-0.015567132002951565,0.0,-0.015567132002951565,1.1515881117172895,-0.015567132002951678
2022-04-12,Extended Sentiment Contrarian,extended,-1.0,contrarian,0.0072576427306834035,0.0,0.0072576427306834035,1.1599459268050358,-0.008422469954687095
2022-04-13,Extended Sentiment Contrarian,extended,-1.0,contrarian,0.006818282076868445,0.0,0.006818282076868445,1.1678547653279072,-0.0016616146537535847
2022-04-14,Extended Sentiment Contrarian,extended,-1.0,contrarian,0.0002172268350755229,0.0,0.0002172268350755229,1.1681084547224072,-0.0014447487659704494
2022-04-18,Extended Sentiment Contrarian,extended,-1.0,contrarian,-0.0031535138611861824,0.0,-0.0031535138611861824,1.1644248085190714,-0.004593706591897173
2022-04-19,Extended Sentiment Contrarian,extended,-1.0,contrarian,0.0075343852176612686,0.0,0.0075343852176612686,1.1731980335834555,0.0
2022-04-20,Extended Sentiment Contrarian,extended,-1.0,contrarian,0.0028117535870447984,0.0,0.0028117535870447984,1.1764967773626978,0.0
2022-04-21,Extended Sentiment Contrarian,extended,-1.0,contrarian,-0.014458253885281193,0.0,-0.014458253885281193,1.1594866882603727,-0.014458253885281214
2022-04-22,Extended Sentiment Contrarian,extended,-1.0,contrarian,-0.01220265805158148,0.0,-0.01220265805158148,1.1453378686881708,-0.026484482808677656
2022-04-25,Extended Sentiment Contrarian,extended,-1.0,contrarian,-0.003837150819548744,0.0,-0.003837150819548744,1.1409430345466738,-0.03022000867331165
2022-04-26,Extended Sentiment Contrarian,extended,-1.0,contrarian,-0.01548331649740921,0.0,-0.01548331649740921,1.123277452437273,-0.04523541921187768
2022-04-27,Extended Sentiment Contrarian,extended,-1.0,contrarian,-0.003360893097335136,0.0,-0.003360893097335136,1.1195022370009844,-0.04844428090102859
2022-04-28,Extended Sentiment Contrarian,extended,-1.0,contrarian,0.01985114080306368,0.0,0.01985114080306368,1.1417256335370358,-0.029554814339234237
2022-04-29,Extended Sentiment Contrarian,extended,-1.0,contrarian,-0.03394633636998145,0.0,-0.03394633636998145,1.1029682311387574,-0.06249787304030374
2022-05-02,Extended Sentiment Contrarian,extended,-1.0,contrarian,-8.168127636530359e-05,0.00038548032064645665,-0.00046716159701176024,1.1024529667384453,-0.06293583803113623
2022-05-03,Extended Sentiment Contrarian,extended,-1.0,contrarian,0.0025823836812310873,0.0,0.0025823836812310873,1.1052999232890754,-0.06051597883100135
2022-05-04,Extended Sentiment Contrarian,extended,-1.0,contrarian,0.02457291580678804,0.0,0.02457291580678804,1.1324603652453071,-0.03743011707699284
2022-05-05,Extended Sentiment Contrarian,extended,-1.0,contrarian,-0.01675164053480762,0.0,-0.01675164053480762,1.113489796286801,-0.05355474174535091
2022-05-06,Extended Sentiment Contrarian,extended,-1.0,contrarian,-0.008490370864360011,0.0,-0.008490370864360011,1.1040358549626452,-0.061590412990747856
2022-05-09,Extended Sentiment Contrarian,extended,-1.0,contrarian,-0.02229364056207256,0.0,-0.02229364056207256,1.0794228764444675,-0.0825109790235351
2022-05-10,Extended Sentiment Contrarian,extended,-1.0,contrarian,-0.009559547871426164,0.0,-0.009559547871426164,1.0691040817835842,-0.09128175924106752
2022-05-11,Extended Sentiment Contrarian,extended,-1.0,contrarian,0.011060873301883652,0.0,0.011060873301883652,1.0809293065787189,-0.08123054191292245
2022-05-12,Extended Sentiment Contrarian,extended,-1.0,contrarian,0.005024518273007894,0.0,0.005024518273007894,1.0863604556314534,-0.07661416798208243
2022-05-13,Extended Sentiment Contrarian,extended,-1.0,contrarian,0.013983776678958428,0.0,0.013983776678958428,1.101551877635855,-0.06370174671862971
2022-05-16,Extended Sentiment Contrarian,extended,-1.0,contrarian,0.008271630730097308,0.0,0.008271630730097308,1.1106635079977043,-0.05595703331425106
2022-05-17,Extended Sentiment Contrarian,extended,-1.0,contrarian,0.000864095492117958,0.0,0.000864095492117958,1.111623227328225,-0.05514129004237234
2022-05-18,Extended Sentiment Contrarian,extended,-1.0,contrarian,-0.026726394846897584,0.0,-0.026726394846897584,1.0819135460336682,-0.08039395699923013
2022-05-19,Extended Sentiment Contrarian,extended,-1.0,contrarian,-0.008215678621135689,0.0,-0.008215678621135689,1.0730248920436023,-0.08794914470657877
2022-05-20,Extended Sentiment Contrarian,extended,-1.0,contrarian,0.0011951555681024607,0.0,0.0011951555681024607,1.0743073237180407,-0.08685910204848224
2022-05-23,Extended Sentiment Contrarian,extended,-1.0,contrarian,0.023347705574994358,0.0,0.023347705574994358,1.0993899348092697,-0.06553935721462423
2022-05-24,Extended Sentiment Contrarian,extended,-1.0,contrarian,0.009713512527172367,0.0,0.009713512527172367,1.1100688727132868,-0.056462462054778895
2022-05-25,Extended Sentiment Contrarian,extended,-1.0,contrarian,0.0035537071334757813,0.0,0.0035537071334757813,1.1140137323848973,-0.05310940597548086
2022-05-26,Extended Sentiment Contrarian,extended,-1.0,contrarian,0.007138760719682141,0.0,0.007138760719682141,1.1219664098588331,-0.046349780597022106
2022-05-27,Extended Sentiment Contrarian,extended,-1.0,contrarian,0.011788420147560305,0.0,0.011788420147560305,1.1351926212896988,-0.03510775113688691
2022-05-31,Extended Sentiment Contrarian,extended,-1.0,contrarian,-0.012632019162060977,0.0,-0.012632019162060977,1.120852846344937,-0.04729628851384993
2022-06-01,Extended Sentiment Contrarian,extended,-1.0,contrarian,-0.004834495035721015,0.00043238695111798005,-0.005266881986838995,1.1149494466786256,-0.052314066530670944
2022-06-02,Extended Sentiment Contrarian,extended,-1.0,contrarian,0.009682965121517102,0.0,0.009682965121517102,1.1257454632830695,-0.043137656690735104
2022-06-03,Extended Sentiment Contrarian,extended,-1.0,contrarian,-0.00779071208520378,0.0,-0.00779071208520378,1.1169751044974068,-0.05059229571263102
2022-06-06,Extended Sentiment Contrarian,extended,-1.0,contrarian,-0.000587525521072744,0.0,-0.000587525521072744,1.1163188531171115,-0.051150096968803016
2022-06-07,Extended Sentiment Contrarian,extended,-1.0,contrarian,0.006848821989965396,0.0,0.006848821989965396,1.123964322226153,-0.04465159288774634
2022-06-08,Extended Sentiment Contrarian,extended,-1.0,contrarian,-0.0131623563017482,0.0,-0.0131623563017482,1.1091703033465594,-0.0572262290144655
2022-06-09,Extended Sentiment Contrarian,extended,-1.0,contrarian,-0.025142787969036712,0.0,-0.025142787969036712,1.0812826695879647,-0.080930190041124
2022-06-10,Extended Sentiment Contrarian,extended,-1.0,contrarian,-0.007333463052247588,0.0,-0.007333463052247588,1.0733531230815057,-0.08767015453489369
2022-06-13,Extended Sentiment Contrarian,extended,-1.0,contrarian,-0.03504663200013872,0.0,-0.03504663200013872,1.0357357111706686,-0.11964424289165254
2022-06-14,Extended Sentiment Contrarian,extended,-1.0,contrarian,-0.015891588186738415,0.0,-0.015891588186738415,1.0192762257784458,-0.13363449404144268
2022-06-15,Extended Sentiment Contrarian,extended,-1.0,contrarian,0.0021520155353180323,0.0,0.0021520155353180323,1.0214697240511015,-0.13177006201335606
2022-06-16,Extended Sentiment Contrarian,extended,-1.0,contrarian,-0.0038189938911554733,0.0,-0.0038189938911554733,1.01756873741495,-0.13508582684264536
2022-06-17,Extended Sentiment Contrarian,extended,-1.0,contrarian,-0.007460498785309298,0.0,-0.007460498785309298,1.0099771670854971,-0.14153851798088257
2022-06-21,Extended Sentiment Contrarian,extended,-1.0,contrarian,0.017859582956265822,0.0,0.017859582956265822,1.0280149380849948,-0.1262067539280034
2022-06-22,Extended Sentiment Contrarian,extended,-1.0,contrarian,-0.0011615866413131719,0.0,-0.0011615866413131719,1.0268208096658449,-0.1272217404899103
2022-06-23,Extended Sentiment Contrarian,extended,-1.0,contrarian,0.010904354602259414,0.0,0.010904354602259414,1.0380176278874202,-0.11770465685906961
2022-06-24,Extended Sentiment Contrarian,extended,-1.0,contrarian,0.015119822046532812,0.0,0.015119822046532812,1.053712269702242,-0.10436450827829413
2022-06-27,Extended Sentiment Contrarian,extended,-1.0,contrarian,-0.005978415145398529,0.0,-0.005978415145398529,1.0474127403101618,-0.1097189890667597
2022-06-28,Extended Sentiment Contrarian,extended,-1.0,contrarian,-0.010808351516914878,0.0,-0.010808351516914878,1.0360919352295945,-0.11934145918176053
2022-06-29,Extended Sentiment Contrarian,extended,-1.0,contrarian,-0.0014291454859586136,0.0,-0.0014291454859586136,1.034611209117323,-0.1206000483600419
2022-06-30,Extended Sentiment Contrarian,extended,-1.0,contrarian,-0.008187449936570586,0.0,-0.008187449936570586,1.0261403816388601,-0.1278000914383166
2022-07-01,Extended Sentiment Contrarian,extended,-1.0,contrarian,0.016811360715760795,0.0003621342311321281,0.016449226484628668,1.043019597181461,-0.113453077602513
2022-07-05,Extended Sentiment Contrarian,extended,-1.0,contrarian,-0.008276897949576726,0.0,-0.008276897949576726,1.0343866304161815,-0.12079093600670832
2022-07-06,Extended Sentiment Contrarian,extended,-1.0,contrarian,0.0029975244995567004,0.0,0.0029975244995567004,1.0374872296828679,-0.11815548529715614
2022-07-07,Extended Sentiment Contrarian,extended,-1.0,contrarian,0.00090119063242165,0.0,0.00090119063242165,1.0384222034555153,-0.11736077528125344
2022-07-08,Extended Sentiment Contrarian,extended,-1.0,contrarian,-0.004387450632443957,0.0,-0.004387450632443957,1.0338661773022206,-0.12123331130596549
2022-07-11,Extended Sentiment Contrarian,extended,-1.0,contrarian,0.003848092810304522,0.0,0.003848092810304522,1.0378445903059144,-0.11785173552926687
2022-07-12,Extended Sentiment Contrarian,extended,-1.0,contrarian,-0.005028012996317557,0.0,-0.005028012996317557,1.0326262942176982,-0.12228718846770481
2022-07-13,Extended Sentiment Contrarian,extended,-1.0,contrarian,-0.001171183214696877,0.0,-0.001171183214696877,1.0314168996348558,-0.12331515097989576
2022-07-14,Extended Sentiment Contrarian,extended,-1.0,contrarian,-0.007959799654803965,0.0,-0.007959799654803965,1.0232070277531833,-0.13029338673849788
2022-07-15,Extended Sentiment Contrarian,extended,-1.0,contrarian,0.009639484028043986,0.0,0.009639484028043986,1.0330702155545926,-0.12190986373087942
2022-07-18,Extended Sentiment Contrarian,extended,-1.0,contrarian,-0.015298244014668555,0.0,-0.015298244014668555,1.0172660553127522,-0.13534310090239798
2022-07-19,Extended Sentiment Contrarian,extended,-1.0,contrarian,0.011238016126953337,0.0,0.011238016126953337,1.028698107647759,-0.12562607272605764
2022-07-20,Extended Sentiment Contrarian,extended,-1.0,contrarian,-0.011819461807030075,0.0,-0.011819461807030075,1.0165394496534523,-0.1359607019645348
2022-07-21,Extended Sentiment Contrarian,extended,-1.0,contrarian,0.0027544674649984395,0.0,0.0027544674649984395,1.0193394744944102,-0.133580733829616
2022-07-22,Extended Sentiment Contrarian,extended,-1.0,contrarian,0.0008979187718701335,0.0,0.0008979187718701335,1.020254758543467,-0.1328027597062117
2022-07-25,Extended Sentiment Contrarian,extended,-1.0,contrarian,-0.004558899753880835,0.0,-0.004558899753880835,1.0156035193758475,-0.13675622499155315
2022-07-26,Extended Sentiment Contrarian,extended,-1.0,contrarian,0.0014321992814370578,0.0,0.0014321992814370578,1.0170580660065225,-0.1355198878772811
2022-07-27,Extended Sentiment Contrarian,extended,-1.0,contrarian,0.00032588581168822937,0.0,0.00032588581168822937,1.017389510799897,-0.13523816607425376
2022-07-28,Extended Sentiment Contrarian,extended,-1.0,contrarian,0.006668949157051199,0.0,0.006668949157051199,1.0241744297203388,-0.1294711133708445
2022-07-29,Extended Sentiment Contrarian,extended,-1.0,contrarian,0.0029455900150809206,0.0,0.0029455900150809206,1.0271912276942243,-0.12690689217454998
2022-08-01,Extended Sentiment Contrarian,extended,-1.0,contrarian,-0.0022272826273282333,0.0003185466089261461,-0.0025458292362543792,1.0245761742355364,-0.12912963813442424
2022-08-02,Extended Sentiment Contrarian,extended,-1.0,contrarian,-0.0048390813913687025,0.0,-0.0048390813913687025,1.0196181667367534,-0.13334385069682242
2022-08-03,Extended Sentiment Contrarian,extended,-1.0,contrarian,0.02026762436219423,0.0,0.02026762436219423,1.0402834047330431,-0.11577878941155983
2022-08-04,Extended Sentiment Contrarian,extended,-1.0,contrarian,-0.004855624611813172,0.0,-0.004855624611813172,1.0352321790297605,-0.1200722356839804
2022-08-05,Extended Sentiment Contrarian,extended,-1.0,contrarian,-0.008182796508692164,0.0,-0.008182796508692164,1.0267610847695101,-0.12727250552172675
2022-08-08,Extended Sentiment Contrarian,extended,-1.0,contrarian,0.004312092330494632,0.0,0.004312092330494632,1.0311885733683952,-0.12350922398617503
2022-08-09,Extended Sentiment Contrarian,extended,-1.0,contrarian,0.0014762052249352748,0.0,0.0014762052249352748,1.0327108193282952,-0.12221534372301579
2022-08-10,Extended Sentiment Contrarian,extended,-1.0,contrarian,0.013418951106711097,0.0,0.013418951106711097,1.0465687153202332,-0.11043639433821373
2022-08-11,Extended Sentiment Contrarian,extended,-1.0,contrarian,-0.0009957572291308626,0.0,-0.0009957572291308626,1.045526586956171,-0.11132218372932312
2022-08-12,Extended Sentiment Contrarian,extended,-1.0,contrarian,0.015453304458770642,0.0,0.015453304458770642,1.061683427624144,-0.09758917486873686
2022-08-15,Extended Sentiment Contrarian,extended,-1.0,contrarian,0.017011129482162973,0.0,0.017011129482162973,1.0797438618805248,-0.08223814747632352
2022-08-16,Extended Sentiment Contrarian,extended,-1.0,contrarian,0.00927386897955945,0.0,0.00927386897955945,1.0897572649870884,-0.07372694430158122
2022-08-17,Extended Sentiment Contrarian,extended,-1.0,contrarian,-0.007869508408860065,0.0,-0.007869508408860065,1.0811814110266562,-0.08101625790230038
2022-08-18,Extended Sentiment Contrarian,extended,-1.0,contrarian,-0.003428458762802138,0.0,-0.003428458762802138,1.077474625143843,-0.08416695576576805
2022-08-19,Extended Sentiment Contrarian,extended,-1.0,contrarian,-0.004078938346017826,0.0,-0.004078938346017826,1.0730796725784826,-0.08790258228844527
2022-08-22,Extended Sentiment Contrarian,extended,-1.0,contrarian,-0.014945571160811204,0.0,-0.014945571160811204,1.057041883970741,-0.10153439915044538
2022-08-23,Extended Sentiment Contrarian,extended,-1.0,contrarian,-0.006939602748284809,0.0,-0.006939602748284809,1.0497064332076855,-0.10776939350334025
2022-08-24,Extended Sentiment Contrarian,extended,-1.0,contrarian,0.00018294413495599038,0.0,0.00018294413495599038,1.0498984708430663,-0.1076061651468535
2022-08-25,Extended Sentiment Contrarian,extended,-1.0,contrarian,0.004540060785120653,0.0,0.004540060785120653,1.0546650737188992,-0.10355464289235328
2022-08-26,Extended Sentiment Contrarian,extended,-1.0,contrarian,-0.020271936745085553,0.0,-0.020271936745085553,1.0332849700572186,-0.12172732646706508
2022-08-29,Extended Sentiment Contrarian,extended,-1.0,contrarian,-0.002734860395188591,0.0,-0.002734860395188591,1.0304590799156657,-0.12412927961808662
2022-08-30,Extended Sentiment Contrarian,extended,-1.0,contrarian,-0.008623227448495967,0.0,-0.008623227448495967,1.021573196893185,-0.1316821120554179
2022-08-31,Extended Sentiment Contrarian,extended,-1.0,contrarian,-0.00027972229333521077,0.0,-0.00027972229333521077,1.0212874400957401,-0.13192499992637785
2022-09-01,Extended Sentiment Contrarian,extended,-1.0,contrarian,0.013988985432508353,0.0003751280433836729,0.01361385738912468,1.0351911016585078,-0.12010715067231104
2022-09-02,Extended Sentiment Contrarian,extended,-1.0,contrarian,-0.00976717773487984,0.0,-0.00976717773487984,1.0250802061790432,-0.1287012205193444
2022-09-06,Extended Sentiment Contrarian,extended,-1.0,contrarian,-0.002865969844047178,0.0,-0.002865969844047178,1.0221423572204043,-0.13119833654649116
2022-09-07,Extended Sentiment Contrarian,extended,-1.0,contrarian,0.019477731384605082,0.0,0.019477731384605082,1.0420513714911703,-0.11427605111924566
2022-09-08,Extended Sentiment Contrarian,extended,-1.0,contrarian,0.0030882110766842193,0.0,0.0030882110766842193,1.0452694460790832,-0.11154074860942775
2022-09-09,Extended Sentiment Contrarian,extended,-1.0,contrarian,0.007042025106068155,0.0,0.007042025106068155,1.052630259760978,-0.10528419625541685
2022-09-12,Extended Sentiment Contrarian,extended,-1.0,contrarian,0.016749955443643286,0.0,0.016749955443643286,1.070261769710605,-0.09029774640797172
2022-09-13,Extended Sentiment Contrarian,extended,-1.0,contrarian,-0.031650963078521145,0.0,-0.031650963078521145,1.0363869539531418,-0.11909069884886048
2022-09-14,Extended Sentiment Contrarian,extended,-1.0,contrarian,0.006826451293107777,0.0,0.006826451293107777,1.0434617990151154,-0.11307721441090657
2022-09-15,Extended Sentiment Contrarian,extended,-1.0,contrarian,-0.008249739075959314,0.0,-0.008249739075959314,1.0348535114375097,-0.12039409597253947
2022-09-16,Extended Sentiment Contrarian,extended,-1.0,contrarian,0.006904306869065091,0.0,0.006904306869065091,1.0419984576450039,-0.1143210268872924
2022-09-19,Extended Sentiment Contrarian,extended,-1.0,contrarian,0.0035072165541665044,0.0,0.0035072165541665044,1.0456529718850724,-0.11121475893111432
2022-09-20,Extended Sentiment Contrarian,extended,-1.0,contrarian,-0.01606789733130025,0.0,-0.01606789733130025,1.0288515272886543,-0.12549566893418396
2022-09-21,Extended Sentiment Contrarian,extended,-1.0,contrarian,-0.013195246734330729,0.0,-0.013195246734330729,1.0152755775330875,-0.1370349693528382
2022-09-22,Extended Sentiment Contrarian,extended,-1.0,contrarian,0.0053294356281018765,0.0,0.0053294356281018765,1.0206864233683342,-0.1324358527727012
2022-09-23,Extended Sentiment Contrarian,extended,-1.0,contrarian,-0.015465190690935344,0.0,-0.015465190690935344,1.0049013131952942,-0.14585289774618992
2022-09-26,Extended Sentiment Contrarian,extended,-1.0,contrarian,-0.00941207324171947,0.0,-0.00941207324171947,0.9954431084348,-0.15389219283180522
2022-09-27,Extended Sentiment Contrarian,extended,-1.0,contrarian,-0.0038206883059740404,0.0,-0.0038206883059740404,0.9916398305911407,-0.15712490703624615
2022-09-28,Extended Sentiment Contrarian,extended,-1.0,contrarian,0.02283042924734094,0.0,0.02283042924734094,1.014279393582297,-0.1378817068619912
2022-09-29,Extended Sentiment Contrarian,extended,-1.0,contrarian,-0.013910626421181396,0.0,-0.013910626421181396,1.0001701318514713,-0.14987431236870052
2022-09-30,Extended Sentiment Contrarian,extended,-1.0,contrarian,-0.016081992769114994,0.0,-0.016081992769114994,0.9840854030231511,-0.163546027530026
2022-10-03,Extended Sentiment Contrarian,extended,-1.0,contrarian,0.02703393918206063,0.0003530969782001506,0.02668084220386048,1.0103416303763342,-0.14122873107976242
2022-10-04,Extended Sentiment Contrarian,extended,-1.0,contrarian,0.02241067778148073,0.0,0.02241067778148073,1.0329840711039142,-0.12198308488399756
2022-10-05,Extended Sentiment Contrarian,extended,-1.0,contrarian,-0.002199811104353586,0.0,-0.002199811104353586,1.0307117012736795,-0.12391455624367997
2022-10-06,Extended Sentiment Contrarian,extended,-1.0,contrarian,-0.0062436069862997785,0.0,-0.0062436069862997785,1.0242763424947463,-0.1293844894409124
2022-10-07,Extended Sentiment Contrarian,extended,-1.0,contrarian,-0.012965842265827745,0.0,-0.012965842265827745,1.0109957370013405,-0.14067275282500458
2022-10-10,Extended Sentiment Contrarian,extended,-1.0,contrarian,0.002682370887467398,0.0,0.002682370887467398,1.0137076025336267,-0.1383677184343748
2022-10-11,Extended Sentiment Contrarian,extended,-1.0,contrarian,0.01613522331343728,0.0,0.01613522331343728,1.030064001075036,-0.12446508915724686
2022-10-12,Extended Sentiment Contrarian,extended,-1.0,contrarian,-0.0052389349773126915,0.0,-0.0052389349773126915,1.0246675627509334,-0.12905195962551919
2022-10-13,Extended Sentiment Contrarian,extended,-1.0,contrarian,0.021025477101293454,0.0,0.021025477101293454,1.0462116871279914,-0.11073986154620907
2022-10-14,Extended Sentiment Contrarian,extended,-1.0,contrarian,-0.009438755656658351,0.0,-0.009438755656658351,1.03633675064805,-0.11913337070828056
2022-10-17,Extended Sentiment Contrarian,extended,-1.0,contrarian,0.011322891150466662,0.0,0.011322891150466662,1.0480710788708663,-0.10915941374673199
2022-10-18,Extended Sentiment Contrarian,extended,-1.0,contrarian,0.008594779652344852,0.0,0.008594779652344852,1.0570790188537567,-0.10150283520251946
2022-10-19,Extended Sentiment Contrarian,extended,-1.0,contrarian,-0.007430840768282437,0.0,-0.007430840768282437,1.049224032985162,-0.10817942456488283
2022-10-20,Extended Sentiment Contrarian,extended,-1.0,contrarian,-0.0015615741788676577,0.0,-0.0015615741788676577,1.047585591827405,-0.10957206854766521
2022-10-21,Extended Sentiment Contrarian,extended,-1.0,contrarian,0.02176207834074237,0.0,0.02176207834074237,1.070383231545386,-0.09019450614661428
2022-10-24,Extended Sentiment Contrarian,extended,-1.0,contrarian,0.017012765714675988,0.0,0.017012765714675988,1.0885934106885855,-0.07471619843376154
2022-10-25,Extended Sentiment Contrarian,extended,-1.0,contrarian,0.006083261344315713,0.0,0.006083261344315713,1.0952156089035043,-0.06908745525117199
2022-10-26,Extended Sentiment Contrarian,extended,-1.0,contrarian,0.012672349503353914,0.0,0.012672349503353914,1.109094563881058,-0.057290606127058274
2022-10-27,Extended Sentiment Contrarian,extended,-1.0,contrarian,0.002040557981930359,0.0,0.002040557981930359,1.111357735646101,-0.05536695294875016
2022-10-28,Extended Sentiment Contrarian,extended,-1.0,contrarian,0.019917824303012924,0.0,0.019917824303012924,1.1334935637624943,-0.03655191788676371
2022-10-31,Extended Sentiment Contrarian,extended,-1.0,contrarian,-0.007267637991078647,0.0,-0.007267637991078647,1.125255742875851,-0.04355390977076168
2022-11-01,Extended Sentiment Contrarian,extended,-1.0,contrarian,0.001246600440314956,0.0003497814915100441,0.0008968189488049119,1.1262648935483137,-0.042696150793533616
2022-11-02,Extended Sentiment Contrarian,extended,-1.0,contrarian,-0.012379144932242885,0.0,-0.012379144932242885,1.112322697198982,-0.054546753887054544
2022-11-03,Extended Sentiment Contrarian,extended,-1.0,contrarian,-0.0025026926060476486,0.0,-0.0025026926060476486,1.1095388954091632,-0.05691293273546505
2022-11-04,Extended Sentiment Contrarian,extended,-1.0,contrarian,0.017158396442411104,0.0,0.017158396442411104,1.1285768036448685,-0.040731070955629334
2022-11-07,Extended Sentiment Contrarian,extended,-1.0,contrarian,0.012713133314600798,0.0,0.012713133314600798,1.1429245510053718,-0.02853575717613388
2022-11-08,Extended Sentiment Contrarian,extended,-1.0,contrarian,0.005395881718253636,0.0,0.005395881718253636,1.1490916366954849,-0.02329385102834347
2022-11-09,Extended Sentiment Contrarian,extended,-1.0,contrarian,-0.01673080035291294,0.0,-0.01673080035291294,1.1298664139347308,-0.0396349266102507
2022-11-10,Extended Sentiment Contrarian,extended,-1.0,contrarian,0.027404069432372703,0.0,0.027404069432372703,1.160829351591504,-0.013317015458652381
2022-11-11,Extended Sentiment Contrarian,extended,-1.0,contrarian,0.0051556499634705264,0.0,0.0051556499634705264,1.1668141813956323,-0.00823002336544476
2022-11-14,Extended Sentiment Contrarian,extended,-1.0,contrarian,-0.004819595499224401,0.0,-0.004819595499224401,1.1611906090185466,-0.013009953481098568
2022-11-15,Extended Sentiment Contrarian,extended,-1.0,contrarian,0.006597195206178243,0.0,0.006597195206178243,1.168851210137823,-0.006498587477658413
2022-11-16,Extended Sentiment Contrarian,extended,-1.0,contrarian,-0.0034634227726165626,0.0,-0.0034634227726165626,1.1648029842388312,-0.009939502894415031
2022-11-17,Extended Sentiment Contrarian,extended,-1.0,contrarian,-0.00011220428098530607,0.0,-0.00011220428098530607,1.1646722883574951,-0.01005059192062474
2022-11-18,Extended Sentiment Contrarian,extended,-1.0,contrarian,0.007271225868423625,0.0,0.007271225868423625,1.1731408836288362,-0.0028524461761674225
2022-11-21,Extended Sentiment Contrarian,extended,-1.0,contrarian,0.0016472667648514848,0.0,0.0016472667648514848,1.1750733596169265,-0.0012098781511005186
2022-11-22,Extended Sentiment Contrarian,extended,-1.0,contrarian,0.012025313730710457,0.0,0.012025313730710457,1.18920398542292,0.0
2022-11-23,Extended Sentiment Contrarian,extended,-1.0,contrarian,0.0003647469890904689,0.0,0.0003647469890904689,1.1896377439960173,0.0
2022-11-25,Extended Sentiment Contrarian,extended,-1.0,contrarian,-0.000889299620553424,0.0,-0.000889299620553424,1.1885797996016856,-0.0008892996205533965
2022-11-28,Extended Sentiment Contrarian,extended,-1.0,contrarian,-0.013364064770227922,0.0,-0.013364064770227922,1.172695542175224,-0.014241479733052231
2022-11-29,Extended Sentiment Contrarian,extended,-1.0,contrarian,0.004156979798980781,0.0,0.004156979798980781,1.1775704138544014,-0.010143701477629219
2022-11-30,Extended Sentiment Contrarian,extended,-1.0,contrarian,0.019596138752872378,0.0,0.019596138752872378,1.2006462470755697,0.0
2022-12-01,Extended Sentiment Contrarian,extended,-1.0,contrarian,0.0007578533467393335,0.0003646067696152608,0.0003932465771240727,1.2011183971025692,0.0
2022-12-02,Extended Sentiment Contrarian,extended,-1.0,contrarian,0.0032273782533331443,0.0,0.0032273782533331443,1.2049948604970564,0.0
2022-12-05,Extended Sentiment Contrarian,extended,-1.0,contrarian,-0.010726337060090282,0.0,-0.010726337060090282,1.1920696794676884,-0.010726337060090407
2022-12-06,Extended Sentiment Contrarian,extended,-1.0,contrarian,-0.0109550019156434,0.0,-0.0109550019156434,1.1790105538455395,-0.021563831932692623
2022-12-07,Extended Sentiment Contrarian,extended,-1.0,contrarian,0.002922395333729204,0.0,0.002922395333729204,1.1824560887865152,-0.018704454640780854
2022-12-08,Extended Sentiment Contrarian,extended,-1.0,contrarian,0.004641359389396747,0.0,0.004641359389396747,1.1879442924567538,-0.014149909347554668
2022-12-09,Extended Sentiment Contrarian,extended,-1.0,contrarian,-0.014508613991699826,0.0,-0.014508613991699826,1.170708867273856,-0.028453227766513156
2022-12-12,Extended Sentiment Contrarian,extended,-1.0,contrarian,0.005548064363642444,0.0,0.005548064363642444,1.1772040354205784,-0.023063023741872524
2022-12-13,Extended Sentiment Contrarian,extended,-1.0,contrarian,0.00376621915012327,0.0,0.00376621915012327,1.181637643802382,-0.019383664993425587
2022-12-14,Extended Sentiment Contrarian,extended,-1.0,contrarian,-0.0012682274335423654,0.0,-0.0012682274335423654,1.1801390585260054,-0.020627309531260574
2022-12-15,Extended Sentiment Contrarian,extended,-1.0,contrarian,-0.01561784926154293,0.0,-0.01561784926154293,1.161707824602287,-0.03592300458187325
2022-12-16,Extended Sentiment Contrarian,extended,-1.0,contrarian,-0.004827300958142752,0.0,-0.004827300958142752,1.1560999113075023,-0.040576894385578544
2022-12-19,Extended Sentiment Contrarian,extended,-1.0,contrarian,-0.0018019570032481932,0.0,-0.0018019570032481932,1.1540166689758673,-0.04230573356981848
2022-12-20,Extended Sentiment Contrarian,extended,-1.0,contrarian,0.0004563202773644228,0.0,0.0004563202773644228,1.1545432701823375,-0.041868718256530824
2022-12-21,Extended Sentiment Contrarian,extended,-1.0,contrarian,0.012379363335482821,0.0,0.012379363335482821,1.168835780810461,-0.030007662996736628
2022-12-22,Extended Sentiment Contrarian,extended,-1.0,contrarian,-0.0057572515837687275,0.0,-0.0057572515837687275,1.1621064991602243,-0.035592152915192354
2022-12-23,Extended Sentiment Contrarian,extended,-1.0,contrarian,0.006719024333138231,0.0,0.006719024333138231,1.16991472100578,-0.029112273123559906
2022-12-27,Extended Sentiment Contrarian,extended,-1.0,contrarian,0.0021355067958058237,0.0,0.0021355067958058237,1.1724130818430012,-0.027038935784850837
2022-12-28,Extended Sentiment Contrarian,extended,-1.0,contrarian,-0.009857998066354429,0.0,-0.009857998066354429,1.1608554359492242,-0.036630384074521904
2022-12-29,Extended Sentiment Contrarian,extended,-1.0,contrarian,0.008090766148115429,0.0,0.008090766148115429,1.1702476458132578,-0.02883598579786928
2022-12-30,Extended Sentiment Contrarian,extended,-1.0,contrarian,0.00036158171911116377,0.0,0.00036158171911116377,1.1706707859688168,-0.028484830644075143
2023-01-03,Extended Sentiment Contrarian,extended,-1.0,contrarian,0.0022492240294438486,0.0003326354172827267,0.0019165886121611218,1.1729144802657943,-0.02662283573394586
2023-01-04,Extended Sentiment Contrarian,extended,-1.0,contrarian,0.008348560870027541,0.0,0.008348560870027541,1.18270662819963,-0.018496537228575916
2023-01-05,Extended Sentiment Contrarian,extended,-1.0,contrarian,-0.0012203012392139302,0.0,-0.0012203012392139302,1.1812633698356114,-0.019694267120488607
2023-01-06,Extended Sentiment Contrarian,extended,-1.0,contrarian,0.017363806008281933,0.0,0.017363806008281933,1.2017745978341263,-0.002672428545962169
2023-01-09,Extended Sentiment Contrarian,extended,-1.0,contrarian,-0.01417174437348104,0.0,-0.01417174437348104,1.184743355439078,-0.016806299945233527
2023-01-10,Extended Sentiment Contrarian,extended,-1.0,contrarian,0.0010913775303197407,0.0,0.0010913775303197407,1.1860363577164,-0.015733264433041794
2023-01-11,Extended Sentiment Contrarian,extended,-1.0,contrarian,0.0007029548503828744,0.0,0.0007029548503828744,1.1868700877267873,-0.015041369357204348
2023-01-12,Extended Sentiment Contrarian,extended,-1.0,contrarian,-0.006459571331588692,0.0,-0.006459571331588692,1.1792034157337872,-0.021403779890505348
2023-01-13,Extended Sentiment Contrarian,extended,-1.0,contrarian,0.003226579446981423,0.0,0.003226579446981423,1.1830082092388041,-0.018246261439806344
2023-01-17,Extended Sentiment Contrarian,extended,-1.0,contrarian,-0.006085049283081458,0.0,-0.006085049283081458,1.175809545983296,-0.024220281322794635
2023-01-18,Extended Sentiment Contrarian,extended,-1.0,contrarian,-0.019243497016532447,0.0,-0.019243497016532447,1.153182858493156,-0.04299769542795229
2023-01-19,Extended Sentiment Contrarian,extended,-1.0,contrarian,-0.004124655760547403,0.0,-0.004124655760547403,1.1484263761729077,-0.04694500049636263
2023-01-20,Extended Sentiment Contrarian,extended,-1.0,contrarian,0.010229539414016458,0.0,0.010229539414016458,1.1601742490520643,-0.0371956868152149
2023-01-23,Extended Sentiment Contrarian,extended,-1.0,contrarian,0.00397113411139173,0.0,0.00397113411139173,1.1647814565876333,-0.033372261764531674
2023-01-24,Extended Sentiment Contrarian,extended,-1.0,contrarian,-0.000823810750361048,0.0,-0.000823810750361048,1.1638218971018752,-0.03416858008688728
2023-01-25,Extended Sentiment Contrarian,extended,-1.0,contrarian,-0.0012189499369948857,0.0,-0.0012189499369948857,1.1624032564737297,-0.03534588023533791
2023-01-26,Extended Sentiment Contrarian,extended,-1.0,contrarian,0.0007897683361094883,0.0,0.0007897683361094883,1.1633212857594832,-0.03458402695625018
2023-01-27,Extended Sentiment Contrarian,extended,-1.0,contrarian,-0.0036211998562642655,0.0,-0.0036211998562642655,1.1591086668867019,-0.038079991139071456
2023-01-30,Extended Sentiment Contrarian,extended,-1.0,contrarian,-0.005144404978460961,0.0,-0.005144404978460961,1.1531457424901927,-0.04302849722153679
2023-01-31,Extended Sentiment Contrarian,extended,-1.0,contrarian,0.007579092263364244,0.0,0.007579092263364244,1.1618855404656316,-0.035775521908568364
2023-02-01,Extended Sentiment Contrarian,extended,-1.0,contrarian,-0.01982524896719399,0.0003482150108256313,-0.02017346397801962,1.1384462843684664,-0.05522726968407066
2023-02-02,Extended Sentiment Contrarian,extended,-1.0,contrarian,-0.0062318953642300015,0.0,-0.0062318953642300015,1.1313516062464857,-0.06111499448237745
2023-02-03,Extended Sentiment Contrarian,extended,-1.0,contrarian,-0.01012782344901823,0.0,-0.01012782344901823,1.119893476919658,-0.07062385605719046
2023-02-06,Extended Sentiment Contrarian,extended,-1.0,contrarian,-0.002519525604104169,0.0,-0.002519525604104169,1.1170718766306897,-0.07296544304769792
2023-02-07,Extended Sentiment Contrarian,extended,-1.0,contrarian,0.0033536273809575325,0.0,0.0033536273809575325,1.120818119462656,-0.06985651457440878
2023-02-08,Extended Sentiment Contrarian,extended,-1.0,contrarian,-0.009553302943197343,0.0,-0.009553302943197343,1.1101106044232045,-0.07874245707132099
2023-02-09,Extended Sentiment Contrarian,extended,-1.0,contrarian,-0.0041376640725530375,0.0,-0.0041376640725530375,1.1055173396587226,-0.0825543113082654
2023-02-10,Extended Sentiment Contrarian,extended,-1.0,contrarian,0.010243780146239629,0.0,0.010243780146239629,1.1168420162340422,-0.07315619937719187
2023-02-13,Extended Sentiment Contrarian,extended,-1.0,contrarian,0.0074444797587546255,0.0,0.0074444797587546255,1.1251563240176234,-0.06625632946392801
2023-02-14,Extended Sentiment Contrarian,extended,-1.0,contrarian,-0.009009611287430833,0.0,-0.009009611287430833,1.11501910290063,-0.07466899697755702
2023-02-15,Extended Sentiment Contrarian,extended,-1.0,contrarian,0.0027184861804846134,0.0,0.0027184861804846134,1.1180502669228416,-0.07215349743346655
2023-02-16,Extended Sentiment Contrarian,extended,-1.0,contrarian,-0.012836568423572668,0.0,-0.012836568423572668,1.103698338170493,-0.08406386255023435
2023-02-17,Extended Sentiment Contrarian,extended,-1.0,contrarian,0.013105578850941069,0.0,0.013105578850941069,1.118162943769039,-0.07205998927846002
2023-02-21,Extended Sentiment Contrarian,extended,-1.0,contrarian,-0.006187692657555937,0.0,-0.006187692657555937,1.1112440951319282,-0.0778017968694541
2023-02-22,Extended Sentiment Contrarian,extended,-1.0,contrarian,-0.004440936204281544,0.0,-0.004440936204281544,1.1063091309980628,-0.08189722025725987
2023-02-23,Extended Sentiment Contrarian,extended,-1.0,contrarian,0.001471293553141063,0.0,0.001471293553141063,1.1079368364902815,-0.08054642155630343
2023-02-24,Extended Sentiment Contrarian,extended,-1.0,contrarian,-0.009881311100446126,0.0,-0.009881311100446126,1.096988967929277,-0.08963182840732387
2023-02-27,Extended Sentiment Contrarian,extended,-1.0,contrarian,0.0002300696418856585,0.0,0.0002300696418856585,1.097241351788281,-0.08942238032810146
2023-02-28,Extended Sentiment Contrarian,extended,-1.0,contrarian,-0.007818279853033658,0.0,-0.007818279853033658,1.0886628118336794,-0.09654153098660556
2023-03-01,Extended Sentiment Contrarian,extended,-1.0,contrarian,0.004405960595735444,0.0002805164182859118,0.004125444177449532,1.0931540294919644,-0.09281436350604688
2023-03-02,Extended Sentiment Contrarian,extended,-1.0,contrarian,0.0028370836936217466,0.0,0.0028370836936217466,1.096255398963653,-0.09024060192966199
2023-03-03,Extended Sentiment Contrarian,extended,-1.0,contrarian,0.0036310028448895025,0.0,0.0036310028448895025,1.1002359054360156,-0.08693726296710358
2023-03-06,Extended Sentiment Contrarian,extended,-1.0,contrarian,0.0035041691536039452,0.0,0.0035041691536039452,1.104091318157532,-0.08373773668868756
2023-03-07,Extended Sentiment Contrarian,extended,-1.0,contrarian,-0.01608341099622763,0.0,-0.01608341099622763,1.0863337637102377,-0.09847435924985715
2023-03-08,Extended Sentiment Contrarian,extended,-1.0,contrarian,-0.002176723694356138,0.0,-0.002176723694356138,1.0839691152667905,-0.10043673147314769
2023-03-09,Extended Sentiment Contrarian,extended,-1.0,contrarian,-0.012432529969164684,0.0,-0.012432529969164684,1.0704926367555871,-0.11162057876826759
2023-03-10,Extended Sentiment Contrarian,extended,-1.0,contrarian,-0.0016131151462352548,0.0,-0.0016131151462352548,1.0687658088693033,-0.11305363706826022
2023-03-13,Extended Sentiment Contrarian,extended,-1.0,contrarian,0.013981972591586064,0.0,0.013981972591586064,1.0837092631157381,-0.10065237733154175
2023-03-14,Extended Sentiment Contrarian,extended,-1.0,contrarian,0.0006502946349971417,0.0,0.0006502946349971417,1.0844139934354389,-0.1000675363975232
2023-03-15,Extended Sentiment Contrarian,extended,-1.0,contrarian,0.007264037552628125,0.0,0.007264037552628125,1.0922912174063493,-0.09353039318708567
2023-03-16,Extended Sentiment Contrarian,extended,-1.0,contrarian,5.794423340372624e-05,0.0,5.794423340372624e-05,1.0923545093835954,-0.09347786850061524
2023-03-17,Extended Sentiment Contrarian,extended,-1.0,contrarian,-0.014254274521636013,0.0,-0.014254274521636013,1.0767837883318947,-0.10639968382294596
2023-03-20,Extended Sentiment Contrarian,extended,-1.0,contrarian,0.015512837267423838,0.0,0.015512837267423838,1.0934877600124875,-0.09253740753597284
2023-03-21,Extended Sentiment Contrarian,extended,-1.0,contrarian,-0.003995337086486519,0.0,-0.003995337086486519,1.0891189078112906,-0.09616302648624353
2023-03-22,Extended Sentiment Contrarian,extended,-1.0,contrarian,-0.015634414530064374,0.0,-0.015634414530064374,1.072091171334038,-0.11029398839775639
2023-03-23,Extended Sentiment Contrarian,extended,-1.0,contrarian,0.00693852476251312,0.0,0.00693852476251312,1.0795299024740108,-0.10412074120489756
2023-03-24,Extended Sentiment Contrarian,extended,-1.0,contrarian,0.018919284509527696,0.0,0.018919284509527696,1.0999538358354592,-0.08717134662156822
2023-03-27,Extended Sentiment Contrarian,extended,-1.0,contrarian,0.0006506283808902595,0.0,0.0006506283808902595,1.100669497018723,-0.08657743439279031
2023-03-28,Extended Sentiment Contrarian,extended,-1.0,contrarian,0.0030358690992206483,0.0,0.0030358690992206483,1.104010985533177,-0.08380440305133241
2023-03-29,Extended Sentiment Contrarian,extended,-1.0,contrarian,0.009658738780605792,0.0,0.009658738780605792,1.1146743392533611,-0.07495510910846404
2023-03-30,Extended Sentiment Contrarian,extended,-1.0,contrarian,0.0036185918513255387,0.0,0.0036185918513255387,1.1187078907342651,-0.07160774920417357
2023-03-31,Extended Sentiment Contrarian,extended,-1.0,contrarian,0.005724501896145976,0.0,0.005724501896145976,1.125111936176007,-0.0662931660041256
2023-04-03,Extended Sentiment Contrarian,extended,-1.0,contrarian,0.01140328048774233,0.00032393835270208153,0.011079342135040247,1.1375774362571183,-0.055948308536460156
2023-04-04,Extended Sentiment Contrarian,extended,-1.0,contrarian,0.006582249726684949,0.0,0.006582249726684949,1.1450652550260048,-0.04973432454834781
2023-04-05,Extended Sentiment Contrarian,extended,-1.0,contrarian,0.016724845356588632,0.0,0.016724845356588632,1.1642162943395176,-0.033841278078744486
2023-04-06,Extended Sentiment Contrarian,extended,-1.0,contrarian,-0.00010731912979590019,0.0,-0.00010731912979590019,1.164091351659915,-0.03394496539202574
2023-04-10,Extended Sentiment Contrarian,extended,-1.0,contrarian,-0.0021994566741120056,0.0,-0.0021994566741120056,1.1615309831672305,-0.03606976158545372
2023-04-11,Extended Sentiment Contrarian,extended,-1.0,contrarian,-0.0006997561232164767,0.0,-0.0006997561232164767,1.1607181947494536,-0.03674427767213784
2023-04-12,Extended Sentiment Contrarian,extended,-1.0,contrarian,0.0006907121845148984,0.0,0.0006907121845148984,1.1615199169493553,-0.0360789452079221
2023-04-13,Extended Sentiment Contrarian,extended,-1.0,contrarian,0.00963761455909357,0.0,0.00963761455909357,1.1727141982116236,-0.02678904561644113
2023-04-14,Extended Sentiment Contrarian,extended,-1.0,contrarian,-0.004446221860202803,0.0,-0.004446221860202803,1.1675000507077649,-0.031116157436410163
2023-04-17,Extended Sentiment Contrarian,extended,-1.0,contrarian,-0.000785120722005838,0.0,-0.000785120722005838,1.1665834222250113,-0.031876848218423515
2023-04-18,Extended Sentiment Contrarian,extended,-1.0,contrarian,-0.002361663040153215,0.0,-0.002361663040153215,1.1638283452734872,-0.034163228884302566
2023-04-19,Extended Sentiment Contrarian,extended,-1.0,contrarian,-0.0012091219126591625,0.0,-0.0012091219126591625,1.162421134918643,-0.035331043288310604
2023-04-20,Extended Sentiment Contrarian,extended,-1.0,contrarian,-0.005270780195227863,0.0,-0.005270780195227863,1.1562942686221995,-0.040415601320297756
2023-04-21,Extended Sentiment Contrarian,extended,-1.0,contrarian,0.005110438726990749,0.0,0.005110438726990749,1.1622034396323637,-0.03551170404746906
2023-04-24,Extended Sentiment Contrarian,extended,-1.0,contrarian,0.001648969276490477,0.0,0.001648969276490477,1.1641198773973491,-0.033921292479908605
2023-04-25,Extended Sentiment Contrarian,extended,-1.0,contrarian,0.00038275841404662443,0.0,0.00038275841404662443,1.1645654540753818,-0.03355151772597398
2023-04-26,Extended Sentiment Contrarian,extended,-1.0,contrarian,-0.020520550435393588,0.0,-0.020520550435393588,1.140667929939711,-0.05338357254968773
2023-04-27,Extended Sentiment Contrarian,extended,-1.0,contrarian,0.009573451634140561,0.0,0.009573451634140561,1.151588059197604,-0.04432118596540924
2023-04-28,Extended Sentiment Contrarian,extended,-1.0,contrarian,0.002876204770152568,0.0,0.002876204770152568,1.1549002622667188,-0.041572458001749246
2023-05-01,Extended Sentiment Contrarian,extended,-1.0,contrarian,0.003288522247633614,0.0002782257768387255,0.0030102964707948883,1.1583768544503406,-0.03868730695455913
2023-05-02,Extended Sentiment Contrarian,extended,-1.0,contrarian,-0.0027418547598456406,0.0,-0.0027418547598456406,1.1552007533582709,-0.04132308673768581
2023-05-03,Extended Sentiment Contrarian,extended,-1.0,contrarian,-0.0059701459569903095,0.0,-0.0059701459569903095,1.1483040362510968,-0.04704652783545882
2023-05-04,Extended Sentiment Contrarian,extended,-1.0,contrarian,-0.001831578350660733,0.0,-0.001831578350660733,1.1462008274383229,-0.04879193678426241
2023-05-05,Extended Sentiment Contrarian,extended,-1.0,contrarian,0.007867118150907754,0.0,0.007867118150907754,1.1552181247724485,-0.041308670564848105
2023-05-08,Extended Sentiment Contrarian,extended,-1.0,contrarian,0.001271538922004586,0.0,0.001271538922004586,1.1566870295815017,-0.040089657225283015
2023-05-09,Extended Sentiment Contrarian,extended,-1.0,contrarian,-0.005197050475250127,0.0,-0.005197050475250127,1.1506756687046995,-0.0450783597283978
2023-05-10,Extended Sentiment Contrarian,extended,-1.0,contrarian,0.00034938158096489745,0.0,0.00034938158096489745,1.1510776935890095,-0.04474472769602211
2023-05-11,Extended Sentiment Contrarian,extended,-1.0,contrarian,-5.337184065128597e-05,0.0,-5.337184065128597e-05,1.15101625845377,-0.04479571142819683
2023-05-12,Extended Sentiment Contrarian,extended,-1.0,contrarian,0.0005573603413548758,0.0,0.0005573603413548758,1.1516577892684867,-0.04426331843985487
2023-05-15,Extended Sentiment Contrarian,extended,-1.0,contrarian,-0.003964342804815217,0.0,-0.003964342804815217,1.1470922229979907,-0.04805218627669583
2023-05-16,Extended Sentiment Contrarian,extended,-1.0,contrarian,-0.011087007132026915,0.0,-0.011087007132026915,1.1343744033405194,-0.0586064384767635
2023-05-17,Extended Sentiment Contrarian,extended,-1.0,contrarian,-0.0036339478290758737,0.0,-0.0036339478290758737,1.130252145940141,-0.06202741356596686
2023-05-18,Extended Sentiment Contrarian,extended,-1.0,contrarian,0.0007082728446136187,0.0,0.0007082728446136187,1.1310526728426766,-0.06136307305400357
2023-05-19,Extended Sentiment Contrarian,extended,-1.0,contrarian,0.0016753135794549622,0.0,0.0016753135794549622,1.1329475407445688,-0.059790561864113134
2023-05-22,Extended Sentiment Contrarian,extended,-1.0,contrarian,-0.009219992150034082,0.0,-0.009219992150034082,1.1225017733125036,-0.06845928550311386
2023-05-23,Extended Sentiment Contrarian,extended,-1.0,contrarian,-0.0047012782299439134,0.0,-0.0047012782299439134,1.117224580162556,-0.07283871758448457
2023-05-24,Extended Sentiment Contrarian,extended,-1.0,contrarian,-0.0044096443678042895,0.0,-0.0044096443678042895,1.1122980170850696,-0.07692716911153441
2023-05-25,Extended Sentiment Contrarian,extended,-1.0,contrarian,-0.011423611319678017,0.0,-0.011423611319678017,1.099591556866241,-0.0874719943513591
2023-05-26,Extended Sentiment Contrarian,extended,-1.0,contrarian,-0.002548273600936818,0.0,-0.002548273600936818,1.096789496730066,-0.08979736537826899
2023-05-30,Extended Sentiment Contrarian,extended,-1.0,contrarian,-0.006979821458447044,0.0,-0.006979821458447044,1.0891341018653902,-0.0961504172589367
2023-05-31,Extended Sentiment Contrarian,extended,-1.0,contrarian,0.006176721618482702,0.0,0.006176721618482702,1.095861380017809,-0.09056759000136338
2023-06-01,Extended Sentiment Contrarian,extended,-1.0,contrarian,-0.0027063034753132455,0.00045457176998088214,-0.0031608752452941275,1.0923974989094367,-0.09344219239339635
2023-06-02,Extended Sentiment Contrarian,extended,-1.0,contrarian,0.012728469574101741,0.0,0.012728469574101741,1.1063020472371303,-0.08190309892211123
2023-06-05,Extended Sentiment Contrarian,extended,-1.0,contrarian,-0.0008744076445823851,0.0,-0.0008744076445823851,1.105334688269809,-0.08270588987088123
2023-06-06,Extended Sentiment Contrarian,extended,-1.0,contrarian,-0.003333058784985614,0.0,-0.003333058784985614,1.101650542776722,-0.08576328506306252
2023-06-07,Extended Sentiment Contrarian,extended,-1.0,contrarian,0.0034715837193504758,0.0,0.0034715837193504758,1.1054750148654393,-0.08258943576785505
2023-06-08,Extended Sentiment Contrarian,extended,-1.0,contrarian,0.002187989579772367,0.0,0.002187989579772367,1.1078937826786635,-0.0805821510129422
2023-06-09,Extended Sentiment Contrarian,extended,-1.0,contrarian,-0.0011580941390727368,0.0,-0.0011580941390727368,1.1066107373822283,-0.08164692343521285
2023-06-12,Extended Sentiment Contrarian,extended,-1.0,contrarian,-0.003125495778549949,0.0,-0.003125495778549949,1.103152030194042,-0.08451723209923445
2023-06-13,Extended Sentiment Contrarian,extended,-1.0,contrarian,0.006282171672775766,0.0,0.006282171672775766,1.110082220628892,-0.07876601218781398
2023-06-14,Extended Sentiment Contrarian,extended,-1.0,contrarian,0.0027451493527386297,0.0,0.0027451493527386297,1.1131295621183381,-0.07623708730245049
2023-06-15,Extended Sentiment Contrarian,extended,-1.0,contrarian,0.011099924891846797,0.0,0.011099924891846797,1.125485216652746,-0.06598338835363404
2023-06-16,Extended Sentiment Contrarian,extended,-1.0,contrarian,0.004925174761200386,0.0,0.004925174761200386,1.1310284280359084,-0.0613831933114114
2023-06-20,Extended Sentiment Contrarian,extended,-1.0,contrarian,-0.01020865548098187,0.0,-0.01020865548098187,1.1194821484748934,-0.07096520891955449
2023-06-21,Extended Sentiment Contrarian,extended,-1.0,contrarian,-0.0034400002713154436,0.0,-0.0034400002713154436,1.1156311295804069,-0.07416108885293271
2023-06-22,Extended Sentiment Contrarian,extended,-1.0,contrarian,0.00486888502083656,0.0,0.00486888502083656,1.1210630092759999,-0.06965328564674123
2023-06-23,Extended Sentiment Contrarian,extended,-1.0,contrarian,-0.009347736843344034,0.0,-0.009347736843344034,1.1105836072804804,-0.07834992190558521
2023-06-26,Extended Sentiment Contrarian,extended,-1.0,contrarian,0.0036117290892373087,0.0,0.0036117290892373087,1.1145947344009253,-0.07502117150843401
2023-06-27,Extended Sentiment Contrarian,extended,-1.0,contrarian,0.0023064434086543517,0.0,0.0023064434086543517,1.1171654840794052,-0.07288776018631471
2023-06-28,Extended Sentiment Contrarian,extended,-1.0,contrarian,-0.005570418929722924,0.0,-0.005570418929722924,1.1109424043192562,-0.07805216375695068
2023-06-29,Extended Sentiment Contrarian,extended,-1.0,contrarian,-0.002863576425190145,0.0,-0.002863576425190145,1.1077611358405035,-0.08069223184607133
2023-06-30,Extended Sentiment Contrarian,extended,-1.0,contrarian,0.002207421892287248,0.0,0.002207421892287248,1.1102064320231828,-0.07866293175289862
2023-07-03,Extended Sentiment Contrarian,extended,-1.0,contrarian,0.0034508035333550035,0.00031530136604733766,0.003135502167307666,1.1136874866969504,-0.07577407737858899
2023-07-05,Extended Sentiment Contrarian,extended,-1.0,contrarian,0.00254558214424534,0.0,0.00254558214424534,1.1165224696773555,-0.07342138437271539
2023-07-06,Extended Sentiment Contrarian,extended,-1.0,contrarian,-0.008884642917683521,0.0,-0.008884642917683521,1.106602566224702,-0.08165370450772524
2023-07-07,Extended Sentiment Contrarian,extended,-1.0,contrarian,-0.013790320018842946,0.0,-0.013790320018842946,1.0913421627027906,-0.09431799381068262
2023-07-10,Extended Sentiment Contrarian,extended,-1.0,contrarian,-0.00020574037257028847,0.0,-0.00020574037257028847,1.0911176295596345,-0.09450432916406626
2023-07-11,Extended Sentiment Contrarian,extended,-1.0,contrarian,0.007523631399224463,0.0,0.007523631399224463,1.0993267964176368,-0.08769171350310312
2023-07-12,Extended Sentiment Contrarian,extended,-1.0,contrarian,-0.0021822888002242563,0.0,-0.0021822888002242563,1.096927747862028,-0.08968263365907714
2023-07-13,Extended Sentiment Contrarian,extended,-1.0,contrarian,0.002138262622133241,0.0,0.002138262622133241,1.0992732674644623,-0.08773613606035158
2023-07-14,Extended Sentiment Contrarian,extended,-1.0,contrarian,0.0033876108111079873,0.0,0.0033876108111079873,1.102997177469687,-0.0846457411322864
2023-07-17,Extended Sentiment Contrarian,extended,-1.0,contrarian,-0.005480214704734918,0.0,-0.005480214704734918,1.0969525161184364,-0.08966207900177514
2023-07-18,Extended Sentiment Contrarian,extended,-1.0,contrarian,0.0003286577734548801,0.0,0.0003286577734548801,1.0973130380899696,-0.0893628893675682
2023-07-19,Extended Sentiment Contrarian,extended,-1.0,contrarian,0.009440691771260296,0.0,0.009440691771260296,1.1076724322591622,-0.08076584509061635
2023-07-20,Extended Sentiment Contrarian,extended,-1.0,contrarian,0.015430361051325475,0.0,0.015430361051325475,1.124764217815521,-0.06658173018965452
2023-07-21,Extended Sentiment Contrarian,extended,-1.0,contrarian,0.005830063884000001,0.0,0.005830063884000001,1.131321665059823,-0.06113984204616729
2023-07-24,Extended Sentiment Contrarian,extended,-1.0,contrarian,0.0007786775211081167,0.0,0.0007786775211081167,1.1322025998095477,-0.06040877274570455
2023-07-25,Extended Sentiment Contrarian,extended,-1.0,contrarian,-0.003404782692486386,0.0,-0.003404782692486386,1.128347695993328,-0.06360787669427204
2023-07-26,Extended Sentiment Contrarian,extended,-1.0,contrarian,0.004385070742143142,0.0,0.004385070742143142,1.133295580461993,-0.05950173099119083
2023-07-27,Extended Sentiment Contrarian,extended,-1.0,contrarian,-0.008230404845456403,0.0,-0.008230404845456403,1.1239680990252243,-0.06724241250158425
2023-07-28,Extended Sentiment Contrarian,extended,-1.0,contrarian,0.0020881585038232324,0.0,0.0020881585038232324,1.1263151225692298,-0.0652946668132438
2023-07-31,Extended Sentiment Contrarian,extended,-1.0,contrarian,-0.0043788089350331955,0.0,-0.0043788089350331955,1.1213832038468607,-0.0693875628778251
2023-08-01,Extended Sentiment Contrarian,extended,-1.0,contrarian,-0.0055998352009158136,0.0001664917918955631,-0.005766326992811377,1.1149169416092333,-0.07475377849384879
2023-08-02,Extended Sentiment Contrarian,extended,-1.0,contrarian,-0.0060700699070735924,0.0,-0.0060700699070735924,1.1081493178330846,-0.08037008773964671
2023-08-03,Extended Sentiment Contrarian,extended,-1.0,contrarian,-0.00832982920544317,0.0,-0.00832982920544317,1.0989186232814068,-0.08803044784099201
2023-08-04,Extended Sentiment Contrarian,extended,-1.0,contrarian,-0.004473503726758619,0.0,-0.004473503726758619,1.094002606724753,-0.09211014703126574
2023-08-07,Extended Sentiment Contrarian,extended,-1.0,contrarian,0.012371778717849252,0.0,0.012371778717849252,1.1075373648919018,-0.08087793467015592
2023-08-08,Extended Sentiment Contrarian,extended,-1.0,contrarian,-0.00418335662726186,0.0,-0.00418335662726186,1.102904141116541,-0.08472295005341623
2023-08-09,Extended Sentiment Contrarian,extended,-1.0,contrarian,0.0033346789642186253,0.0,0.0033346789642186253,1.106581972355472,-0.08167079492852725
2023-08-10,Extended Sentiment Contrarian,extended,-1.0,contrarian,-0.002822260756372114,0.0,-0.002822260756372114,1.1034589094811842,-0.08426255940543093
2023-08-11,Extended Sentiment Contrarian,extended,-1.0,contrarian,0.0054467334811836325,0.0,0.0054467334811836325,1.1094691560685657,-0.07927478162777113
2023-08-14,Extended Sentiment Contrarian,extended,-1.0,contrarian,-0.0019514095307206437,0.0,-0.0019514095307206437,1.107304127383373,-0.0810714935940775
2023-08-15,Extended Sentiment Contrarian,extended,-1.0,contrarian,-0.005882315995731845,0.0,-0.005882315995731845,1.100790614602726,-0.08647692144624297
2023-08-16,Extended Sentiment Contrarian,extended,-1.0,contrarian,-0.003193867618958281,0.0,-0.003193867618958281,1.097274835103493,-0.08939459322600696
2023-08-17,Extended Sentiment Contrarian,extended,-1.0,contrarian,-0.005394152799974443,0.0,-0.005394152799974443,1.091355966979378,-0.09430653793062882
2023-08-18,Extended Sentiment Contrarian,extended,-1.0,contrarian,0.0035128126678394085,0.0,0.0035128126678394085,1.0951896960453054,-0.0911250064638921
2023-08-21,Extended Sentiment Contrarian,extended,-1.0,contrarian,-0.003751708103973383,0.0,-0.003751708103973383,1.091080863987264,-0.09453484014264035
2023-08-22,Extended Sentiment Contrarian,extended,-1.0,contrarian,-0.005365741701271331,0.0,-0.005365741701271331,1.0852264058959085,-0.09939333230993519
2023-08-23,Extended Sentiment Contrarian,extended,-1.0,contrarian,0.00957877890039395,0.0,0.00957877890039395,1.0956215496948547,-0.09076662016391135
2023-08-24,Extended Sentiment Contrarian,extended,-1.0,contrarian,-0.009104884331364721,0.0,-0.009104884331364721,1.0856460422139325,-0.09904508491753483
2023-08-25,Extended Sentiment Contrarian,extended,-1.0,contrarian,0.0016732414793152448,0.0,0.0016732414793152448,1.0874625902036192,-0.09753756978262584
2023-08-28,Extended Sentiment Contrarian,extended,-1.0,contrarian,0.003556407859018877,0.0,0.003556407859018877,1.0913300507058084,-0.09432804530333161
2023-08-29,Extended Sentiment Contrarian,extended,-1.0,contrarian,0.0058306990245838575,0.0,0.0058306990245838575,1.0976932677679576,-0.08904734472048892
2023-08-30,Extended Sentiment Contrarian,extended,-1.0,contrarian,0.001916132034493707,0.0,0.001916132034493707,1.099796593002376,-0.08730183915580048
2023-08-31,Extended Sentiment Contrarian,extended,-1.0,contrarian,-0.0049145053776790595,0.0,-0.0049145053776790595,1.0943916367317128,-0.09178729917546713
2023-09-01,Extended Sentiment Contrarian,extended,-1.0,contrarian,0.0023686832914395347,0.0004400098136885847,0.00192867347775095,1.0965023608557498,-0.09003565342723019
2023-09-05,Extended Sentiment Contrarian,extended,-1.0,contrarian,-0.005610847408260803,0.0,-0.005610847408260803,1.0903500534261905,-0.09514132452280777
2023-09-06,Extended Sentiment Contrarian,extended,-1.0,contrarian,-0.002238555184198911,0.0,-0.002238555184198911,1.0879092446615017,-0.09716690060176458
2023-09-07,Extended Sentiment Contrarian,extended,-1.0,contrarian,0.009223003669467142,0.0,0.009223003669467142,1.097943035617062,-0.08884006761309815
2023-09-08,Extended Sentiment Contrarian,extended,-1.0,contrarian,0.004300702595365433,0.0,0.004300702595365433,1.1026649620799038,-0.08492143972708877
2023-09-11,Extended Sentiment Contrarian,extended,-1.0,contrarian,0.0030215312146513475,0.0,0.0030215312146513475,1.1059966986821306,-0.08215650129336605
2023-09-12,Extended Sentiment Contrarian,extended,-1.0,contrarian,-0.0009256043430580256,0.0,-0.0009256043430580256,1.1049729833344226,-0.08300606122201637
2023-09-13,Extended Sentiment Contrarian,extended,-1.0,contrarian,0.0018354476011997103,0.0,0.0018354476011997103,1.1070011033460743,-0.08132296689677165
2023-09-14,Extended Sentiment Contrarian,extended,-1.0,contrarian,0.010220675559332523,0.0,0.010220675559332523,1.1183154024671977,-0.07193346699761327
2023-09-15,Extended Sentiment Contrarian,extended,-1.0,contrarian,-0.009928780621459384,0.0,-0.009928780621459384,1.1072118941705018,-0.08114803600591247
2023-09-18,Extended Sentiment Contrarian,extended,-1.0,contrarian,0.00031847352316718416,0.0,0.00031847352316718416,1.1075645118433308,-0.08085540598367025
2023-09-19,Extended Sentiment Contrarian,extended,-1.0,contrarian,0.0014087457230784854,0.0,0.0014087457230784854,1.1091247886124236,-0.07956056496795905
2023-09-20,Extended Sentiment Contrarian,extended,-1.0,contrarian,0.0014691637858627851,0.0,0.0014691637858627851,1.1107542745858556,-0.07820828868293006
2023-09-21,Extended Sentiment Contrarian,extended,-1.0,contrarian,-0.012978361646863416,0.0,-0.012978361646863416,1.096338503909481,-0.09017163487548396
2023-09-22,Extended Sentiment Contrarian,extended,-1.0,contrarian,-0.0014355817753764167,0.0,-0.0014355817753764167,1.0947646203336252,-0.09147776789517725
2023-09-25,Extended Sentiment Contrarian,extended,-1.0,contrarian,0.0034391811143442996,0.0,0.0034391811143442996,1.098529714140529,-0.08835319539256026
2023-09-26,Extended Sentiment Contrarian,extended,-1.0,contrarian,-0.005708948636642668,0.0,-0.005708948636642668,1.092258264426675,-0.09355774017482366
2023-09-27,Extended Sentiment Contrarian,extended,-1.0,contrarian,-0.0032670994262829446,0.0,-0.0032670994262829446,1.0886897480776139,-0.09651917716185698
2023-09-28,Extended Sentiment Contrarian,extended,-1.0,contrarian,0.004729370010160824,0.0,0.004729370010160824,1.0938385647225415,-0.092246282053571
2023-09-29,Extended Sentiment Contrarian,extended,-1.0,contrarian,-0.0061434460139697545,0.0,-0.0061434460139697545,1.0871186265521704,-0.09782301801375526
2023-10-02,Extended Sentiment Contrarian,extended,-1.0,contrarian,-0.008780330508018873,0.00047103800457892726,-0.0092513685125978,1.0770612915210271,-0.10616938973769319
2023-10-03,Extended Sentiment Contrarian,extended,-1.0,contrarian,-0.0073178216951023155,0.0,-0.0073178216951023155,1.0691795490349796,-0.11271028276921735
2023-10-04,Extended Sentiment Contrarian,extended,-1.0,contrarian,0.005068136617951283,0.0,0.005068136617951283,1.0745982970586083,-0.1082133772625884
2023-10-05,Extended Sentiment Contrarian,extended,-1.0,contrarian,-0.013663194921130113,0.0,-0.013663194921130113,1.0599158510639821,-0.12039803171710595
2023-10-06,Extended Sentiment Contrarian,extended,-1.0,contrarian,0.01099702857241856,0.0,0.01099702857241856,1.071571775962492,-0.1107250237395434
2023-10-09,Extended Sentiment Contrarian,extended,-1.0,contrarian,0.005200439149700528,0.0,0.005200439149700528,1.0771444197779214,-0.10610040333814963
2023-10-10,Extended Sentiment Contrarian,extended,-1.0,contrarian,0.01096147991877862,0.0,0.01096147991877862,1.0889515167049417,-0.09630194085993626
2023-10-11,Extended Sentiment Contrarian,extended,-1.0,contrarian,0.003105052306346223,0.0,0.003105052306346223,1.0923327681233856,-0.09349591111716282
2023-10-12,Extended Sentiment Contrarian,extended,-1.0,contrarian,-0.004585800219809759,0.0,-0.004585800219809759,1.08732354827522,-0.09765295776722027
2023-10-13,Extended Sentiment Contrarian,extended,-1.0,contrarian,0.0017324108054951022,0.0,0.0017324108054951022,1.089207239339321,-0.09608972200094967
2023-10-16,Extended Sentiment Contrarian,extended,-1.0,contrarian,0.004346850641567054,0.0,0.004346850641567054,1.0939418605264428,-0.09216055902911036
2023-10-17,Extended Sentiment Contrarian,extended,-1.0,contrarian,0.0068072117492011305,0.0,0.0068072117492011305,1.1013885544123614,-0.0859807037201451
2023-10-18,Extended Sentiment Contrarian,extended,-1.0,contrarian,-0.0063319235092309505,0.0,-0.0063319235092309505,1.0944146463318798,-0.09176820399015029
2023-10-19,Extended Sentiment Contrarian,extended,-1.0,contrarian,-0.008642055595612798,0.0,-0.008642055595612798,1.0849566541136269,-0.09961719366497068
2023-10-20,Extended Sentiment Contrarian,extended,-1.0,contrarian,0.0009012194710076127,0.0,0.0009012194710076127,1.0859344381755134,-0.09880575114854095
2023-10-23,Extended Sentiment Contrarian,extended,-1.0,contrarian,-0.008519941018929205,0.0,-0.008519941018929205,1.076682340811834,-0.10648387299535356
2023-10-24,Extended Sentiment Contrarian,extended,-1.0,contrarian,0.016048833448746608,0.0,0.016048833448746608,1.0939618363767296,-0.09214398148928704
2023-10-25,Extended Sentiment Contrarian,extended,-1.0,contrarian,-0.0018689628746481274,0.0,-0.0018689628746481274,1.0919172623182596,-0.09384073068340948
2023-10-26,Extended Sentiment Contrarian,extended,-1.0,contrarian,-0.005155880049959084,0.0,-0.005155880049959084,1.0862874678892669,-0.09851277918216439
2023-10-27,Extended Sentiment Contrarian,extended,-1.0,contrarian,-0.016365358440686817,0.0,-0.016365358440686817,1.0685099841076329,-0.11326594068054696
2023-10-30,Extended Sentiment Contrarian,extended,-1.0,contrarian,-0.0002541463937717429,0.0,-0.0002541463937717429,1.0682384261484628,-0.11349130094395765
2023-10-31,Extended Sentiment Contrarian,extended,-1.0,contrarian,0.00889918087630033,0.0,0.00889918087630033,1.0777448731217725,-0.10560209968264411
2023-11-01,Extended Sentiment Contrarian,extended,-1.0,contrarian,0.0013891152270545581,0.00040227811123345853,0.0009868371158210996,1.0788084317639548,-0.10471947463829856
2023-11-02,Extended Sentiment Contrarian,extended,-1.0,contrarian,0.018100564910682834,0.0,0.018100564910682834,1.0983354738092903,-0.08851439137571881
2023-11-03,Extended Sentiment Contrarian,extended,-1.0,contrarian,0.005681494787396499,0.0,0.005681494787396499,1.1045756610785504,-0.08333579064153296
2023-11-06,Extended Sentiment Contrarian,extended,-1.0,contrarian,0.0012805010580904158,0.0,0.0012805010580904158,1.1059900713813025,-0.08216200115153582
2023-11-07,Extended Sentiment Contrarian,extended,-1.0,contrarian,0.0003438083442535224,0.0,0.0003438083442535224,1.106370319996505,-0.08184644078885883
2023-11-08,Extended Sentiment Contrarian,extended,-1.0,contrarian,0.0024940316719843283,0.0,0.0024940316719843283,1.1091296426155197,-0.07955653673244101
2023-11-09,Extended Sentiment Contrarian,extended,-1.0,contrarian,-0.01008430850687733,0.0,-0.01008430850687733,1.0979448371252623,-0.0888385725791696
2023-11-10,Extended Sentiment Contrarian,extended,-1.0,contrarian,0.0012841230112143006,0.0,0.0012841230112143006,1.0993547333556588,-0.0876685292232876
2023-11-13,Extended Sentiment Contrarian,extended,-1.0,contrarian,0.00231527086430668,0.0,0.00231527086430668,1.1019000373393346,-0.08555623475040841
2023-11-14,Extended Sentiment Contrarian,extended,-1.0,contrarian,0.010811956385461749,0.0,0.010811956385461749,1.1138137324841864,-0.07566930864357224
2023-11-15,Extended Sentiment Contrarian,extended,-1.0,contrarian,0.00039916727881568253,0.0,0.00039916727881568253,1.1142583304808897,-0.0753003460767776
2023-11-16,Extended Sentiment Contrarian,extended,-1.0,contrarian,0.001989891809809816,0.0,0.001989891809809816,1.116475584006726,-0.07346029380890184
2023-11-17,Extended Sentiment Contrarian,extended,-1.0,contrarian,0.0005966999871341551,0.0,0.0005966999871341551,1.1171417849733383,-0.0729074275781384
2023-11-20,Extended Sentiment Contrarian,extended,-1.0,contrarian,0.0062035632373591155,0.0,0.0062035632373591155,1.1240720446815167,-0.0671561501782334
2023-11-21,Extended Sentiment Contrarian,extended,-1.0,contrarian,0.0030582906794238626,0.0,0.0030582906794238626,1.127509783738767,-0.06430324252696562
2023-11-22,Extended Sentiment Contrarian,extended,-1.0,contrarian,0.00040107565548432836,0.0,0.00040107565548432836,1.1279620004643451,-0.06392795733662748
2023-11-24,Extended Sentiment Contrarian,extended,-1.0,contrarian,0.003749854987092594,0.0,0.003749854987092594,1.1321916943970374,-0.06041782291916831
2023-11-27,Extended Sentiment Contrarian,extended,-1.0,contrarian,-0.0006247747793531817,0.0,-0.0006247747793531817,1.1314843295809849,-0.06100485016653823
2023-11-28,Extended Sentiment Contrarian,extended,-1.0,contrarian,-0.004205489152104696,0.0,-0.004205489152104696,1.1267258845071555,-0.06495378408304187
2023-11-29,Extended Sentiment Contrarian,extended,-1.0,contrarian,0.002515723944348555,0.0,0.002515723944348555,1.1295604157935275,-0.06260146592858695
2023-11-30,Extended Sentiment Contrarian,extended,-1.0,contrarian,0.009820681161159545,0.0,0.009820681161159545,1.1406534684893026,-0.05339557380453319
2023-12-01,Extended Sentiment Contrarian,extended,-1.0,contrarian,0.006301097560180209,0.0003310877140719453,0.005970009846108263,1.1474631809271811,-0.04774433605977679
2023-12-04,Extended Sentiment Contrarian,extended,-1.0,contrarian,0.004500996760516074,0.0,0.004500996760516074,1.152627908987346,-0.043458236401198724
2023-12-05,Extended Sentiment Contrarian,extended,-1.0,contrarian,0.0005812650860191513,0.0,0.0005812650860191513,1.1532978913480114,-0.04290223207069954
2023-12-06,Extended Sentiment Contrarian,extended,-1.0,contrarian,-0.0010470584285761186,0.0,-0.0010470584285761186,1.1520903210702165,-0.043904369355581285
2023-12-07,Extended Sentiment Contrarian,extended,-1.0,contrarian,0.0002667385179089144,0.0,0.0002667385179089144,1.152397627934956,-0.04364934182408409
2023-12-08,Extended Sentiment Contrarian,extended,-1.0,contrarian,-0.0018087746581159324,0.0,-0.0018087746581159324,1.1503132003094743,-0.045379164658865156
2023-12-11,Extended Sentiment Contrarian,extended,-1.0,contrarian,0.009255641059154752,0.0,0.009255641059154752,1.1609600863971463,-0.03654353685935707
2023-12-12,Extended Sentiment Contrarian,extended,-1.0,contrarian,0.004071364203170055,0.0,0.004071364203170055,1.1656867777342128,-0.032620954704013494
2023-12-13,Extended Sentiment Contrarian,extended,-1.0,contrarian,0.017541387554611983,0.0,0.017541387554611983,1.1861345412697355,-0.015651783958266052
2023-12-14,Extended Sentiment Contrarian,extended,-1.0,contrarian,-0.001498979436134783,0.0,-0.001498979436134783,1.184356549983883,-0.01712730169210852
2023-12-15,Extended Sentiment Contrarian,extended,-1.0,contrarian,-0.00701937478797219,0.0,-0.00701937478797219,1.1760431074769564,-0.02402645353039723
2023-12-18,Extended Sentiment Contrarian,extended,-1.0,contrarian,0.0014795466868234046,0.0,0.0014795466868234046,1.1777831181601854,-0.02258245510329082
2023-12-19,Extended Sentiment Contrarian,extended,-1.0,contrarian,0.0031604475789555045,0.0,0.0031604475789555045,1.1815054399645095,-0.019493378189893384
2023-12-20,Extended Sentiment Contrarian,extended,-1.0,contrarian,-0.013798350228039782,0.0,-0.013798350228039782,1.165202614107545,-0.03302275195854121
2023-12-21,Extended Sentiment Contrarian,extended,-1.0,contrarian,0.007108391955663191,0.0,0.007108391955663191,1.1734853309963849,-0.02614909866725401
2023-12-22,Extended Sentiment Contrarian,extended,-1.0,contrarian,0.00681961650946555,0.0,0.00681961650946555,1.1814880509332635,-0.019507808982767272
2023-12-26,Extended Sentiment Contrarian,extended,-1.0,contrarian,0.004488698626837258,0.0,0.004488698626837258,1.1867913947251123,-0.015106675031323569
2023-12-27,Extended Sentiment Contrarian,extended,-1.0,contrarian,0.0029494280545025,0.0,0.0029494280545025,1.1902917505595567,-0.012201803027968694
2023-12-28,Extended Sentiment Contrarian,extended,-1.0,contrarian,0.002644772601450624,0.0,0.002644772601450624,1.1934398015691694,-0.009589301420854679
2023-12-29,Extended Sentiment Contrarian,extended,-1.0,contrarian,-0.0009963750026101047,0.0,-0.0009963750026101047,1.192250687983766,-0.010576121883236533
