formation_date,effective_date,signal_date,variant,lexicon,lambda,direction,ticker,sector,base_weight,ticker_z,tilt_multiplier,pre_normalisation_weight,target_weight,signal_available,clipped_to_zero,fallback_used
2020-12-31,2021-01-04,2020-12-31,Equity-Only Minimum Variance,none,0.0,base,ABBV,Healthcare,0.163122517381283,,1.0,0.163122517381283,0.163122517381283,False,False,False
2020-12-31,2021-01-04,2020-12-31,Equity-Only Minimum Variance,none,0.0,base,ABT,Healthcare,0.0,,1.0,0.0,0.0,False,False,False
2020-12-31,2021-01-04,2020-12-31,Equity-Only Minimum Variance,none,0.0,base,ADBE,Tech,0.0,,1.0,0.0,0.0,False,False,False
2020-12-31,2021-01-04,2020-12-31,Equity-Only Minimum Variance,none,0.0,base,AEP,Utilities,0.0,,1.0,0.0,0.0,False,False,False
2020-12-31,2021-01-04,2020-12-31,Equity-Only Minimum Variance,none,0.0,base,AMD,Tech,0.0,,1.0,0.0,0.0,False,False,False
2020-12-31,2021-01-04,2020-12-31,Equity-Only Minimum Variance,none,0.0,base,AMGN,Healthcare,0.0,,1.0,0.0,0.0,False,False,False
2020-12-31,2021-01-04,2020-12-31,Equity-Only Minimum Variance,none,0.0,base,AMT,RealEstate,0.0,,1.0,0.0,0.0,False,False,False
2020-12-31,2021-01-04,2020-12-31,Equity-Only Minimum Variance,none,0.0,base,BA,Industrials,0.0,,1.0,0.0,0.0,False,False,False
2020-12-31,2021-01-04,2020-12-31,Equity-Only Minimum Variance,none,0.0,base,CAT,Industrials,0.0,,1.0,0.0,0.0,False,False,False
2020-12-31,2021-01-04,2020-12-31,Equity-Only Minimum Variance,none,0.0,base,CCI,RealEstate,0.0,,1.0,0.0,0.0,False,False,False
2020-12-31,2021-01-04,2020-12-31,Equity-Only Minimum Variance,none,0.0,base,CMCSA,Comm,0.0,,1.0,0.0,0.0,False,False,False
2020-12-31,2021-01-04,2020-12-31,Equity-Only Minimum Variance,none,0.0,base,COP,Energy,0.0,,1.0,0.0,0.0,False,False,False
2020-12-31,2021-01-04,2020-12-31,Equity-Only Minimum Variance,none,0.0,base,CVX,Energy,0.0,,1.0,0.0,0.0,False,False,False
2020-12-31,2021-01-04,2020-12-31,Equity-Only Minimum Variance,none,0.0,base,D,Utilities,0.0,,1.0,0.0,0.0,False,False,False
2020-12-31,2021-01-04,2020-12-31,Equity-Only Minimum Variance,none,0.0,base,DD,Materials,0.0,,1.0,0.0,0.0,False,False,False
2020-12-31,2021-01-04,2020-12-31,Equity-Only Minimum Variance,none,0.0,base,DIS,Consumer,0.0,,1.0,0.0,0.0,False,False,False
2020-12-31,2021-01-04,2020-12-31,Equity-Only Minimum Variance,none,0.0,base,DOW,Materials,0.0,,1.0,0.0,0.0,False,False,False
2020-12-31,2021-01-04,2020-12-31,Equity-Only Minimum Variance,none,0.0,base,DUK,Utilities,0.0,,1.0,0.0,0.0,False,False,False
2020-12-31,2021-01-04,2020-12-31,Equity-Only Minimum Variance,none,0.0,base,EA,Comm,0.0729812127635367,,1.0,0.0729812127635367,0.0729812127635367,False,False,False
2020-12-31,2021-01-04,2020-12-31,Equity-Only Minimum Variance,none,0.0,base,GE,Industrials,0.0,,1.0,0.0,0.0,False,False,False
2020-12-31,2021-01-04,2020-12-31,Equity-Only Minimum Variance,none,0.0,base,GILD,Healthcare,0.1274789621574037,,1.0,0.1274789621574037,0.1274789621574037,False,False,False
2020-12-31,2021-01-04,2020-12-31,Equity-Only Minimum Variance,none,0.0,base,GS,Financials,0.0,,1.0,0.0,0.0,False,False,False
2020-12-31,2021-01-04,2020-12-31,Equity-Only Minimum Variance,none,0.0,base,INTC,Tech,0.0,,1.0,0.0,0.0,False,False,False
2020-12-31,2021-01-04,2020-12-31,Equity-Only Minimum Variance,none,0.0,base,KO,Consumer,0.0,,1.0,0.0,0.0,False,False,False
2020-12-31,2021-01-04,2020-12-31,Equity-Only Minimum Variance,none,0.0,base,MMM,Industrials,0.0776387988030866,,1.0,0.0776387988030866,0.0776387988030866,False,False,False
2020-12-31,2021-01-04,2020-12-31,Equity-Only Minimum Variance,none,0.0,base,MRK,Healthcare,0.0576928357561538,,1.0,0.0576928357561538,0.0576928357561538,False,False,False
2020-12-31,2021-01-04,2020-12-31,Equity-Only Minimum Variance,none,0.0,base,MS,Financials,0.0,,1.0,0.0,0.0,False,False,False
2020-12-31,2021-01-04,2020-12-31,Equity-Only Minimum Variance,none,0.0,base,NEE,Utilities,0.0,,1.0,0.0,0.0,False,False,False
2020-12-31,2021-01-04,2020-12-31,Equity-Only Minimum Variance,none,0.0,base,NEM,Materials,0.1370928019517124,,1.0,0.1370928019517124,0.1370928019517124,False,False,False
2020-12-31,2021-01-04,2020-12-31,Equity-Only Minimum Variance,none,0.0,base,NKE,Consumer,0.0051060188174751,,1.0,0.0051060188174751,0.0051060188174751,False,False,False
2020-12-31,2021-01-04,2020-12-31,Equity-Only Minimum Variance,none,0.0,base,NUE,Materials,0.0,,1.0,0.0,0.0,False,False,False
2020-12-31,2021-01-04,2020-12-31,Equity-Only Minimum Variance,none,0.0,base,NVDA,Tech,0.0,,1.0,0.0,0.0,False,False,False
2020-12-31,2021-01-04,2020-12-31,Equity-Only Minimum Variance,none,0.0,base,O,RealEstate,0.0,,1.0,0.0,0.0,False,False,False
2020-12-31,2021-01-04,2020-12-31,Equity-Only Minimum Variance,none,0.0,base,OXY,Energy,0.0,,1.0,0.0,0.0,False,False,False
2020-12-31,2021-01-04,2020-12-31,Equity-Only Minimum Variance,none,0.0,base,PLD,RealEstate,0.0,,1.0,0.0,0.0,False,False,False
2020-12-31,2021-01-04,2020-12-31,Equity-Only Minimum Variance,none,0.0,base,PSA,RealEstate,0.0762799830113868,,1.0,0.0762799830113868,0.0762799830113868,False,False,False
2020-12-31,2021-01-04,2020-12-31,Equity-Only Minimum Variance,none,0.0,base,QCOM,Tech,0.0,,1.0,0.0,0.0,False,False,False
2020-12-31,2021-01-04,2020-12-31,Equity-Only Minimum Variance,none,0.0,base,SBUX,Consumer,0.0,,1.0,0.0,0.0,False,False,False
2020-12-31,2021-01-04,2020-12-31,Equity-Only Minimum Variance,none,0.0,base,SHW,Materials,0.0,,1.0,0.0,0.0,False,False,False
2020-12-31,2021-01-04,2020-12-31,Equity-Only Minimum Variance,none,0.0,base,SLB,Energy,0.0,,1.0,0.0,0.0,False,False,False
2020-12-31,2021-01-04,2020-12-31,Equity-Only Minimum Variance,none,0.0,base,SO,Utilities,0.0,,1.0,0.0,0.0,False,False,False
2020-12-31,2021-01-04,2020-12-31,Equity-Only Minimum Variance,none,0.0,base,T,Comm,0.0,,1.0,0.0,0.0,False,False,False
2020-12-31,2021-01-04,2020-12-31,Equity-Only Minimum Variance,none,0.0,base,TMUS,Comm,0.0,,1.0,0.0,0.0,False,False,False
2020-12-31,2021-01-04,2020-12-31,Equity-Only Minimum Variance,none,0.0,base,TTWO,Comm,0.0374742215388395,,1.0,0.0374742215388395,0.0374742215388395,False,False,False
2020-12-31,2021-01-04,2020-12-31,Equity-Only Minimum Variance,none,0.0,base,UPS,Industrials,0.0140816005752145,,1.0,0.0140816005752145,0.0140816005752145,False,False,False
2020-12-31,2021-01-04,2020-12-31,Equity-Only Minimum Variance,none,0.0,base,USB,Financials,0.0,,1.0,0.0,0.0,False,False,False
2020-12-31,2021-01-04,2020-12-31,Equity-Only Minimum Variance,none,0.0,base,V,Financials,0.0,,1.0,0.0,0.0,False,False,False
2020-12-31,2021-01-04,2020-12-31,Equity-Only Minimum Variance,none,0.0,base,WFC,Financials,0.0,,1.0,0.0,0.0,False,False,False
2020-12-31,2021-01-04,2020-12-31,Equity-Only Minimum Variance,none,0.0,base,WMT,Consumer,0.2310510472439074,,1.0,0.2310510472439074,0.2310510472439074,False,False,False
2020-12-31,2021-01-04,2020-12-31,Equity-Only Minimum Variance,none,0.0,base,XOM,Energy,0.0,,1.0,0.0,0.0,False,False,False
2021-01-29,2021-02-01,2021-01-29,Equity-Only Minimum Variance,none,0.0,base,ABBV,Healthcare,0.14909471704127,,1.0,0.14909471704127,0.14909471704127,False,False,False
2021-01-29,2021-02-01,2021-01-29,Equity-Only Minimum Variance,none,0.0,base,ABT,Healthcare,0.0,,1.0,0.0,0.0,False,False,False
2021-01-29,2021-02-01,2021-01-29,Equity-Only Minimum Variance,none,0.0,base,ADBE,Tech,0.0,,1.0,0.0,0.0,False,False,False
2021-01-29,2021-02-01,2021-01-29,Equity-Only Minimum Variance,none,0.0,base,AEP,Utilities,0.0,,1.0,0.0,0.0,False,False,False
2021-01-29,2021-02-01,2021-01-29,Equity-Only Minimum Variance,none,0.0,base,AMD,Tech,0.0,,1.0,0.0,0.0,False,False,False
2021-01-29,2021-02-01,2021-01-29,Equity-Only Minimum Variance,none,0.0,base,AMGN,Healthcare,0.0,,1.0,0.0,0.0,False,False,False
2021-01-29,2021-02-01,2021-01-29,Equity-Only Minimum Variance,none,0.0,base,AMT,RealEstate,0.0,,1.0,0.0,0.0,False,False,False
2021-01-29,2021-02-01,2021-01-29,Equity-Only Minimum Variance,none,0.0,base,BA,Industrials,0.0,,1.0,0.0,0.0,False,False,False
2021-01-29,2021-02-01,2021-01-29,Equity-Only Minimum Variance,none,0.0,base,CAT,Industrials,0.0,,1.0,0.0,0.0,False,False,False
2021-01-29,2021-02-01,2021-01-29,Equity-Only Minimum Variance,none,0.0,base,CCI,RealEstate,0.0,,1.0,0.0,0.0,False,False,False
2021-01-29,2021-02-01,2021-01-29,Equity-Only Minimum Variance,none,0.0,base,CMCSA,Comm,0.0,,1.0,0.0,0.0,False,False,False
2021-01-29,2021-02-01,2021-01-29,Equity-Only Minimum Variance,none,0.0,base,COP,Energy,0.0,,1.0,0.0,0.0,False,False,False
2021-01-29,2021-02-01,2021-01-29,Equity-Only Minimum Variance,none,0.0,base,CVX,Energy,0.0,,1.0,0.0,0.0,False,False,False
2021-01-29,2021-02-01,2021-01-29,Equity-Only Minimum Variance,none,0.0,base,D,Utilities,0.0,,1.0,0.0,0.0,False,False,False
2021-01-29,2021-02-01,2021-01-29,Equity-Only Minimum Variance,none,0.0,base,DD,Materials,0.0,,1.0,0.0,0.0,False,False,False
2021-01-29,2021-02-01,2021-01-29,Equity-Only Minimum Variance,none,0.0,base,DIS,Consumer,0.0,,1.0,0.0,0.0,False,False,False
2021-01-29,2021-02-01,2021-01-29,Equity-Only Minimum Variance,none,0.0,base,DOW,Materials,0.0,,1.0,0.0,0.0,False,False,False
2021-01-29,2021-02-01,2021-01-29,Equity-Only Minimum Variance,none,0.0,base,DUK,Utilities,0.0,,1.0,0.0,0.0,False,False,False
2021-01-29,2021-02-01,2021-01-29,Equity-Only Minimum Variance,none,0.0,base,EA,Comm,0.0863794239473212,,1.0,0.0863794239473212,0.0863794239473212,False,False,False
2021-01-29,2021-02-01,2021-01-29,Equity-Only Minimum Variance,none,0.0,base,GE,Industrials,0.0,,1.0,0.0,0.0,False,False,False
2021-01-29,2021-02-01,2021-01-29,Equity-Only Minimum Variance,none,0.0,base,GILD,Healthcare,0.1202385168787834,,1.0,0.1202385168787834,0.1202385168787834,False,False,False
2021-01-29,2021-02-01,2021-01-29,Equity-Only Minimum Variance,none,0.0,base,GS,Financials,0.0,,1.0,0.0,0.0,False,False,False
2021-01-29,2021-02-01,2021-01-29,Equity-Only Minimum Variance,none,0.0,base,INTC,Tech,0.0,,1.0,0.0,0.0,False,False,False
2021-01-29,2021-02-01,2021-01-29,Equity-Only Minimum Variance,none,0.0,base,KO,Consumer,0.0,,1.0,0.0,0.0,False,False,False
2021-01-29,2021-02-01,2021-01-29,Equity-Only Minimum Variance,none,0.0,base,MMM,Industrials,0.1003477899020731,,1.0,0.1003477899020731,0.1003477899020731,False,False,False
2021-01-29,2021-02-01,2021-01-29,Equity-Only Minimum Variance,none,0.0,base,MRK,Healthcare,0.0668732427578586,,1.0,0.0668732427578586,0.0668732427578586,False,False,False
2021-01-29,2021-02-01,2021-01-29,Equity-Only Minimum Variance,none,0.0,base,MS,Financials,0.0,,1.0,0.0,0.0,False,False,False
2021-01-29,2021-02-01,2021-01-29,Equity-Only Minimum Variance,none,0.0,base,NEE,Utilities,0.0,,1.0,0.0,0.0,False,False,False
2021-01-29,2021-02-01,2021-01-29,Equity-Only Minimum Variance,none,0.0,base,NEM,Materials,0.1281882407079162,,1.0,0.1281882407079162,0.1281882407079162,False,False,False
2021-01-29,2021-02-01,2021-01-29,Equity-Only Minimum Variance,none,0.0,base,NKE,Consumer,0.0,,1.0,0.0,0.0,False,False,False
2021-01-29,2021-02-01,2021-01-29,Equity-Only Minimum Variance,none,0.0,base,NUE,Materials,0.0,,1.0,0.0,0.0,False,False,False
2021-01-29,2021-02-01,2021-01-29,Equity-Only Minimum Variance,none,0.0,base,NVDA,Tech,0.0,,1.0,0.0,0.0,False,False,False
2021-01-29,2021-02-01,2021-01-29,Equity-Only Minimum Variance,none,0.0,base,O,RealEstate,0.0,,1.0,0.0,0.0,False,False,False
2021-01-29,2021-02-01,2021-01-29,Equity-Only Minimum Variance,none,0.0,base,OXY,Energy,0.0,,1.0,0.0,0.0,False,False,False
2021-01-29,2021-02-01,2021-01-29,Equity-Only Minimum Variance,none,0.0,base,PLD,RealEstate,0.0,,1.0,0.0,0.0,False,False,False
2021-01-29,2021-02-01,2021-01-29,Equity-Only Minimum Variance,none,0.0,base,PSA,RealEstate,0.0816225043896528,,1.0,0.0816225043896528,0.0816225043896528,False,False,False
2021-01-29,2021-02-01,2021-01-29,Equity-Only Minimum Variance,none,0.0,base,QCOM,Tech,0.0,,1.0,0.0,0.0,False,False,False
2021-01-29,2021-02-01,2021-01-29,Equity-Only Minimum Variance,none,0.0,base,SBUX,Consumer,0.0,,1.0,0.0,0.0,False,False,False
2021-01-29,2021-02-01,2021-01-29,Equity-Only Minimum Variance,none,0.0,base,SHW,Materials,0.0,,1.0,0.0,0.0,False,False,False
2021-01-29,2021-02-01,2021-01-29,Equity-Only Minimum Variance,none,0.0,base,SLB,Energy,0.0,,1.0,0.0,0.0,False,False,False
2021-01-29,2021-02-01,2021-01-29,Equity-Only Minimum Variance,none,0.0,base,SO,Utilities,0.0,,1.0,0.0,0.0,False,False,False
2021-01-29,2021-02-01,2021-01-29,Equity-Only Minimum Variance,none,0.0,base,T,Comm,0.0,,1.0,0.0,0.0,False,False,False
2021-01-29,2021-02-01,2021-01-29,Equity-Only Minimum Variance,none,0.0,base,TMUS,Comm,0.0,,1.0,0.0,0.0,False,False,False
2021-01-29,2021-02-01,2021-01-29,Equity-Only Minimum Variance,none,0.0,base,TTWO,Comm,0.0319253549273941,,1.0,0.0319253549273941,0.0319253549273941,False,False,False
2021-01-29,2021-02-01,2021-01-29,Equity-Only Minimum Variance,none,0.0,base,UPS,Industrials,0.0073037205476494,,1.0,0.0073037205476494,0.0073037205476494,False,False,False
2021-01-29,2021-02-01,2021-01-29,Equity-Only Minimum Variance,none,0.0,base,USB,Financials,0.0,,1.0,0.0,0.0,False,False,False
2021-01-29,2021-02-01,2021-01-29,Equity-Only Minimum Variance,none,0.0,base,V,Financials,0.0,,1.0,0.0,0.0,False,False,False
2021-01-29,2021-02-01,2021-01-29,Equity-Only Minimum Variance,none,0.0,base,WFC,Financials,0.0,,1.0,0.0,0.0,False,False,False
2021-01-29,2021-02-01,2021-01-29,Equity-Only Minimum Variance,none,0.0,base,WMT,Consumer,0.2280264889000808,,1.0,0.2280264889000808,0.2280264889000808,False,False,False
2021-01-29,2021-02-01,2021-01-29,Equity-Only Minimum Variance,none,0.0,base,XOM,Energy,0.0,,1.0,0.0,0.0,False,False,False
2021-02-26,2021-03-01,2021-02-26,Equity-Only Minimum Variance,none,0.0,base,ABBV,Healthcare,0.1805080344076322,,1.0,0.1805080344076322,0.1805080344076322,False,False,False
2021-02-26,2021-03-01,2021-02-26,Equity-Only Minimum Variance,none,0.0,base,ABT,Healthcare,0.0,,1.0,0.0,0.0,False,False,False
2021-02-26,2021-03-01,2021-02-26,Equity-Only Minimum Variance,none,0.0,base,ADBE,Tech,0.0,,1.0,0.0,0.0,False,False,False
2021-02-26,2021-03-01,2021-02-26,Equity-Only Minimum Variance,none,0.0,base,AEP,Utilities,0.0,,1.0,0.0,0.0,False,False,False
2021-02-26,2021-03-01,2021-02-26,Equity-Only Minimum Variance,none,0.0,base,AMD,Tech,0.0,,1.0,0.0,0.0,False,False,False
2021-02-26,2021-03-01,2021-02-26,Equity-Only Minimum Variance,none,0.0,base,AMGN,Healthcare,0.0,,1.0,0.0,0.0,False,False,False
2021-02-26,2021-03-01,2021-02-26,Equity-Only Minimum Variance,none,0.0,base,AMT,RealEstate,0.0,,1.0,0.0,0.0,False,False,False
2021-02-26,2021-03-01,2021-02-26,Equity-Only Minimum Variance,none,0.0,base,BA,Industrials,0.0,,1.0,0.0,0.0,False,False,False
2021-02-26,2021-03-01,2021-02-26,Equity-Only Minimum Variance,none,0.0,base,CAT,Industrials,0.0,,1.0,0.0,0.0,False,False,False
2021-02-26,2021-03-01,2021-02-26,Equity-Only Minimum Variance,none,0.0,base,CCI,RealEstate,0.0,,1.0,0.0,0.0,False,False,False
2021-02-26,2021-03-01,2021-02-26,Equity-Only Minimum Variance,none,0.0,base,CMCSA,Comm,0.0,,1.0,0.0,0.0,False,False,False
2021-02-26,2021-03-01,2021-02-26,Equity-Only Minimum Variance,none,0.0,base,COP,Energy,0.0,,1.0,0.0,0.0,False,False,False
2021-02-26,2021-03-01,2021-02-26,Equity-Only Minimum Variance,none,0.0,base,CVX,Energy,0.0,,1.0,0.0,0.0,False,False,False
2021-02-26,2021-03-01,2021-02-26,Equity-Only Minimum Variance,none,0.0,base,D,Utilities,0.0,,1.0,0.0,0.0,False,False,False
2021-02-26,2021-03-01,2021-02-26,Equity-Only Minimum Variance,none,0.0,base,DD,Materials,0.0,,1.0,0.0,0.0,False,False,False
2021-02-26,2021-03-01,2021-02-26,Equity-Only Minimum Variance,none,0.0,base,DIS,Consumer,0.0,,1.0,0.0,0.0,False,False,False
2021-02-26,2021-03-01,2021-02-26,Equity-Only Minimum Variance,none,0.0,base,DOW,Materials,0.0,,1.0,0.0,0.0,False,False,False
2021-02-26,2021-03-01,2021-02-26,Equity-Only Minimum Variance,none,0.0,base,DUK,Utilities,0.0,,1.0,0.0,0.0,False,False,False
2021-02-26,2021-03-01,2021-02-26,Equity-Only Minimum Variance,none,0.0,base,EA,Comm,0.0934660874674836,,1.0,0.0934660874674836,0.0934660874674836,False,False,False
2021-02-26,2021-03-01,2021-02-26,Equity-Only Minimum Variance,none,0.0,base,GE,Industrials,0.0,,1.0,0.0,0.0,False,False,False
2021-02-26,2021-03-01,2021-02-26,Equity-Only Minimum Variance,none,0.0,base,GILD,Healthcare,0.13209131094726,,1.0,0.13209131094726,0.13209131094726,False,False,False
2021-02-26,2021-03-01,2021-02-26,Equity-Only Minimum Variance,none,0.0,base,GS,Financials,0.0,,1.0,0.0,0.0,False,False,False
2021-02-26,2021-03-01,2021-02-26,Equity-Only Minimum Variance,none,0.0,base,INTC,Tech,0.0,,1.0,0.0,0.0,False,False,False
2021-02-26,2021-03-01,2021-02-26,Equity-Only Minimum Variance,none,0.0,base,KO,Consumer,0.0,,1.0,0.0,0.0,False,False,False
2021-02-26,2021-03-01,2021-02-26,Equity-Only Minimum Variance,none,0.0,base,MMM,Industrials,0.0775799260037339,,1.0,0.0775799260037339,0.0775799260037339,False,False,False
2021-02-26,2021-03-01,2021-02-26,Equity-Only Minimum Variance,none,0.0,base,MRK,Healthcare,0.0219149607668336,,1.0,0.0219149607668336,0.0219149607668336,False,False,False
2021-02-26,2021-03-01,2021-02-26,Equity-Only Minimum Variance,none,0.0,base,MS,Financials,0.0,,1.0,0.0,0.0,False,False,False
2021-02-26,2021-03-01,2021-02-26,Equity-Only Minimum Variance,none,0.0,base,NEE,Utilities,0.0,,1.0,0.0,0.0,False,False,False
2021-02-26,2021-03-01,2021-02-26,Equity-Only Minimum Variance,none,0.0,base,NEM,Materials,0.132124208140126,,1.0,0.132124208140126,0.132124208140126,False,False,False
2021-02-26,2021-03-01,2021-02-26,Equity-Only Minimum Variance,none,0.0,base,NKE,Consumer,0.0,,1.0,0.0,0.0,False,False,False
2021-02-26,2021-03-01,2021-02-26,Equity-Only Minimum Variance,none,0.0,base,NUE,Materials,0.0,,1.0,0.0,0.0,False,False,False
2021-02-26,2021-03-01,2021-02-26,Equity-Only Minimum Variance,none,0.0,base,NVDA,Tech,0.0,,1.0,0.0,0.0,False,False,False
2021-02-26,2021-03-01,2021-02-26,Equity-Only Minimum Variance,none,0.0,base,O,RealEstate,0.0,,1.0,0.0,0.0,False,False,False
2021-02-26,2021-03-01,2021-02-26,Equity-Only Minimum Variance,none,0.0,base,OXY,Energy,0.0,,1.0,0.0,0.0,False,False,False
2021-02-26,2021-03-01,2021-02-26,Equity-Only Minimum Variance,none,0.0,base,PLD,RealEstate,0.0,,1.0,0.0,0.0,False,False,False
2021-02-26,2021-03-01,2021-02-26,Equity-Only Minimum Variance,none,0.0,base,PSA,RealEstate,0.1170801093845317,,1.0,0.1170801093845317,0.1170801093845317,False,False,False
2021-02-26,2021-03-01,2021-02-26,Equity-Only Minimum Variance,none,0.0,base,QCOM,Tech,0.0,,1.0,0.0,0.0,False,False,False
2021-02-26,2021-03-01,2021-02-26,Equity-Only Minimum Variance,none,0.0,base,SBUX,Consumer,0.0,,1.0,0.0,0.0,False,False,False
2021-02-26,2021-03-01,2021-02-26,Equity-Only Minimum Variance,none,0.0,base,SHW,Materials,0.0,,1.0,0.0,0.0,False,False,False
2021-02-26,2021-03-01,2021-02-26,Equity-Only Minimum Variance,none,0.0,base,SLB,Energy,0.0,,1.0,0.0,0.0,False,False,False
2021-02-26,2021-03-01,2021-02-26,Equity-Only Minimum Variance,none,0.0,base,SO,Utilities,0.0,,1.0,0.0,0.0,False,False,False
2021-02-26,2021-03-01,2021-02-26,Equity-Only Minimum Variance,none,0.0,base,T,Comm,0.0,,1.0,0.0,0.0,False,False,False
2021-02-26,2021-03-01,2021-02-26,Equity-Only Minimum Variance,none,0.0,base,TMUS,Comm,0.0,,1.0,0.0,0.0,False,False,False
2021-02-26,2021-03-01,2021-02-26,Equity-Only Minimum Variance,none,0.0,base,TTWO,Comm,0.0144565346019173,,1.0,0.0144565346019173,0.0144565346019173,False,False,False
2021-02-26,2021-03-01,2021-02-26,Equity-Only Minimum Variance,none,0.0,base,UPS,Industrials,0.0211203498790392,,1.0,0.0211203498790392,0.0211203498790392,False,False,False
2021-02-26,2021-03-01,2021-02-26,Equity-Only Minimum Variance,none,0.0,base,USB,Financials,0.0,,1.0,0.0,0.0,False,False,False
2021-02-26,2021-03-01,2021-02-26,Equity-Only Minimum Variance,none,0.0,base,V,Financials,0.0,,1.0,0.0,0.0,False,False,False
2021-02-26,2021-03-01,2021-02-26,Equity-Only Minimum Variance,none,0.0,base,WFC,Financials,0.0,,1.0,0.0,0.0,False,False,False
2021-02-26,2021-03-01,2021-02-26,Equity-Only Minimum Variance,none,0.0,base,WMT,Consumer,0.2096584784014422,,1.0,0.2096584784014422,0.2096584784014422,False,False,False
2021-02-26,2021-03-01,2021-02-26,Equity-Only Minimum Variance,none,0.0,base,XOM,Energy,0.0,,1.0,0.0,0.0,False,False,False
2021-03-31,2021-04-01,2021-03-31,Equity-Only Minimum Variance,none,0.0,base,ABBV,Healthcare,0.1084759621463525,,1.0,0.1084759621463525,0.1084759621463525,False,False,False
2021-03-31,2021-04-01,2021-03-31,Equity-Only Minimum Variance,none,0.0,base,ABT,Healthcare,0.0,,1.0,0.0,0.0,False,False,False
2021-03-31,2021-04-01,2021-03-31,Equity-Only Minimum Variance,none,0.0,base,ADBE,Tech,0.0,,1.0,0.0,0.0,False,False,False
2021-03-31,2021-04-01,2021-03-31,Equity-Only Minimum Variance,none,0.0,base,AEP,Utilities,0.0,,1.0,0.0,0.0,False,False,False
2021-03-31,2021-04-01,2021-03-31,Equity-Only Minimum Variance,none,0.0,base,AMD,Tech,0.0,,1.0,0.0,0.0,False,False,False
2021-03-31,2021-04-01,2021-03-31,Equity-Only Minimum Variance,none,0.0,base,AMGN,Healthcare,0.0,,1.0,0.0,0.0,False,False,False
2021-03-31,2021-04-01,2021-03-31,Equity-Only Minimum Variance,none,0.0,base,AMT,RealEstate,0.0,,1.0,0.0,0.0,False,False,False
2021-03-31,2021-04-01,2021-03-31,Equity-Only Minimum Variance,none,0.0,base,BA,Industrials,0.0,,1.0,0.0,0.0,False,False,False
2021-03-31,2021-04-01,2021-03-31,Equity-Only Minimum Variance,none,0.0,base,CAT,Industrials,0.0,,1.0,0.0,0.0,False,False,False
2021-03-31,2021-04-01,2021-03-31,Equity-Only Minimum Variance,none,0.0,base,CCI,RealEstate,0.0,,1.0,0.0,0.0,False,False,False
2021-03-31,2021-04-01,2021-03-31,Equity-Only Minimum Variance,none,0.0,base,CMCSA,Comm,0.0,,1.0,0.0,0.0,False,False,False
2021-03-31,2021-04-01,2021-03-31,Equity-Only Minimum Variance,none,0.0,base,COP,Energy,0.0,,1.0,0.0,0.0,False,False,False
2021-03-31,2021-04-01,2021-03-31,Equity-Only Minimum Variance,none,0.0,base,CVX,Energy,0.0,,1.0,0.0,0.0,False,False,False
2021-03-31,2021-04-01,2021-03-31,Equity-Only Minimum Variance,none,0.0,base,D,Utilities,0.0595136516063067,,1.0,0.0595136516063067,0.0595136516063067,False,False,False
2021-03-31,2021-04-01,2021-03-31,Equity-Only Minimum Variance,none,0.0,base,DD,Materials,0.0,,1.0,0.0,0.0,False,False,False
2021-03-31,2021-04-01,2021-03-31,Equity-Only Minimum Variance,none,0.0,base,DIS,Consumer,0.007002987265213,,1.0,0.007002987265213,0.007002987265213,False,False,False
2021-03-31,2021-04-01,2021-03-31,Equity-Only Minimum Variance,none,0.0,base,DOW,Materials,0.0,,1.0,0.0,0.0,False,False,False
2021-03-31,2021-04-01,2021-03-31,Equity-Only Minimum Variance,none,0.0,base,DUK,Utilities,0.0,,1.0,0.0,0.0,False,False,False
2021-03-31,2021-04-01,2021-03-31,Equity-Only Minimum Variance,none,0.0,base,EA,Comm,0.0897615643950826,,1.0,0.0897615643950826,0.0897615643950826,False,False,False
2021-03-31,2021-04-01,2021-03-31,Equity-Only Minimum Variance,none,0.0,base,GE,Industrials,0.0,,1.0,0.0,0.0,False,False,False
2021-03-31,2021-04-01,2021-03-31,Equity-Only Minimum Variance,none,0.0,base,GILD,Healthcare,0.0541332479744129,,1.0,0.0541332479744129,0.0541332479744129,False,False,False
2021-03-31,2021-04-01,2021-03-31,Equity-Only Minimum Variance,none,0.0,base,GS,Financials,0.0,,1.0,0.0,0.0,False,False,False
2021-03-31,2021-04-01,2021-03-31,Equity-Only Minimum Variance,none,0.0,base,INTC,Tech,0.0,,1.0,0.0,0.0,False,False,False
2021-03-31,2021-04-01,2021-03-31,Equity-Only Minimum Variance,none,0.0,base,KO,Consumer,0.0,,1.0,0.0,0.0,False,False,False
2021-03-31,2021-04-01,2021-03-31,Equity-Only Minimum Variance,none,0.0,base,MMM,Industrials,0.1049829162455144,,1.0,0.1049829162455144,0.1049829162455144,False,False,False
2021-03-31,2021-04-01,2021-03-31,Equity-Only Minimum Variance,none,0.0,base,MRK,Healthcare,0.0468784639669993,,1.0,0.0468784639669993,0.0468784639669993,False,False,False
2021-03-31,2021-04-01,2021-03-31,Equity-Only Minimum Variance,none,0.0,base,MS,Financials,0.0,,1.0,0.0,0.0,False,False,False
2021-03-31,2021-04-01,2021-03-31,Equity-Only Minimum Variance,none,0.0,base,NEE,Utilities,0.0,,1.0,0.0,0.0,False,False,False
2021-03-31,2021-04-01,2021-03-31,Equity-Only Minimum Variance,none,0.0,base,NEM,Materials,0.0006563656988216,,1.0,0.0006563656988216,0.0006563656988216,False,False,False
2021-03-31,2021-04-01,2021-03-31,Equity-Only Minimum Variance,none,0.0,base,NKE,Consumer,0.0,,1.0,0.0,0.0,False,False,False
2021-03-31,2021-04-01,2021-03-31,Equity-Only Minimum Variance,none,0.0,base,NUE,Materials,0.0,,1.0,0.0,0.0,False,False,False
2021-03-31,2021-04-01,2021-03-31,Equity-Only Minimum Variance,none,0.0,base,NVDA,Tech,0.0,,1.0,0.0,0.0,False,False,False
2021-03-31,2021-04-01,2021-03-31,Equity-Only Minimum Variance,none,0.0,base,O,RealEstate,0.0,,1.0,0.0,0.0,False,False,False
2021-03-31,2021-04-01,2021-03-31,Equity-Only Minimum Variance,none,0.0,base,OXY,Energy,0.0,,1.0,0.0,0.0,False,False,False
2021-03-31,2021-04-01,2021-03-31,Equity-Only Minimum Variance,none,0.0,base,PLD,RealEstate,0.0,,1.0,0.0,0.0,False,False,False
2021-03-31,2021-04-01,2021-03-31,Equity-Only Minimum Variance,none,0.0,base,PSA,RealEstate,0.1236623451496448,,1.0,0.1236623451496448,0.1236623451496448,False,False,False
2021-03-31,2021-04-01,2021-03-31,Equity-Only Minimum Variance,none,0.0,base,QCOM,Tech,0.0,,1.0,0.0,0.0,False,False,False
2021-03-31,2021-04-01,2021-03-31,Equity-Only Minimum Variance,none,0.0,base,SBUX,Consumer,0.0,,1.0,0.0,0.0,False,False,False
2021-03-31,2021-04-01,2021-03-31,Equity-Only Minimum Variance,none,0.0,base,SHW,Materials,0.0,,1.0,0.0,0.0,False,False,False
2021-03-31,2021-04-01,2021-03-31,Equity-Only Minimum Variance,none,0.0,base,SLB,Energy,0.0,,1.0,0.0,0.0,False,False,False
2021-03-31,2021-04-01,2021-03-31,Equity-Only Minimum Variance,none,0.0,base,SO,Utilities,0.0,,1.0,0.0,0.0,False,False,False
2021-03-31,2021-04-01,2021-03-31,Equity-Only Minimum Variance,none,0.0,base,T,Comm,0.0960900927693363,,1.0,0.0960900927693363,0.0960900927693363,False,False,False
2021-03-31,2021-04-01,2021-03-31,Equity-Only Minimum Variance,none,0.0,base,TMUS,Comm,0.0,,1.0,0.0,0.0,False,False,False
2021-03-31,2021-04-01,2021-03-31,Equity-Only Minimum Variance,none,0.0,base,TTWO,Comm,0.0773073629129386,,1.0,0.0773073629129386,0.0773073629129386,False,False,False
2021-03-31,2021-04-01,2021-03-31,Equity-Only Minimum Variance,none,0.0,base,UPS,Industrials,0.0,,1.0,0.0,0.0,False,False,False
2021-03-31,2021-04-01,2021-03-31,Equity-Only Minimum Variance,none,0.0,base,USB,Financials,0.0,,1.0,0.0,0.0,False,False,False
2021-03-31,2021-04-01,2021-03-31,Equity-Only Minimum Variance,none,0.0,base,V,Financials,0.0,,1.0,0.0,0.0,False,False,False
2021-03-31,2021-04-01,2021-03-31,Equity-Only Minimum Variance,none,0.0,base,WFC,Financials,0.0,,1.0,0.0,0.0,False,False,False
2021-03-31,2021-04-01,2021-03-31,Equity-Only Minimum Variance,none,0.0,base,WMT,Consumer,0.2315350398693767,,1.0,0.2315350398693767,0.2315350398693767,False,False,False
2021-03-31,2021-04-01,2021-03-31,Equity-Only Minimum Variance,none,0.0,base,XOM,Energy,0.0,,1.0,0.0,0.0,False,False,False
2021-04-30,2021-05-03,2021-04-30,Equity-Only Minimum Variance,none,0.0,base,ABBV,Healthcare,0.0869509058646236,,1.0,0.0869509058646236,0.0869509058646236,False,False,False
2021-04-30,2021-05-03,2021-04-30,Equity-Only Minimum Variance,none,0.0,base,ABT,Healthcare,0.0,,1.0,0.0,0.0,False,False,False
2021-04-30,2021-05-03,2021-04-30,Equity-Only Minimum Variance,none,0.0,base,ADBE,Tech,0.0,,1.0,0.0,0.0,False,False,False
2021-04-30,2021-05-03,2021-04-30,Equity-Only Minimum Variance,none,0.0,base,AEP,Utilities,0.0580958399695665,,1.0,0.0580958399695665,0.0580958399695665,False,False,False
2021-04-30,2021-05-03,2021-04-30,Equity-Only Minimum Variance,none,0.0,base,AMD,Tech,0.0,,1.0,0.0,0.0,False,False,False
2021-04-30,2021-05-03,2021-04-30,Equity-Only Minimum Variance,none,0.0,base,AMGN,Healthcare,0.0,,1.0,0.0,0.0,False,False,False
2021-04-30,2021-05-03,2021-04-30,Equity-Only Minimum Variance,none,0.0,base,AMT,RealEstate,0.0,,1.0,0.0,0.0,False,False,False
2021-04-30,2021-05-03,2021-04-30,Equity-Only Minimum Variance,none,0.0,base,BA,Industrials,0.0,,1.0,0.0,0.0,False,False,False
2021-04-30,2021-05-03,2021-04-30,Equity-Only Minimum Variance,none,0.0,base,CAT,Industrials,0.0,,1.0,0.0,0.0,False,False,False
2021-04-30,2021-05-03,2021-04-30,Equity-Only Minimum Variance,none,0.0,base,CCI,RealEstate,0.0,,1.0,0.0,0.0,False,False,False
2021-04-30,2021-05-03,2021-04-30,Equity-Only Minimum Variance,none,0.0,base,CMCSA,Comm,0.0,,1.0,0.0,0.0,False,False,False
2021-04-30,2021-05-03,2021-04-30,Equity-Only Minimum Variance,none,0.0,base,COP,Energy,0.0,,1.0,0.0,0.0,False,False,False
2021-04-30,2021-05-03,2021-04-30,Equity-Only Minimum Variance,none,0.0,base,CVX,Energy,0.0,,1.0,0.0,0.0,False,False,False
2021-04-30,2021-05-03,2021-04-30,Equity-Only Minimum Variance,none,0.0,base,D,Utilities,0.0827261127436454,,1.0,0.0827261127436454,0.0827261127436454,False,False,False
2021-04-30,2021-05-03,2021-04-30,Equity-Only Minimum Variance,none,0.0,base,DD,Materials,0.0,,1.0,0.0,0.0,False,False,False
2021-04-30,2021-05-03,2021-04-30,Equity-Only Minimum Variance,none,0.0,base,DIS,Consumer,0.0,,1.0,0.0,0.0,False,False,False
2021-04-30,2021-05-03,2021-04-30,Equity-Only Minimum Variance,none,0.0,base,DOW,Materials,0.0,,1.0,0.0,0.0,False,False,False
2021-04-30,2021-05-03,2021-04-30,Equity-Only Minimum Variance,none,0.0,base,DUK,Utilities,0.012202177961867,,1.0,0.012202177961867,0.012202177961867,False,False,False
2021-04-30,2021-05-03,2021-04-30,Equity-Only Minimum Variance,none,0.0,base,EA,Comm,0.0614901183070943,,1.0,0.0614901183070943,0.0614901183070943,False,False,False
2021-04-30,2021-05-03,2021-04-30,Equity-Only Minimum Variance,none,0.0,base,GE,Industrials,0.0,,1.0,0.0,0.0,False,False,False
2021-04-30,2021-05-03,2021-04-30,Equity-Only Minimum Variance,none,0.0,base,GILD,Healthcare,0.0445193357924664,,1.0,0.0445193357924664,0.0445193357924664,False,False,False
2021-04-30,2021-05-03,2021-04-30,Equity-Only Minimum Variance,none,0.0,base,GS,Financials,0.0,,1.0,0.0,0.0,False,False,False
2021-04-30,2021-05-03,2021-04-30,Equity-Only Minimum Variance,none,0.0,base,INTC,Tech,0.0,,1.0,0.0,0.0,False,False,False
2021-04-30,2021-05-03,2021-04-30,Equity-Only Minimum Variance,none,0.0,base,KO,Consumer,0.0,,1.0,0.0,0.0,False,False,False
2021-04-30,2021-05-03,2021-04-30,Equity-Only Minimum Variance,none,0.0,base,MMM,Industrials,0.0708081605519744,,1.0,0.0708081605519744,0.0708081605519744,False,False,False
2021-04-30,2021-05-03,2021-04-30,Equity-Only Minimum Variance,none,0.0,base,MRK,Healthcare,0.1069680795608395,,1.0,0.1069680795608395,0.1069680795608395,False,False,False
2021-04-30,2021-05-03,2021-04-30,Equity-Only Minimum Variance,none,0.0,base,MS,Financials,0.0,,1.0,0.0,0.0,False,False,False
2021-04-30,2021-05-03,2021-04-30,Equity-Only Minimum Variance,none,0.0,base,NEE,Utilities,0.0,,1.0,0.0,0.0,False,False,False
2021-04-30,2021-05-03,2021-04-30,Equity-Only Minimum Variance,none,0.0,base,NEM,Materials,0.0017018323898193,,1.0,0.0017018323898193,0.0017018323898193,False,False,False
2021-04-30,2021-05-03,2021-04-30,Equity-Only Minimum Variance,none,0.0,base,NKE,Consumer,0.0268830367168781,,1.0,0.0268830367168781,0.0268830367168781,False,False,False
2021-04-30,2021-05-03,2021-04-30,Equity-Only Minimum Variance,none,0.0,base,NUE,Materials,0.0,,1.0,0.0,0.0,False,False,False
2021-04-30,2021-05-03,2021-04-30,Equity-Only Minimum Variance,none,0.0,base,NVDA,Tech,0.0,,1.0,0.0,0.0,False,False,False
2021-04-30,2021-05-03,2021-04-30,Equity-Only Minimum Variance,none,0.0,base,O,RealEstate,0.0,,1.0,0.0,0.0,False,False,False
2021-04-30,2021-05-03,2021-04-30,Equity-Only Minimum Variance,none,0.0,base,OXY,Energy,0.0,,1.0,0.0,0.0,False,False,False
2021-04-30,2021-05-03,2021-04-30,Equity-Only Minimum Variance,none,0.0,base,PLD,RealEstate,0.0,,1.0,0.0,0.0,False,False,False
2021-04-30,2021-05-03,2021-04-30,Equity-Only Minimum Variance,none,0.0,base,PSA,RealEstate,0.0659289583139809,,1.0,0.0659289583139809,0.0659289583139809,False,False,False
2021-04-30,2021-05-03,2021-04-30,Equity-Only Minimum Variance,none,0.0,base,QCOM,Tech,0.0,,1.0,0.0,0.0,False,False,False
2021-04-30,2021-05-03,2021-04-30,Equity-Only Minimum Variance,none,0.0,base,SBUX,Consumer,0.0,,1.0,0.0,0.0,False,False,False
2021-04-30,2021-05-03,2021-04-30,Equity-Only Minimum Variance,none,0.0,base,SHW,Materials,0.0,,1.0,0.0,0.0,False,False,False
2021-04-30,2021-05-03,2021-04-30,Equity-Only Minimum Variance,none,0.0,base,SLB,Energy,0.0,,1.0,0.0,0.0,False,False,False
2021-04-30,2021-05-03,2021-04-30,Equity-Only Minimum Variance,none,0.0,base,SO,Utilities,0.0,,1.0,0.0,0.0,False,False,False
2021-04-30,2021-05-03,2021-04-30,Equity-Only Minimum Variance,none,0.0,base,T,Comm,0.1145071791729114,,1.0,0.1145071791729114,0.1145071791729114,False,False,False
2021-04-30,2021-05-03,2021-04-30,Equity-Only Minimum Variance,none,0.0,base,TMUS,Comm,0.0,,1.0,0.0,0.0,False,False,False
2021-04-30,2021-05-03,2021-04-30,Equity-Only Minimum Variance,none,0.0,base,TTWO,Comm,0.0627867659860774,,1.0,0.0627867659860774,0.0627867659860774,False,False,False
2021-04-30,2021-05-03,2021-04-30,Equity-Only Minimum Variance,none,0.0,base,UPS,Industrials,0.0,,1.0,0.0,0.0,False,False,False
2021-04-30,2021-05-03,2021-04-30,Equity-Only Minimum Variance,none,0.0,base,USB,Financials,0.0,,1.0,0.0,0.0,False,False,False
2021-04-30,2021-05-03,2021-04-30,Equity-Only Minimum Variance,none,0.0,base,V,Financials,0.0,,1.0,0.0,0.0,False,False,False
2021-04-30,2021-05-03,2021-04-30,Equity-Only Minimum Variance,none,0.0,base,WFC,Financials,0.0,,1.0,0.0,0.0,False,False,False
2021-04-30,2021-05-03,2021-04-30,Equity-Only Minimum Variance,none,0.0,base,WMT,Consumer,0.2044314966682553,,1.0,0.2044314966682553,0.2044314966682553,False,False,False
2021-04-30,2021-05-03,2021-04-30,Equity-Only Minimum Variance,none,0.0,base,XOM,Energy,0.0,,1.0,0.0,0.0,False,False,False
2021-05-28,2021-06-01,2021-05-28,Equity-Only Minimum Variance,none,0.0,base,ABBV,Healthcare,0.0489601902368355,,1.0,0.0489601902368355,0.0489601902368355,False,False,False
2021-05-28,2021-06-01,2021-05-28,Equity-Only Minimum Variance,none,0.0,base,ABT,Healthcare,0.0,,1.0,0.0,0.0,False,False,False
2021-05-28,2021-06-01,2021-05-28,Equity-Only Minimum Variance,none,0.0,base,ADBE,Tech,0.0,,1.0,0.0,0.0,False,False,False
2021-05-28,2021-06-01,2021-05-28,Equity-Only Minimum Variance,none,0.0,base,AEP,Utilities,0.092414192033739,,1.0,0.092414192033739,0.092414192033739,False,False,False
2021-05-28,2021-06-01,2021-05-28,Equity-Only Minimum Variance,none,0.0,base,AMD,Tech,0.0,,1.0,0.0,0.0,False,False,False
2021-05-28,2021-06-01,2021-05-28,Equity-Only Minimum Variance,none,0.0,base,AMGN,Healthcare,0.0,,1.0,0.0,0.0,False,False,False
2021-05-28,2021-06-01,2021-05-28,Equity-Only Minimum Variance,none,0.0,base,AMT,RealEstate,0.0,,1.0,0.0,0.0,False,False,False
2021-05-28,2021-06-01,2021-05-28,Equity-Only Minimum Variance,none,0.0,base,BA,Industrials,0.0,,1.0,0.0,0.0,False,False,False
2021-05-28,2021-06-01,2021-05-28,Equity-Only Minimum Variance,none,0.0,base,CAT,Industrials,0.0,,1.0,0.0,0.0,False,False,False
2021-05-28,2021-06-01,2021-05-28,Equity-Only Minimum Variance,none,0.0,base,CCI,RealEstate,0.0,,1.0,0.0,0.0,False,False,False
2021-05-28,2021-06-01,2021-05-28,Equity-Only Minimum Variance,none,0.0,base,CMCSA,Comm,0.0,,1.0,0.0,0.0,False,False,False
2021-05-28,2021-06-01,2021-05-28,Equity-Only Minimum Variance,none,0.0,base,COP,Energy,0.0,,1.0,0.0,0.0,False,False,False
2021-05-28,2021-06-01,2021-05-28,Equity-Only Minimum Variance,none,0.0,base,CVX,Energy,0.0,,1.0,0.0,0.0,False,False,False
2021-05-28,2021-06-01,2021-05-28,Equity-Only Minimum Variance,none,0.0,base,D,Utilities,0.0507479393554114,,1.0,0.0507479393554114,0.0507479393554114,False,False,False
2021-05-28,2021-06-01,2021-05-28,Equity-Only Minimum Variance,none,0.0,base,DD,Materials,0.0,,1.0,0.0,0.0,False,False,False
2021-05-28,2021-06-01,2021-05-28,Equity-Only Minimum Variance,none,0.0,base,DIS,Consumer,0.00984983770655,,1.0,0.00984983770655,0.00984983770655,False,False,False
2021-05-28,2021-06-01,2021-05-28,Equity-Only Minimum Variance,none,0.0,base,DOW,Materials,0.0,,1.0,0.0,0.0,False,False,False
2021-05-28,2021-06-01,2021-05-28,Equity-Only Minimum Variance,none,0.0,base,DUK,Utilities,0.011111782416709,,1.0,0.011111782416709,0.011111782416709,False,False,False
2021-05-28,2021-06-01,2021-05-28,Equity-Only Minimum Variance,none,0.0,base,EA,Comm,0.0624466287658924,,1.0,0.0624466287658924,0.0624466287658924,False,False,False
2021-05-28,2021-06-01,2021-05-28,Equity-Only Minimum Variance,none,0.0,base,GE,Industrials,0.0,,1.0,0.0,0.0,False,False,False
2021-05-28,2021-06-01,2021-05-28,Equity-Only Minimum Variance,none,0.0,base,GILD,Healthcare,0.059087742105535,,1.0,0.059087742105535,0.059087742105535,False,False,False
2021-05-28,2021-06-01,2021-05-28,Equity-Only Minimum Variance,none,0.0,base,GS,Financials,0.0,,1.0,0.0,0.0,False,False,False
2021-05-28,2021-06-01,2021-05-28,Equity-Only Minimum Variance,none,0.0,base,INTC,Tech,0.0,,1.0,0.0,0.0,False,False,False
2021-05-28,2021-06-01,2021-05-28,Equity-Only Minimum Variance,none,0.0,base,KO,Consumer,0.0,,1.0,0.0,0.0,False,False,False
2021-05-28,2021-06-01,2021-05-28,Equity-Only Minimum Variance,none,0.0,base,MMM,Industrials,0.0849891378512632,,1.0,0.0849891378512632,0.0849891378512632,False,False,False
2021-05-28,2021-06-01,2021-05-28,Equity-Only Minimum Variance,none,0.0,base,MRK,Healthcare,0.1172967079394272,,1.0,0.1172967079394272,0.1172967079394272,False,False,False
2021-05-28,2021-06-01,2021-05-28,Equity-Only Minimum Variance,none,0.0,base,MS,Financials,0.0,,1.0,0.0,0.0,False,False,False
2021-05-28,2021-06-01,2021-05-28,Equity-Only Minimum Variance,none,0.0,base,NEE,Utilities,0.0,,1.0,0.0,0.0,False,False,False
2021-05-28,2021-06-01,2021-05-28,Equity-Only Minimum Variance,none,0.0,base,NEM,Materials,0.0,,1.0,0.0,0.0,False,False,False
2021-05-28,2021-06-01,2021-05-28,Equity-Only Minimum Variance,none,0.0,base,NKE,Consumer,0.0258498144983853,,1.0,0.0258498144983853,0.0258498144983853,False,False,False
2021-05-28,2021-06-01,2021-05-28,Equity-Only Minimum Variance,none,0.0,base,NUE,Materials,0.0,,1.0,0.0,0.0,False,False,False
2021-05-28,2021-06-01,2021-05-28,Equity-Only Minimum Variance,none,0.0,base,NVDA,Tech,0.0,,1.0,0.0,0.0,False,False,False
2021-05-28,2021-06-01,2021-05-28,Equity-Only Minimum Variance,none,0.0,base,O,RealEstate,0.0,,1.0,0.0,0.0,False,False,False
2021-05-28,2021-06-01,2021-05-28,Equity-Only Minimum Variance,none,0.0,base,OXY,Energy,0.0,,1.0,0.0,0.0,False,False,False
2021-05-28,2021-06-01,2021-05-28,Equity-Only Minimum Variance,none,0.0,base,PLD,RealEstate,0.0,,1.0,0.0,0.0,False,False,False
2021-05-28,2021-06-01,2021-05-28,Equity-Only Minimum Variance,none,0.0,base,PSA,RealEstate,0.0890999653723551,,1.0,0.0890999653723551,0.0890999653723551,False,False,False
2021-05-28,2021-06-01,2021-05-28,Equity-Only Minimum Variance,none,0.0,base,QCOM,Tech,0.0,,1.0,0.0,0.0,False,False,False
2021-05-28,2021-06-01,2021-05-28,Equity-Only Minimum Variance,none,0.0,base,SBUX,Consumer,0.0,,1.0,0.0,0.0,False,False,False
2021-05-28,2021-06-01,2021-05-28,Equity-Only Minimum Variance,none,0.0,base,SHW,Materials,0.0,,1.0,0.0,0.0,False,False,False
2021-05-28,2021-06-01,2021-05-28,Equity-Only Minimum Variance,none,0.0,base,SLB,Energy,0.0,,1.0,0.0,0.0,False,False,False
2021-05-28,2021-06-01,2021-05-28,Equity-Only Minimum Variance,none,0.0,base,SO,Utilities,0.0,,1.0,0.0,0.0,False,False,False
2021-05-28,2021-06-01,2021-05-28,Equity-Only Minimum Variance,none,0.0,base,T,Comm,0.1163126762909099,,1.0,0.1163126762909099,0.1163126762909099,False,False,False
2021-05-28,2021-06-01,2021-05-28,Equity-Only Minimum Variance,none,0.0,base,TMUS,Comm,0.0,,1.0,0.0,0.0,False,False,False
2021-05-28,2021-06-01,2021-05-28,Equity-Only Minimum Variance,none,0.0,base,TTWO,Comm,0.0568734416264683,,1.0,0.0568734416264683,0.0568734416264683,False,False,False
2021-05-28,2021-06-01,2021-05-28,Equity-Only Minimum Variance,none,0.0,base,UPS,Industrials,0.0,,1.0,0.0,0.0,False,False,False
2021-05-28,2021-06-01,2021-05-28,Equity-Only Minimum Variance,none,0.0,base,USB,Financials,0.0,,1.0,0.0,0.0,False,False,False
2021-05-28,2021-06-01,2021-05-28,Equity-Only Minimum Variance,none,0.0,base,V,Financials,0.0,,1.0,0.0,0.0,False,False,False
2021-05-28,2021-06-01,2021-05-28,Equity-Only Minimum Variance,none,0.0,base,WFC,Financials,0.0,,1.0,0.0,0.0,False,False,False
2021-05-28,2021-06-01,2021-05-28,Equity-Only Minimum Variance,none,0.0,base,WMT,Consumer,0.174959943800518,,1.0,0.174959943800518,0.174959943800518,False,False,False
2021-05-28,2021-06-01,2021-05-28,Equity-Only Minimum Variance,none,0.0,base,XOM,Energy,0.0,,1.0,0.0,0.0,False,False,False
2021-06-30,2021-07-01,2021-06-30,Equity-Only Minimum Variance,none,0.0,base,ABBV,Healthcare,0.0376967795697507,,1.0,0.0376967795697507,0.0376967795697507,False,False,False
2021-06-30,2021-07-01,2021-06-30,Equity-Only Minimum Variance,none,0.0,base,ABT,Healthcare,0.0016299985203787,,1.0,0.0016299985203787,0.0016299985203787,False,False,False
2021-06-30,2021-07-01,2021-06-30,Equity-Only Minimum Variance,none,0.0,base,ADBE,Tech,0.0,,1.0,0.0,0.0,False,False,False
2021-06-30,2021-07-01,2021-06-30,Equity-Only Minimum Variance,none,0.0,base,AEP,Utilities,0.0731507905497613,,1.0,0.0731507905497613,0.0731507905497613,False,False,False
2021-06-30,2021-07-01,2021-06-30,Equity-Only Minimum Variance,none,0.0,base,AMD,Tech,0.0072707630971174,,1.0,0.0072707630971174,0.0072707630971174,False,False,False
2021-06-30,2021-07-01,2021-06-30,Equity-Only Minimum Variance,none,0.0,base,AMGN,Healthcare,0.0,,1.0,0.0,0.0,False,False,False
2021-06-30,2021-07-01,2021-06-30,Equity-Only Minimum Variance,none,0.0,base,AMT,RealEstate,0.0,,1.0,0.0,0.0,False,False,False
2021-06-30,2021-07-01,2021-06-30,Equity-Only Minimum Variance,none,0.0,base,BA,Industrials,0.0,,1.0,0.0,0.0,False,False,False
2021-06-30,2021-07-01,2021-06-30,Equity-Only Minimum Variance,none,0.0,base,CAT,Industrials,0.0,,1.0,0.0,0.0,False,False,False
2021-06-30,2021-07-01,2021-06-30,Equity-Only Minimum Variance,none,0.0,base,CCI,RealEstate,0.0540751160913785,,1.0,0.0540751160913785,0.0540751160913785,False,False,False
2021-06-30,2021-07-01,2021-06-30,Equity-Only Minimum Variance,none,0.0,base,CMCSA,Comm,0.0,,1.0,0.0,0.0,False,False,False
2021-06-30,2021-07-01,2021-06-30,Equity-Only Minimum Variance,none,0.0,base,COP,Energy,0.0,,1.0,0.0,0.0,False,False,False
2021-06-30,2021-07-01,2021-06-30,Equity-Only Minimum Variance,none,0.0,base,CVX,Energy,0.0,,1.0,0.0,0.0,False,False,False
2021-06-30,2021-07-01,2021-06-30,Equity-Only Minimum Variance,none,0.0,base,D,Utilities,0.0227718636943739,,1.0,0.0227718636943739,0.0227718636943739,False,False,False
2021-06-30,2021-07-01,2021-06-30,Equity-Only Minimum Variance,none,0.0,base,DD,Materials,0.0,,1.0,0.0,0.0,False,False,False
2021-06-30,2021-07-01,2021-06-30,Equity-Only Minimum Variance,none,0.0,base,DIS,Consumer,0.0150282891557683,,1.0,0.0150282891557683,0.0150282891557683,False,False,False
2021-06-30,2021-07-01,2021-06-30,Equity-Only Minimum Variance,none,0.0,base,DOW,Materials,0.0,,1.0,0.0,0.0,False,False,False
2021-06-30,2021-07-01,2021-06-30,Equity-Only Minimum Variance,none,0.0,base,DUK,Utilities,0.0,,1.0,0.0,0.0,False,False,False
2021-06-30,2021-07-01,2021-06-30,Equity-Only Minimum Variance,none,0.0,base,EA,Comm,0.025568913287689,,1.0,0.025568913287689,0.025568913287689,False,False,False
2021-06-30,2021-07-01,2021-06-30,Equity-Only Minimum Variance,none,0.0,base,GE,Industrials,0.0,,1.0,0.0,0.0,False,False,False
2021-06-30,2021-07-01,2021-06-30,Equity-Only Minimum Variance,none,0.0,base,GILD,Healthcare,0.0307969765390129,,1.0,0.0307969765390129,0.0307969765390129,False,False,False
2021-06-30,2021-07-01,2021-06-30,Equity-Only Minimum Variance,none,0.0,base,GS,Financials,0.02085930702723,,1.0,0.02085930702723,0.02085930702723,False,False,False
2021-06-30,2021-07-01,2021-06-30,Equity-Only Minimum Variance,none,0.0,base,INTC,Tech,0.0,,1.0,0.0,0.0,False,False,False
2021-06-30,2021-07-01,2021-06-30,Equity-Only Minimum Variance,none,0.0,base,KO,Consumer,0.0,,1.0,0.0,0.0,False,False,False
2021-06-30,2021-07-01,2021-06-30,Equity-Only Minimum Variance,none,0.0,base,MMM,Industrials,0.0946248550675005,,1.0,0.0946248550675005,0.0946248550675005,False,False,False
2021-06-30,2021-07-01,2021-06-30,Equity-Only Minimum Variance,none,0.0,base,MRK,Healthcare,0.1352689317400659,,1.0,0.1352689317400659,0.1352689317400659,False,False,False
2021-06-30,2021-07-01,2021-06-30,Equity-Only Minimum Variance,none,0.0,base,MS,Financials,0.0,,1.0,0.0,0.0,False,False,False
2021-06-30,2021-07-01,2021-06-30,Equity-Only Minimum Variance,none,0.0,base,NEE,Utilities,0.0,,1.0,0.0,0.0,False,False,False
2021-06-30,2021-07-01,2021-06-30,Equity-Only Minimum Variance,none,0.0,base,NEM,Materials,0.0,,1.0,0.0,0.0,False,False,False
2021-06-30,2021-07-01,2021-06-30,Equity-Only Minimum Variance,none,0.0,base,NKE,Consumer,0.0362270944135522,,1.0,0.0362270944135522,0.0362270944135522,False,False,False
2021-06-30,2021-07-01,2021-06-30,Equity-Only Minimum Variance,none,0.0,base,NUE,Materials,0.0,,1.0,0.0,0.0,False,False,False
2021-06-30,2021-07-01,2021-06-30,Equity-Only Minimum Variance,none,0.0,base,NVDA,Tech,0.0,,1.0,0.0,0.0,False,False,False
2021-06-30,2021-07-01,2021-06-30,Equity-Only Minimum Variance,none,0.0,base,O,RealEstate,0.0,,1.0,0.0,0.0,False,False,False
2021-06-30,2021-07-01,2021-06-30,Equity-Only Minimum Variance,none,0.0,base,OXY,Energy,0.0,,1.0,0.0,0.0,False,False,False
2021-06-30,2021-07-01,2021-06-30,Equity-Only Minimum Variance,none,0.0,base,PLD,RealEstate,0.0,,1.0,0.0,0.0,False,False,False
2021-06-30,2021-07-01,2021-06-30,Equity-Only Minimum Variance,none,0.0,base,PSA,RealEstate,0.1044334195979248,,1.0,0.1044334195979248,0.1044334195979248,False,False,False
2021-06-30,2021-07-01,2021-06-30,Equity-Only Minimum Variance,none,0.0,base,QCOM,Tech,0.0,,1.0,0.0,0.0,False,False,False
2021-06-30,2021-07-01,2021-06-30,Equity-Only Minimum Variance,none,0.0,base,SBUX,Consumer,0.021879009874866,,1.0,0.021879009874866,0.021879009874866,False,False,False
2021-06-30,2021-07-01,2021-06-30,Equity-Only Minimum Variance,none,0.0,base,SHW,Materials,0.0,,1.0,0.0,0.0,False,False,False
2021-06-30,2021-07-01,2021-06-30,Equity-Only Minimum Variance,none,0.0,base,SLB,Energy,0.0,,1.0,0.0,0.0,False,False,False
2021-06-30,2021-07-01,2021-06-30,Equity-Only Minimum Variance,none,0.0,base,SO,Utilities,0.0,,1.0,0.0,0.0,False,False,False
2021-06-30,2021-07-01,2021-06-30,Equity-Only Minimum Variance,none,0.0,base,T,Comm,0.1633888674441786,,1.0,0.1633888674441786,0.1633888674441786,False,False,False
2021-06-30,2021-07-01,2021-06-30,Equity-Only Minimum Variance,none,0.0,base,TMUS,Comm,0.0,,1.0,0.0,0.0,False,False,False
2021-06-30,2021-07-01,2021-06-30,Equity-Only Minimum Variance,none,0.0,base,TTWO,Comm,0.0489206367924043,,1.0,0.0489206367924043,0.0489206367924043,False,False,False
2021-06-30,2021-07-01,2021-06-30,Equity-Only Minimum Variance,none,0.0,base,UPS,Industrials,0.0,,1.0,0.0,0.0,False,False,False
2021-06-30,2021-07-01,2021-06-30,Equity-Only Minimum Variance,none,0.0,base,USB,Financials,0.0,,1.0,0.0,0.0,False,False,False
2021-06-30,2021-07-01,2021-06-30,Equity-Only Minimum Variance,none,0.0,base,V,Financials,0.0,,1.0,0.0,0.0,False,False,False
2021-06-30,2021-07-01,2021-06-30,Equity-Only Minimum Variance,none,0.0,base,WFC,Financials,0.0,,1.0,0.0,0.0,False,False,False
2021-06-30,2021-07-01,2021-06-30,Equity-Only Minimum Variance,none,0.0,base,WMT,Consumer,0.1064083875370459,,1.0,0.1064083875370459,0.1064083875370459,False,False,False
2021-06-30,2021-07-01,2021-06-30,Equity-Only Minimum Variance,none,0.0,base,XOM,Energy,0.0,,1.0,0.0,0.0,False,False,False
2021-07-30,2021-08-02,2021-07-30,Equity-Only Minimum Variance,none,0.0,base,ABBV,Healthcare,0.0302894794231026,,1.0,0.0302894794231026,0.0302894794231026,False,False,False
2021-07-30,2021-08-02,2021-07-30,Equity-Only Minimum Variance,none,0.0,base,ABT,Healthcare,0.0098622763648259,,1.0,0.0098622763648259,0.0098622763648259,False,False,False
2021-07-30,2021-08-02,2021-07-30,Equity-Only Minimum Variance,none,0.0,base,ADBE,Tech,0.0,,1.0,0.0,0.0,False,False,False
2021-07-30,2021-08-02,2021-07-30,Equity-Only Minimum Variance,none,0.0,base,AEP,Utilities,0.0852155089045425,,1.0,0.0852155089045425,0.0852155089045425,False,False,False
2021-07-30,2021-08-02,2021-07-30,Equity-Only Minimum Variance,none,0.0,base,AMD,Tech,0.0020044242681656,,1.0,0.0020044242681656,0.0020044242681656,False,False,False
2021-07-30,2021-08-02,2021-07-30,Equity-Only Minimum Variance,none,0.0,base,AMGN,Healthcare,0.0,,1.0,0.0,0.0,False,False,False
2021-07-30,2021-08-02,2021-07-30,Equity-Only Minimum Variance,none,0.0,base,AMT,RealEstate,0.0,,1.0,0.0,0.0,False,False,False
2021-07-30,2021-08-02,2021-07-30,Equity-Only Minimum Variance,none,0.0,base,BA,Industrials,0.0,,1.0,0.0,0.0,False,False,False
2021-07-30,2021-08-02,2021-07-30,Equity-Only Minimum Variance,none,0.0,base,CAT,Industrials,0.0062272941976791,,1.0,0.0062272941976791,0.0062272941976791,False,False,False
2021-07-30,2021-08-02,2021-07-30,Equity-Only Minimum Variance,none,0.0,base,CCI,RealEstate,0.0642109006495531,,1.0,0.0642109006495531,0.0642109006495531,False,False,False
2021-07-30,2021-08-02,2021-07-30,Equity-Only Minimum Variance,none,0.0,base,CMCSA,Comm,0.0,,1.0,0.0,0.0,False,False,False
2021-07-30,2021-08-02,2021-07-30,Equity-Only Minimum Variance,none,0.0,base,COP,Energy,0.0,,1.0,0.0,0.0,False,False,False
2021-07-30,2021-08-02,2021-07-30,Equity-Only Minimum Variance,none,0.0,base,CVX,Energy,0.0,,1.0,0.0,0.0,False,False,False
2021-07-30,2021-08-02,2021-07-30,Equity-Only Minimum Variance,none,0.0,base,D,Utilities,0.0,,1.0,0.0,0.0,False,False,False
2021-07-30,2021-08-02,2021-07-30,Equity-Only Minimum Variance,none,0.0,base,DD,Materials,0.0,,1.0,0.0,0.0,False,False,False
2021-07-30,2021-08-02,2021-07-30,Equity-Only Minimum Variance,none,0.0,base,DIS,Consumer,0.0142350676748554,,1.0,0.0142350676748554,0.0142350676748554,False,False,False
2021-07-30,2021-08-02,2021-07-30,Equity-Only Minimum Variance,none,0.0,base,DOW,Materials,0.0,,1.0,0.0,0.0,False,False,False
2021-07-30,2021-08-02,2021-07-30,Equity-Only Minimum Variance,none,0.0,base,DUK,Utilities,0.0064912635554812,,1.0,0.0064912635554812,0.0064912635554812,False,False,False
2021-07-30,2021-08-02,2021-07-30,Equity-Only Minimum Variance,none,0.0,base,EA,Comm,0.0230619349729838,,1.0,0.0230619349729838,0.0230619349729838,False,False,False
2021-07-30,2021-08-02,2021-07-30,Equity-Only Minimum Variance,none,0.0,base,GE,Industrials,0.0,,1.0,0.0,0.0,False,False,False
2021-07-30,2021-08-02,2021-07-30,Equity-Only Minimum Variance,none,0.0,base,GILD,Healthcare,0.0249322728278246,,1.0,0.0249322728278246,0.0249322728278246,False,False,False
2021-07-30,2021-08-02,2021-07-30,Equity-Only Minimum Variance,none,0.0,base,GS,Financials,0.0225218284228843,,1.0,0.0225218284228843,0.0225218284228843,False,False,False
2021-07-30,2021-08-02,2021-07-30,Equity-Only Minimum Variance,none,0.0,base,INTC,Tech,0.0,,1.0,0.0,0.0,False,False,False
2021-07-30,2021-08-02,2021-07-30,Equity-Only Minimum Variance,none,0.0,base,KO,Consumer,0.0,,1.0,0.0,0.0,False,False,False
2021-07-30,2021-08-02,2021-07-30,Equity-Only Minimum Variance,none,0.0,base,MMM,Industrials,0.0818895344678883,,1.0,0.0818895344678883,0.0818895344678883,False,False,False
2021-07-30,2021-08-02,2021-07-30,Equity-Only Minimum Variance,none,0.0,base,MRK,Healthcare,0.1440500633934673,,1.0,0.1440500633934673,0.1440500633934673,False,False,False
2021-07-30,2021-08-02,2021-07-30,Equity-Only Minimum Variance,none,0.0,base,MS,Financials,0.0,,1.0,0.0,0.0,False,False,False
2021-07-30,2021-08-02,2021-07-30,Equity-Only Minimum Variance,none,0.0,base,NEE,Utilities,0.0,,1.0,0.0,0.0,False,False,False
2021-07-30,2021-08-02,2021-07-30,Equity-Only Minimum Variance,none,0.0,base,NEM,Materials,0.0,,1.0,0.0,0.0,False,False,False
2021-07-30,2021-08-02,2021-07-30,Equity-Only Minimum Variance,none,0.0,base,NKE,Consumer,0.0332379346270086,,1.0,0.0332379346270086,0.0332379346270086,False,False,False
2021-07-30,2021-08-02,2021-07-30,Equity-Only Minimum Variance,none,0.0,base,NUE,Materials,0.0,,1.0,0.0,0.0,False,False,False
2021-07-30,2021-08-02,2021-07-30,Equity-Only Minimum Variance,none,0.0,base,NVDA,Tech,0.0,,1.0,0.0,0.0,False,False,False
2021-07-30,2021-08-02,2021-07-30,Equity-Only Minimum Variance,none,0.0,base,O,RealEstate,0.0,,1.0,0.0,0.0,False,False,False
2021-07-30,2021-08-02,2021-07-30,Equity-Only Minimum Variance,none,0.0,base,OXY,Energy,0.0,,1.0,0.0,0.0,False,False,False
2021-07-30,2021-08-02,2021-07-30,Equity-Only Minimum Variance,none,0.0,base,PLD,RealEstate,0.0,,1.0,0.0,0.0,False,False,False
2021-07-30,2021-08-02,2021-07-30,Equity-Only Minimum Variance,none,0.0,base,PSA,RealEstate,0.1056961751653189,,1.0,0.1056961751653189,0.1056961751653189,False,False,False
2021-07-30,2021-08-02,2021-07-30,Equity-Only Minimum Variance,none,0.0,base,QCOM,Tech,0.0,,1.0,0.0,0.0,False,False,False
2021-07-30,2021-08-02,2021-07-30,Equity-Only Minimum Variance,none,0.0,base,SBUX,Consumer,0.0143721802037846,,1.0,0.0143721802037846,0.0143721802037846,False,False,False
2021-07-30,2021-08-02,2021-07-30,Equity-Only Minimum Variance,none,0.0,base,SHW,Materials,0.0,,1.0,0.0,0.0,False,False,False
2021-07-30,2021-08-02,2021-07-30,Equity-Only Minimum Variance,none,0.0,base,SLB,Energy,0.0,,1.0,0.0,0.0,False,False,False
2021-07-30,2021-08-02,2021-07-30,Equity-Only Minimum Variance,none,0.0,base,SO,Utilities,0.0,,1.0,0.0,0.0,False,False,False
2021-07-30,2021-08-02,2021-07-30,Equity-Only Minimum Variance,none,0.0,base,T,Comm,0.1640313663615,,1.0,0.1640313663615,0.1640313663615,False,False,False
2021-07-30,2021-08-02,2021-07-30,Equity-Only Minimum Variance,none,0.0,base,TMUS,Comm,0.0,,1.0,0.0,0.0,False,False,False
2021-07-30,2021-08-02,2021-07-30,Equity-Only Minimum Variance,none,0.0,base,TTWO,Comm,0.0564633437790303,,1.0,0.0564633437790303,0.0564633437790303,False,False,False
2021-07-30,2021-08-02,2021-07-30,Equity-Only Minimum Variance,none,0.0,base,UPS,Industrials,0.0,,1.0,0.0,0.0,False,False,False
2021-07-30,2021-08-02,2021-07-30,Equity-Only Minimum Variance,none,0.0,base,USB,Financials,0.0,,1.0,0.0,0.0,False,False,False
2021-07-30,2021-08-02,2021-07-30,Equity-Only Minimum Variance,none,0.0,base,V,Financials,0.0,,1.0,0.0,0.0,False,False,False
2021-07-30,2021-08-02,2021-07-30,Equity-Only Minimum Variance,none,0.0,base,WFC,Financials,0.0,,1.0,0.0,0.0,False,False,False
2021-07-30,2021-08-02,2021-07-30,Equity-Only Minimum Variance,none,0.0,base,WMT,Consumer,0.1112071507401031,,1.0,0.1112071507401031,0.1112071507401031,False,False,False
2021-07-30,2021-08-02,2021-07-30,Equity-Only Minimum Variance,none,0.0,base,XOM,Energy,0.0,,1.0,0.0,0.0,False,False,False
2021-08-31,2021-09-01,2021-08-31,Equity-Only Minimum Variance,none,0.0,base,ABBV,Healthcare,0.0199971678899776,,1.0,0.0199971678899776,0.0199971678899776,False,False,False
2021-08-31,2021-09-01,2021-08-31,Equity-Only Minimum Variance,none,0.0,base,ABT,Healthcare,0.0116915704336451,,1.0,0.0116915704336451,0.0116915704336451,False,False,False
2021-08-31,2021-09-01,2021-08-31,Equity-Only Minimum Variance,none,0.0,base,ADBE,Tech,0.0,,1.0,0.0,0.0,False,False,False
2021-08-31,2021-09-01,2021-08-31,Equity-Only Minimum Variance,none,0.0,base,AEP,Utilities,0.0959056322752661,,1.0,0.0959056322752661,0.0959056322752661,False,False,False
2021-08-31,2021-09-01,2021-08-31,Equity-Only Minimum Variance,none,0.0,base,AMD,Tech,0.0110824591519192,,1.0,0.0110824591519192,0.0110824591519192,False,False,False
2021-08-31,2021-09-01,2021-08-31,Equity-Only Minimum Variance,none,0.0,base,AMGN,Healthcare,0.0,,1.0,0.0,0.0,False,False,False
2021-08-31,2021-09-01,2021-08-31,Equity-Only Minimum Variance,none,0.0,base,AMT,RealEstate,0.0,,1.0,0.0,0.0,False,False,False
2021-08-31,2021-09-01,2021-08-31,Equity-Only Minimum Variance,none,0.0,base,BA,Industrials,0.0,,1.0,0.0,0.0,False,False,False
2021-08-31,2021-09-01,2021-08-31,Equity-Only Minimum Variance,none,0.0,base,CAT,Industrials,0.0039966898508759,,1.0,0.0039966898508759,0.0039966898508759,False,False,False
2021-08-31,2021-09-01,2021-08-31,Equity-Only Minimum Variance,none,0.0,base,CCI,RealEstate,0.0686842857449769,,1.0,0.0686842857449769,0.0686842857449769,False,False,False
2021-08-31,2021-09-01,2021-08-31,Equity-Only Minimum Variance,none,0.0,base,CMCSA,Comm,0.0,,1.0,0.0,0.0,False,False,False
2021-08-31,2021-09-01,2021-08-31,Equity-Only Minimum Variance,none,0.0,base,COP,Energy,0.0,,1.0,0.0,0.0,False,False,False
2021-08-31,2021-09-01,2021-08-31,Equity-Only Minimum Variance,none,0.0,base,CVX,Energy,0.0,,1.0,0.0,0.0,False,False,False
2021-08-31,2021-09-01,2021-08-31,Equity-Only Minimum Variance,none,0.0,base,D,Utilities,0.0,,1.0,0.0,0.0,False,False,False
2021-08-31,2021-09-01,2021-08-31,Equity-Only Minimum Variance,none,0.0,base,DD,Materials,0.0,,1.0,0.0,0.0,False,False,False
2021-08-31,2021-09-01,2021-08-31,Equity-Only Minimum Variance,none,0.0,base,DIS,Consumer,0.0137355096565371,,1.0,0.0137355096565371,0.0137355096565371,False,False,False
2021-08-31,2021-09-01,2021-08-31,Equity-Only Minimum Variance,none,0.0,base,DOW,Materials,0.0,,1.0,0.0,0.0,False,False,False
2021-08-31,2021-09-01,2021-08-31,Equity-Only Minimum Variance,none,0.0,base,DUK,Utilities,0.0042038941946994,,1.0,0.0042038941946994,0.0042038941946994,False,False,False
2021-08-31,2021-09-01,2021-08-31,Equity-Only Minimum Variance,none,0.0,base,EA,Comm,0.0225627937633812,,1.0,0.0225627937633812,0.0225627937633812,False,False,False
2021-08-31,2021-09-01,2021-08-31,Equity-Only Minimum Variance,none,0.0,base,GE,Industrials,0.0,,1.0,0.0,0.0,False,False,False
2021-08-31,2021-09-01,2021-08-31,Equity-Only Minimum Variance,none,0.0,base,GILD,Healthcare,0.018856497737353,,1.0,0.018856497737353,0.018856497737353,False,False,False
2021-08-31,2021-09-01,2021-08-31,Equity-Only Minimum Variance,none,0.0,base,GS,Financials,0.0312115256627881,,1.0,0.0312115256627881,0.0312115256627881,False,False,False
2021-08-31,2021-09-01,2021-08-31,Equity-Only Minimum Variance,none,0.0,base,INTC,Tech,0.0,,1.0,0.0,0.0,False,False,False
2021-08-31,2021-09-01,2021-08-31,Equity-Only Minimum Variance,none,0.0,base,KO,Consumer,0.0,,1.0,0.0,0.0,False,False,False
2021-08-31,2021-09-01,2021-08-31,Equity-Only Minimum Variance,none,0.0,base,MMM,Industrials,0.0744614076026957,,1.0,0.0744614076026957,0.0744614076026957,False,False,False
2021-08-31,2021-09-01,2021-08-31,Equity-Only Minimum Variance,none,0.0,base,MRK,Healthcare,0.1303700340531618,,1.0,0.1303700340531618,0.1303700340531618,False,False,False
2021-08-31,2021-09-01,2021-08-31,Equity-Only Minimum Variance,none,0.0,base,MS,Financials,0.0,,1.0,0.0,0.0,False,False,False
2021-08-31,2021-09-01,2021-08-31,Equity-Only Minimum Variance,none,0.0,base,NEE,Utilities,0.0,,1.0,0.0,0.0,False,False,False
2021-08-31,2021-09-01,2021-08-31,Equity-Only Minimum Variance,none,0.0,base,NEM,Materials,0.0,,1.0,0.0,0.0,False,False,False
2021-08-31,2021-09-01,2021-08-31,Equity-Only Minimum Variance,none,0.0,base,NKE,Consumer,0.029204023102968,,1.0,0.029204023102968,0.029204023102968,False,False,False
2021-08-31,2021-09-01,2021-08-31,Equity-Only Minimum Variance,none,0.0,base,NUE,Materials,0.0,,1.0,0.0,0.0,False,False,False
2021-08-31,2021-09-01,2021-08-31,Equity-Only Minimum Variance,none,0.0,base,NVDA,Tech,0.0,,1.0,0.0,0.0,False,False,False
2021-08-31,2021-09-01,2021-08-31,Equity-Only Minimum Variance,none,0.0,base,O,RealEstate,0.0,,1.0,0.0,0.0,False,False,False
2021-08-31,2021-09-01,2021-08-31,Equity-Only Minimum Variance,none,0.0,base,OXY,Energy,0.0,,1.0,0.0,0.0,False,False,False
2021-08-31,2021-09-01,2021-08-31,Equity-Only Minimum Variance,none,0.0,base,PLD,RealEstate,0.0,,1.0,0.0,0.0,False,False,False
2021-08-31,2021-09-01,2021-08-31,Equity-Only Minimum Variance,none,0.0,base,PSA,RealEstate,0.1167933989955748,,1.0,0.1167933989955748,0.1167933989955748,False,False,False
2021-08-31,2021-09-01,2021-08-31,Equity-Only Minimum Variance,none,0.0,base,QCOM,Tech,0.0,,1.0,0.0,0.0,False,False,False
2021-08-31,2021-09-01,2021-08-31,Equity-Only Minimum Variance,none,0.0,base,SBUX,Consumer,0.0039457607964735,,1.0,0.0039457607964735,0.0039457607964735,False,False,False
2021-08-31,2021-09-01,2021-08-31,Equity-Only Minimum Variance,none,0.0,base,SHW,Materials,0.0,,1.0,0.0,0.0,False,False,False
2021-08-31,2021-09-01,2021-08-31,Equity-Only Minimum Variance,none,0.0,base,SLB,Energy,0.0,,1.0,0.0,0.0,False,False,False
2021-08-31,2021-09-01,2021-08-31,Equity-Only Minimum Variance,none,0.0,base,SO,Utilities,0.0,,1.0,0.0,0.0,False,False,False
2021-08-31,2021-09-01,2021-08-31,Equity-Only Minimum Variance,none,0.0,base,T,Comm,0.1632762401766339,,1.0,0.1632762401766339,0.1632762401766339,False,False,False
2021-08-31,2021-09-01,2021-08-31,Equity-Only Minimum Variance,none,0.0,base,TMUS,Comm,0.0,,1.0,0.0,0.0,False,False,False
2021-08-31,2021-09-01,2021-08-31,Equity-Only Minimum Variance,none,0.0,base,TTWO,Comm,0.056750064193054,,1.0,0.056750064193054,0.056750064193054,False,False,False
2021-08-31,2021-09-01,2021-08-31,Equity-Only Minimum Variance,none,0.0,base,UPS,Industrials,0.0,,1.0,0.0,0.0,False,False,False
2021-08-31,2021-09-01,2021-08-31,Equity-Only Minimum Variance,none,0.0,base,USB,Financials,0.0,,1.0,0.0,0.0,False,False,False
2021-08-31,2021-09-01,2021-08-31,Equity-Only Minimum Variance,none,0.0,base,V,Financials,0.0,,1.0,0.0,0.0,False,False,False
2021-08-31,2021-09-01,2021-08-31,Equity-Only Minimum Variance,none,0.0,base,WFC,Financials,0.0,,1.0,0.0,0.0,False,False,False
2021-08-31,2021-09-01,2021-08-31,Equity-Only Minimum Variance,none,0.0,base,WMT,Consumer,0.1232710447180178,,1.0,0.1232710447180178,0.1232710447180178,False,False,False
2021-08-31,2021-09-01,2021-08-31,Equity-Only Minimum Variance,none,0.0,base,XOM,Energy,0.0,,1.0,0.0,0.0,False,False,False
2021-09-30,2021-10-01,2021-09-30,Equity-Only Minimum Variance,none,0.0,base,ABBV,Healthcare,0.0,,1.0,0.0,0.0,False,False,False
2021-09-30,2021-10-01,2021-09-30,Equity-Only Minimum Variance,none,0.0,base,ABT,Healthcare,0.033425394216203,,1.0,0.033425394216203,0.033425394216203,False,False,False
2021-09-30,2021-10-01,2021-09-30,Equity-Only Minimum Variance,none,0.0,base,ADBE,Tech,0.0,,1.0,0.0,0.0,False,False,False
2021-09-30,2021-10-01,2021-09-30,Equity-Only Minimum Variance,none,0.0,base,AEP,Utilities,0.0542110323973484,,1.0,0.0542110323973484,0.0542110323973484,False,False,False
2021-09-30,2021-10-01,2021-09-30,Equity-Only Minimum Variance,none,0.0,base,AMD,Tech,0.019672530720967,,1.0,0.019672530720967,0.019672530720967,False,False,False
2021-09-30,2021-10-01,2021-09-30,Equity-Only Minimum Variance,none,0.0,base,AMGN,Healthcare,0.0,,1.0,0.0,0.0,False,False,False
2021-09-30,2021-10-01,2021-09-30,Equity-Only Minimum Variance,none,0.0,base,AMT,RealEstate,0.0,,1.0,0.0,0.0,False,False,False
2021-09-30,2021-10-01,2021-09-30,Equity-Only Minimum Variance,none,0.0,base,BA,Industrials,0.0,,1.0,0.0,0.0,False,False,False
2021-09-30,2021-10-01,2021-09-30,Equity-Only Minimum Variance,none,0.0,base,CAT,Industrials,0.0,,1.0,0.0,0.0,False,False,False
2021-09-30,2021-10-01,2021-09-30,Equity-Only Minimum Variance,none,0.0,base,CCI,RealEstate,0.0910151319725666,,1.0,0.0910151319725666,0.0910151319725666,False,False,False
2021-09-30,2021-10-01,2021-09-30,Equity-Only Minimum Variance,none,0.0,base,CMCSA,Comm,0.0,,1.0,0.0,0.0,False,False,False
2021-09-30,2021-10-01,2021-09-30,Equity-Only Minimum Variance,none,0.0,base,COP,Energy,0.0,,1.0,0.0,0.0,False,False,False
2021-09-30,2021-10-01,2021-09-30,Equity-Only Minimum Variance,none,0.0,base,CVX,Energy,0.0,,1.0,0.0,0.0,False,False,False
2021-09-30,2021-10-01,2021-09-30,Equity-Only Minimum Variance,none,0.0,base,D,Utilities,0.0,,1.0,0.0,0.0,False,False,False
2021-09-30,2021-10-01,2021-09-30,Equity-Only Minimum Variance,none,0.0,base,DD,Materials,0.0008496734161272,,1.0,0.0008496734161272,0.0008496734161272,False,False,False
2021-09-30,2021-10-01,2021-09-30,Equity-Only Minimum Variance,none,0.0,base,DIS,Consumer,0.0075360199163675,,1.0,0.0075360199163675,0.0075360199163675,False,False,False
2021-09-30,2021-10-01,2021-09-30,Equity-Only Minimum Variance,none,0.0,base,DOW,Materials,0.0,,1.0,0.0,0.0,False,False,False
2021-09-30,2021-10-01,2021-09-30,Equity-Only Minimum Variance,none,0.0,base,DUK,Utilities,0.0435444554067294,,1.0,0.0435444554067294,0.0435444554067294,False,False,False
2021-09-30,2021-10-01,2021-09-30,Equity-Only Minimum Variance,none,0.0,base,EA,Comm,0.0454980741942913,,1.0,0.0454980741942913,0.0454980741942913,False,False,False
2021-09-30,2021-10-01,2021-09-30,Equity-Only Minimum Variance,none,0.0,base,GE,Industrials,0.0,,1.0,0.0,0.0,False,False,False
2021-09-30,2021-10-01,2021-09-30,Equity-Only Minimum Variance,none,0.0,base,GILD,Healthcare,0.0062428576135706,,1.0,0.0062428576135706,0.0062428576135706,False,False,False
2021-09-30,2021-10-01,2021-09-30,Equity-Only Minimum Variance,none,0.0,base,GS,Financials,0.0441504020741525,,1.0,0.0441504020741525,0.0441504020741525,False,False,False
2021-09-30,2021-10-01,2021-09-30,Equity-Only Minimum Variance,none,0.0,base,INTC,Tech,0.0020573316895507,,1.0,0.0020573316895507,0.0020573316895507,False,False,False
2021-09-30,2021-10-01,2021-09-30,Equity-Only Minimum Variance,none,0.0,base,KO,Consumer,0.0,,1.0,0.0,0.0,False,False,False
2021-09-30,2021-10-01,2021-09-30,Equity-Only Minimum Variance,none,0.0,base,MMM,Industrials,0.0828614343878076,,1.0,0.0828614343878076,0.0828614343878076,False,False,False
2021-09-30,2021-10-01,2021-09-30,Equity-Only Minimum Variance,none,0.0,base,MRK,Healthcare,0.1459564852602756,,1.0,0.1459564852602756,0.1459564852602756,False,False,False
2021-09-30,2021-10-01,2021-09-30,Equity-Only Minimum Variance,none,0.0,base,MS,Financials,0.0,,1.0,0.0,0.0,False,False,False
2021-09-30,2021-10-01,2021-09-30,Equity-Only Minimum Variance,none,0.0,base,NEE,Utilities,0.0,,1.0,0.0,0.0,False,False,False
2021-09-30,2021-10-01,2021-09-30,Equity-Only Minimum Variance,none,0.0,base,NEM,Materials,0.0,,1.0,0.0,0.0,False,False,False
2021-09-30,2021-10-01,2021-09-30,Equity-Only Minimum Variance,none,0.0,base,NKE,Consumer,0.0,,1.0,0.0,0.0,False,False,False
2021-09-30,2021-10-01,2021-09-30,Equity-Only Minimum Variance,none,0.0,base,NUE,Materials,0.0,,1.0,0.0,0.0,False,False,False
2021-09-30,2021-10-01,2021-09-30,Equity-Only Minimum Variance,none,0.0,base,NVDA,Tech,0.0,,1.0,0.0,0.0,False,False,False
2021-09-30,2021-10-01,2021-09-30,Equity-Only Minimum Variance,none,0.0,base,O,RealEstate,0.0,,1.0,0.0,0.0,False,False,False
2021-09-30,2021-10-01,2021-09-30,Equity-Only Minimum Variance,none,0.0,base,OXY,Energy,0.0025336662875486,,1.0,0.0025336662875486,0.0025336662875486,False,False,False
2021-09-30,2021-10-01,2021-09-30,Equity-Only Minimum Variance,none,0.0,base,PLD,RealEstate,0.0,,1.0,0.0,0.0,False,False,False
2021-09-30,2021-10-01,2021-09-30,Equity-Only Minimum Variance,none,0.0,base,PSA,RealEstate,0.0944486900928313,,1.0,0.0944486900928313,0.0944486900928313,False,False,False
2021-09-30,2021-10-01,2021-09-30,Equity-Only Minimum Variance,none,0.0,base,QCOM,Tech,0.0,,1.0,0.0,0.0,False,False,False
2021-09-30,2021-10-01,2021-09-30,Equity-Only Minimum Variance,none,0.0,base,SBUX,Consumer,0.0203326182579434,,1.0,0.0203326182579434,0.0203326182579434,False,False,False
2021-09-30,2021-10-01,2021-09-30,Equity-Only Minimum Variance,none,0.0,base,SHW,Materials,0.0,,1.0,0.0,0.0,False,False,False
2021-09-30,2021-10-01,2021-09-30,Equity-Only Minimum Variance,none,0.0,base,SLB,Energy,0.0019817726502436,,1.0,0.0019817726502436,0.0019817726502436,False,False,False
2021-09-30,2021-10-01,2021-09-30,Equity-Only Minimum Variance,none,0.0,base,SO,Utilities,0.0,,1.0,0.0,0.0,False,False,False
2021-09-30,2021-10-01,2021-09-30,Equity-Only Minimum Variance,none,0.0,base,T,Comm,0.1346715392332834,,1.0,0.1346715392332834,0.1346715392332834,False,False,False
2021-09-30,2021-10-01,2021-09-30,Equity-Only Minimum Variance,none,0.0,base,TMUS,Comm,0.0,,1.0,0.0,0.0,False,False,False
2021-09-30,2021-10-01,2021-09-30,Equity-Only Minimum Variance,none,0.0,base,TTWO,Comm,0.0405884623005616,,1.0,0.0405884623005616,0.0405884623005616,False,False,False
2021-09-30,2021-10-01,2021-09-30,Equity-Only Minimum Variance,none,0.0,base,UPS,Industrials,0.0,,1.0,0.0,0.0,False,False,False
2021-09-30,2021-10-01,2021-09-30,Equity-Only Minimum Variance,none,0.0,base,USB,Financials,0.0,,1.0,0.0,0.0,False,False,False
2021-09-30,2021-10-01,2021-09-30,Equity-Only Minimum Variance,none,0.0,base,V,Financials,0.0,,1.0,0.0,0.0,False,False,False
2021-09-30,2021-10-01,2021-09-30,Equity-Only Minimum Variance,none,0.0,base,WFC,Financials,0.0,,1.0,0.0,0.0,False,False,False
2021-09-30,2021-10-01,2021-09-30,Equity-Only Minimum Variance,none,0.0,base,WMT,Consumer,0.1284224279116296,,1.0,0.1284224279116296,0.1284224279116296,False,False,False
2021-09-30,2021-10-01,2021-09-30,Equity-Only Minimum Variance,none,0.0,base,XOM,Energy,0.0,,1.0,0.0,0.0,False,False,False
2021-10-29,2021-11-01,2021-10-29,Equity-Only Minimum Variance,none,0.0,base,ABBV,Healthcare,0.0159367332953659,,1.0,0.0159367332953659,0.0159367332953659,False,False,False
2021-10-29,2021-11-01,2021-10-29,Equity-Only Minimum Variance,none,0.0,base,ABT,Healthcare,0.0557590411367918,,1.0,0.0557590411367918,0.0557590411367918,False,False,False
2021-10-29,2021-11-01,2021-10-29,Equity-Only Minimum Variance,none,0.0,base,ADBE,Tech,0.0,,1.0,0.0,0.0,False,False,False
2021-10-29,2021-11-01,2021-10-29,Equity-Only Minimum Variance,none,0.0,base,AEP,Utilities,0.047988446267618,,1.0,0.047988446267618,0.047988446267618,False,False,False
2021-10-29,2021-11-01,2021-10-29,Equity-Only Minimum Variance,none,0.0,base,AMD,Tech,0.0352516442538997,,1.0,0.0352516442538997,0.0352516442538997,False,False,False
2021-10-29,2021-11-01,2021-10-29,Equity-Only Minimum Variance,none,0.0,base,AMGN,Healthcare,0.0,,1.0,0.0,0.0,False,False,False
2021-10-29,2021-11-01,2021-10-29,Equity-Only Minimum Variance,none,0.0,base,AMT,RealEstate,0.0,,1.0,0.0,0.0,False,False,False
2021-10-29,2021-11-01,2021-10-29,Equity-Only Minimum Variance,none,0.0,base,BA,Industrials,0.0,,1.0,0.0,0.0,False,False,False
2021-10-29,2021-11-01,2021-10-29,Equity-Only Minimum Variance,none,0.0,base,CAT,Industrials,0.0,,1.0,0.0,0.0,False,False,False
2021-10-29,2021-11-01,2021-10-29,Equity-Only Minimum Variance,none,0.0,base,CCI,RealEstate,0.0553923039672434,,1.0,0.0553923039672434,0.0553923039672434,False,False,False
2021-10-29,2021-11-01,2021-10-29,Equity-Only Minimum Variance,none,0.0,base,CMCSA,Comm,0.0,,1.0,0.0,0.0,False,False,False
2021-10-29,2021-11-01,2021-10-29,Equity-Only Minimum Variance,none,0.0,base,COP,Energy,0.0004929559006653,,1.0,0.0004929559006653,0.0004929559006653,False,False,False
2021-10-29,2021-11-01,2021-10-29,Equity-Only Minimum Variance,none,0.0,base,CVX,Energy,0.0,,1.0,0.0,0.0,False,False,False
2021-10-29,2021-11-01,2021-10-29,Equity-Only Minimum Variance,none,0.0,base,D,Utilities,0.0,,1.0,0.0,0.0,False,False,False
2021-10-29,2021-11-01,2021-10-29,Equity-Only Minimum Variance,none,0.0,base,DD,Materials,0.0,,1.0,0.0,0.0,False,False,False
2021-10-29,2021-11-01,2021-10-29,Equity-Only Minimum Variance,none,0.0,base,DIS,Consumer,0.0,,1.0,0.0,0.0,False,False,False
2021-10-29,2021-11-01,2021-10-29,Equity-Only Minimum Variance,none,0.0,base,DOW,Materials,0.0,,1.0,0.0,0.0,False,False,False
2021-10-29,2021-11-01,2021-10-29,Equity-Only Minimum Variance,none,0.0,base,DUK,Utilities,0.0532034114297078,,1.0,0.0532034114297078,0.0532034114297078,False,False,False
2021-10-29,2021-11-01,2021-10-29,Equity-Only Minimum Variance,none,0.0,base,EA,Comm,0.0526690453746588,,1.0,0.0526690453746588,0.0526690453746588,False,False,False
2021-10-29,2021-11-01,2021-10-29,Equity-Only Minimum Variance,none,0.0,base,GE,Industrials,0.0,,1.0,0.0,0.0,False,False,False
2021-10-29,2021-11-01,2021-10-29,Equity-Only Minimum Variance,none,0.0,base,GILD,Healthcare,0.0449847905517366,,1.0,0.0449847905517366,0.0449847905517366,False,False,False
2021-10-29,2021-11-01,2021-10-29,Equity-Only Minimum Variance,none,0.0,base,GS,Financials,0.0629529589257063,,1.0,0.0629529589257063,0.0629529589257063,False,False,False
2021-10-29,2021-11-01,2021-10-29,Equity-Only Minimum Variance,none,0.0,base,INTC,Tech,7.130629310274483e-05,,1.0,7.130629310274483e-05,7.130629310274483e-05,False,False,False
2021-10-29,2021-11-01,2021-10-29,Equity-Only Minimum Variance,none,0.0,base,KO,Consumer,0.0652291196592165,,1.0,0.0652291196592165,0.0652291196592165,False,False,False
2021-10-29,2021-11-01,2021-10-29,Equity-Only Minimum Variance,none,0.0,base,MMM,Industrials,0.0631881698962787,,1.0,0.0631881698962787,0.0631881698962787,False,False,False
2021-10-29,2021-11-01,2021-10-29,Equity-Only Minimum Variance,none,0.0,base,MRK,Healthcare,0.0729788230855259,,1.0,0.0729788230855259,0.0729788230855259,False,False,False
2021-10-29,2021-11-01,2021-10-29,Equity-Only Minimum Variance,none,0.0,base,MS,Financials,0.0,,1.0,0.0,0.0,False,False,False
2021-10-29,2021-11-01,2021-10-29,Equity-Only Minimum Variance,none,0.0,base,NEE,Utilities,0.0,,1.0,0.0,0.0,False,False,False
2021-10-29,2021-11-01,2021-10-29,Equity-Only Minimum Variance,none,0.0,base,NEM,Materials,0.0012070375064333,,1.0,0.0012070375064333,0.0012070375064333,False,False,False
2021-10-29,2021-11-01,2021-10-29,Equity-Only Minimum Variance,none,0.0,base,NKE,Consumer,0.0,,1.0,0.0,0.0,False,False,False
2021-10-29,2021-11-01,2021-10-29,Equity-Only Minimum Variance,none,0.0,base,NUE,Materials,0.0,,1.0,0.0,0.0,False,False,False
2021-10-29,2021-11-01,2021-10-29,Equity-Only Minimum Variance,none,0.0,base,NVDA,Tech,0.0,,1.0,0.0,0.0,False,False,False
2021-10-29,2021-11-01,2021-10-29,Equity-Only Minimum Variance,none,0.0,base,O,RealEstate,0.0,,1.0,0.0,0.0,False,False,False
2021-10-29,2021-11-01,2021-10-29,Equity-Only Minimum Variance,none,0.0,base,OXY,Energy,0.0043456929045424,,1.0,0.0043456929045424,0.0043456929045424,False,False,False
2021-10-29,2021-11-01,2021-10-29,Equity-Only Minimum Variance,none,0.0,base,PLD,RealEstate,0.0,,1.0,0.0,0.0,False,False,False
2021-10-29,2021-11-01,2021-10-29,Equity-Only Minimum Variance,none,0.0,base,PSA,RealEstate,0.1025345362618677,,1.0,0.1025345362618677,0.1025345362618677,False,False,False
2021-10-29,2021-11-01,2021-10-29,Equity-Only Minimum Variance,none,0.0,base,QCOM,Tech,0.0,,1.0,0.0,0.0,False,False,False
2021-10-29,2021-11-01,2021-10-29,Equity-Only Minimum Variance,none,0.0,base,SBUX,Consumer,0.0129599856959429,,1.0,0.0129599856959429,0.0129599856959429,False,False,False
2021-10-29,2021-11-01,2021-10-29,Equity-Only Minimum Variance,none,0.0,base,SHW,Materials,0.0,,1.0,0.0,0.0,False,False,False
2021-10-29,2021-11-01,2021-10-29,Equity-Only Minimum Variance,none,0.0,base,SLB,Energy,0.0,,1.0,0.0,0.0,False,False,False
2021-10-29,2021-11-01,2021-10-29,Equity-Only Minimum Variance,none,0.0,base,SO,Utilities,0.0,,1.0,0.0,0.0,False,False,False
2021-10-29,2021-11-01,2021-10-29,Equity-Only Minimum Variance,none,0.0,base,T,Comm,0.1105291817066741,,1.0,0.1105291817066741,0.1105291817066741,False,False,False
2021-10-29,2021-11-01,2021-10-29,Equity-Only Minimum Variance,none,0.0,base,TMUS,Comm,0.0008574545350995,,1.0,0.0008574545350995,0.0008574545350995,False,False,False
2021-10-29,2021-11-01,2021-10-29,Equity-Only Minimum Variance,none,0.0,base,TTWO,Comm,0.0269457869058212,,1.0,0.0269457869058212,0.0269457869058212,False,False,False
2021-10-29,2021-11-01,2021-10-29,Equity-Only Minimum Variance,none,0.0,base,UPS,Industrials,0.0076203147750571,,1.0,0.0076203147750571,0.0076203147750571,False,False,False
2021-10-29,2021-11-01,2021-10-29,Equity-Only Minimum Variance,none,0.0,base,USB,Financials,0.0,,1.0,0.0,0.0,False,False,False
2021-10-29,2021-11-01,2021-10-29,Equity-Only Minimum Variance,none,0.0,base,V,Financials,0.0,,1.0,0.0,0.0,False,False,False
2021-10-29,2021-11-01,2021-10-29,Equity-Only Minimum Variance,none,0.0,base,WFC,Financials,0.0,,1.0,0.0,0.0,False,False,False
2021-10-29,2021-11-01,2021-10-29,Equity-Only Minimum Variance,none,0.0,base,WMT,Consumer,0.1069012596710434,,1.0,0.1069012596710434,0.1069012596710434,False,False,False
2021-10-29,2021-11-01,2021-10-29,Equity-Only Minimum Variance,none,0.0,base,XOM,Energy,0.0,,1.0,0.0,0.0,False,False,False
2021-11-30,2021-12-01,2021-11-30,Equity-Only Minimum Variance,none,0.0,base,ABBV,Healthcare,0.0311919914485535,,1.0,0.0311919914485535,0.0311919914485535,False,False,False
2021-11-30,2021-12-01,2021-11-30,Equity-Only Minimum Variance,none,0.0,base,ABT,Healthcare,0.0781962047670666,,1.0,0.0781962047670666,0.0781962047670666,False,False,False
2021-11-30,2021-12-01,2021-11-30,Equity-Only Minimum Variance,none,0.0,base,ADBE,Tech,0.0,,1.0,0.0,0.0,False,False,False
2021-11-30,2021-12-01,2021-11-30,Equity-Only Minimum Variance,none,0.0,base,AEP,Utilities,0.0564457337643357,,1.0,0.0564457337643357,0.0564457337643357,False,False,False
2021-11-30,2021-12-01,2021-11-30,Equity-Only Minimum Variance,none,0.0,base,AMD,Tech,0.025591075105492,,1.0,0.025591075105492,0.025591075105492,False,False,False
2021-11-30,2021-12-01,2021-11-30,Equity-Only Minimum Variance,none,0.0,base,AMGN,Healthcare,0.0,,1.0,0.0,0.0,False,False,False
2021-11-30,2021-12-01,2021-11-30,Equity-Only Minimum Variance,none,0.0,base,AMT,RealEstate,0.0,,1.0,0.0,0.0,False,False,False
2021-11-30,2021-12-01,2021-11-30,Equity-Only Minimum Variance,none,0.0,base,BA,Industrials,0.0,,1.0,0.0,0.0,False,False,False
2021-11-30,2021-12-01,2021-11-30,Equity-Only Minimum Variance,none,0.0,base,CAT,Industrials,0.0,,1.0,0.0,0.0,False,False,False
2021-11-30,2021-12-01,2021-11-30,Equity-Only Minimum Variance,none,0.0,base,CCI,RealEstate,0.0004490117140403,,1.0,0.0004490117140403,0.0004490117140403,False,False,False
2021-11-30,2021-12-01,2021-11-30,Equity-Only Minimum Variance,none,0.0,base,CMCSA,Comm,0.0,,1.0,0.0,0.0,False,False,False
2021-11-30,2021-12-01,2021-11-30,Equity-Only Minimum Variance,none,0.0,base,COP,Energy,0.0119289067124564,,1.0,0.0119289067124564,0.0119289067124564,False,False,False
2021-11-30,2021-12-01,2021-11-30,Equity-Only Minimum Variance,none,0.0,base,CVX,Energy,0.0143728844133682,,1.0,0.0143728844133682,0.0143728844133682,False,False,False
2021-11-30,2021-12-01,2021-11-30,Equity-Only Minimum Variance,none,0.0,base,D,Utilities,0.0,,1.0,0.0,0.0,False,False,False
2021-11-30,2021-12-01,2021-11-30,Equity-Only Minimum Variance,none,0.0,base,DD,Materials,0.0,,1.0,0.0,0.0,False,False,False
2021-11-30,2021-12-01,2021-11-30,Equity-Only Minimum Variance,none,0.0,base,DIS,Consumer,0.0049595197261634,,1.0,0.0049595197261634,0.0049595197261634,False,False,False
2021-11-30,2021-12-01,2021-11-30,Equity-Only Minimum Variance,none,0.0,base,DOW,Materials,0.0,,1.0,0.0,0.0,False,False,False
2021-11-30,2021-12-01,2021-11-30,Equity-Only Minimum Variance,none,0.0,base,DUK,Utilities,0.065567119763145,,1.0,0.065567119763145,0.065567119763145,False,False,False
2021-11-30,2021-12-01,2021-11-30,Equity-Only Minimum Variance,none,0.0,base,EA,Comm,0.0680995450540984,,1.0,0.0680995450540984,0.0680995450540984,False,False,False
2021-11-30,2021-12-01,2021-11-30,Equity-Only Minimum Variance,none,0.0,base,GE,Industrials,0.0,,1.0,0.0,0.0,False,False,False
2021-11-30,2021-12-01,2021-11-30,Equity-Only Minimum Variance,none,0.0,base,GILD,Healthcare,0.0393472756072492,,1.0,0.0393472756072492,0.0393472756072492,False,False,False
2021-11-30,2021-12-01,2021-11-30,Equity-Only Minimum Variance,none,0.0,base,GS,Financials,0.0515811814489076,,1.0,0.0515811814489076,0.0515811814489076,False,False,False
2021-11-30,2021-12-01,2021-11-30,Equity-Only Minimum Variance,none,0.0,base,INTC,Tech,0.0065080526653956,,1.0,0.0065080526653956,0.0065080526653956,False,False,False
2021-11-30,2021-12-01,2021-11-30,Equity-Only Minimum Variance,none,0.0,base,KO,Consumer,0.0328361888167695,,1.0,0.0328361888167695,0.0328361888167695,False,False,False
2021-11-30,2021-12-01,2021-11-30,Equity-Only Minimum Variance,none,0.0,base,MMM,Industrials,0.0633040981488262,,1.0,0.0633040981488262,0.0633040981488262,False,False,False
2021-11-30,2021-12-01,2021-11-30,Equity-Only Minimum Variance,none,0.0,base,MRK,Healthcare,0.0331887012978593,,1.0,0.0331887012978593,0.0331887012978593,False,False,False
2021-11-30,2021-12-01,2021-11-30,Equity-Only Minimum Variance,none,0.0,base,MS,Financials,0.0,,1.0,0.0,0.0,False,False,False
2021-11-30,2021-12-01,2021-11-30,Equity-Only Minimum Variance,none,0.0,base,NEE,Utilities,0.0,,1.0,0.0,0.0,False,False,False
2021-11-30,2021-12-01,2021-11-30,Equity-Only Minimum Variance,none,0.0,base,NEM,Materials,0.0144339967493738,,1.0,0.0144339967493738,0.0144339967493738,False,False,False
2021-11-30,2021-12-01,2021-11-30,Equity-Only Minimum Variance,none,0.0,base,NKE,Consumer,0.0007979193547045,,1.0,0.0007979193547045,0.0007979193547045,False,False,False
2021-11-30,2021-12-01,2021-11-30,Equity-Only Minimum Variance,none,0.0,base,NUE,Materials,0.0,,1.0,0.0,0.0,False,False,False
2021-11-30,2021-12-01,2021-11-30,Equity-Only Minimum Variance,none,0.0,base,NVDA,Tech,0.0,,1.0,0.0,0.0,False,False,False
2021-11-30,2021-12-01,2021-11-30,Equity-Only Minimum Variance,none,0.0,base,O,RealEstate,0.0040974440594591,,1.0,0.0040974440594591,0.0040974440594591,False,False,False
2021-11-30,2021-12-01,2021-11-30,Equity-Only Minimum Variance,none,0.0,base,OXY,Energy,0.0,,1.0,0.0,0.0,False,False,False
2021-11-30,2021-12-01,2021-11-30,Equity-Only Minimum Variance,none,0.0,base,PLD,RealEstate,0.0,,1.0,0.0,0.0,False,False,False
2021-11-30,2021-12-01,2021-11-30,Equity-Only Minimum Variance,none,0.0,base,PSA,RealEstate,0.1270934868077994,,1.0,0.1270934868077994,0.1270934868077994,False,False,False
2021-11-30,2021-12-01,2021-11-30,Equity-Only Minimum Variance,none,0.0,base,QCOM,Tech,0.0,,1.0,0.0,0.0,False,False,False
2021-11-30,2021-12-01,2021-11-30,Equity-Only Minimum Variance,none,0.0,base,SBUX,Consumer,0.0119212227210704,,1.0,0.0119212227210704,0.0119212227210704,False,False,False
2021-11-30,2021-12-01,2021-11-30,Equity-Only Minimum Variance,none,0.0,base,SHW,Materials,0.0273266329990524,,1.0,0.0273266329990524,0.0273266329990524,False,False,False
2021-11-30,2021-12-01,2021-11-30,Equity-Only Minimum Variance,none,0.0,base,SLB,Energy,0.0,,1.0,0.0,0.0,False,False,False
2021-11-30,2021-12-01,2021-11-30,Equity-Only Minimum Variance,none,0.0,base,SO,Utilities,0.0085632755899585,,1.0,0.0085632755899585,0.0085632755899585,False,False,False
2021-11-30,2021-12-01,2021-11-30,Equity-Only Minimum Variance,none,0.0,base,T,Comm,0.0883032654229113,,1.0,0.0883032654229113,0.0883032654229113,False,False,False
2021-11-30,2021-12-01,2021-11-30,Equity-Only Minimum Variance,none,0.0,base,TMUS,Comm,0.0,,1.0,0.0,0.0,False,False,False
2021-11-30,2021-12-01,2021-11-30,Equity-Only Minimum Variance,none,0.0,base,TTWO,Comm,0.0215730761085101,,1.0,0.0215730761085101,0.0215730761085101,False,False,False
2021-11-30,2021-12-01,2021-11-30,Equity-Only Minimum Variance,none,0.0,base,UPS,Industrials,0.0004038970392566,,1.0,0.0004038970392566,0.0004038970392566,False,False,False
2021-11-30,2021-12-01,2021-11-30,Equity-Only Minimum Variance,none,0.0,base,USB,Financials,0.0,,1.0,0.0,0.0,False,False,False
2021-11-30,2021-12-01,2021-11-30,Equity-Only Minimum Variance,none,0.0,base,V,Financials,0.0,,1.0,0.0,0.0,False,False,False
2021-11-30,2021-12-01,2021-11-30,Equity-Only Minimum Variance,none,0.0,base,WFC,Financials,0.0,,1.0,0.0,0.0,False,False,False
2021-11-30,2021-12-01,2021-11-30,Equity-Only Minimum Variance,none,0.0,base,WMT,Consumer,0.1119182926941755,,1.0,0.1119182926941755,0.1119182926941755,False,False,False
2021-11-30,2021-12-01,2021-11-30,Equity-Only Minimum Variance,none,0.0,base,XOM,Energy,0.0,,1.0,0.0,0.0,False,False,False
2021-12-31,2022-01-03,2021-12-31,Equity-Only Minimum Variance,none,0.0,base,ABBV,Healthcare,0.0217934685476679,,1.0,0.0217934685476679,0.0217934685476679,False,False,False
2021-12-31,2022-01-03,2021-12-31,Equity-Only Minimum Variance,none,0.0,base,ABT,Healthcare,0.0692230278734143,,1.0,0.0692230278734143,0.0692230278734143,False,False,False
2021-12-31,2022-01-03,2021-12-31,Equity-Only Minimum Variance,none,0.0,base,ADBE,Tech,0.0112265034670803,,1.0,0.0112265034670803,0.0112265034670803,False,False,False
2021-12-31,2022-01-03,2021-12-31,Equity-Only Minimum Variance,none,0.0,base,AEP,Utilities,0.0557861080938168,,1.0,0.0557861080938168,0.0557861080938168,False,False,False
2021-12-31,2022-01-03,2021-12-31,Equity-Only Minimum Variance,none,0.0,base,AMD,Tech,0.0225380365559304,,1.0,0.0225380365559304,0.0225380365559304,False,False,False
2021-12-31,2022-01-03,2021-12-31,Equity-Only Minimum Variance,none,0.0,base,AMGN,Healthcare,0.0,,1.0,0.0,0.0,False,False,False
2021-12-31,2022-01-03,2021-12-31,Equity-Only Minimum Variance,none,0.0,base,AMT,RealEstate,0.0,,1.0,0.0,0.0,False,False,False
2021-12-31,2022-01-03,2021-12-31,Equity-Only Minimum Variance,none,0.0,base,BA,Industrials,0.0,,1.0,0.0,0.0,False,False,False
2021-12-31,2022-01-03,2021-12-31,Equity-Only Minimum Variance,none,0.0,base,CAT,Industrials,0.0,,1.0,0.0,0.0,False,False,False
2021-12-31,2022-01-03,2021-12-31,Equity-Only Minimum Variance,none,0.0,base,CCI,RealEstate,0.0,,1.0,0.0,0.0,False,False,False
2021-12-31,2022-01-03,2021-12-31,Equity-Only Minimum Variance,none,0.0,base,CMCSA,Comm,0.0,,1.0,0.0,0.0,False,False,False
2021-12-31,2022-01-03,2021-12-31,Equity-Only Minimum Variance,none,0.0,base,COP,Energy,0.0,,1.0,0.0,0.0,False,False,False
2021-12-31,2022-01-03,2021-12-31,Equity-Only Minimum Variance,none,0.0,base,CVX,Energy,0.0180819958759964,,1.0,0.0180819958759964,0.0180819958759964,False,False,False
2021-12-31,2022-01-03,2021-12-31,Equity-Only Minimum Variance,none,0.0,base,D,Utilities,0.0,,1.0,0.0,0.0,False,False,False
2021-12-31,2022-01-03,2021-12-31,Equity-Only Minimum Variance,none,0.0,base,DD,Materials,0.0,,1.0,0.0,0.0,False,False,False
2021-12-31,2022-01-03,2021-12-31,Equity-Only Minimum Variance,none,0.0,base,DIS,Consumer,0.0247836087660617,,1.0,0.0247836087660617,0.0247836087660617,False,False,False
2021-12-31,2022-01-03,2021-12-31,Equity-Only Minimum Variance,none,0.0,base,DOW,Materials,0.0,,1.0,0.0,0.0,False,False,False
2021-12-31,2022-01-03,2021-12-31,Equity-Only Minimum Variance,none,0.0,base,DUK,Utilities,0.0722160530357568,,1.0,0.0722160530357568,0.0722160530357568,False,False,False
2021-12-31,2022-01-03,2021-12-31,Equity-Only Minimum Variance,none,0.0,base,EA,Comm,0.0597715538411404,,1.0,0.0597715538411404,0.0597715538411404,False,False,False
2021-12-31,2022-01-03,2021-12-31,Equity-Only Minimum Variance,none,0.0,base,GE,Industrials,0.0,,1.0,0.0,0.0,False,False,False
2021-12-31,2022-01-03,2021-12-31,Equity-Only Minimum Variance,none,0.0,base,GILD,Healthcare,0.0695132888246081,,1.0,0.0695132888246081,0.0695132888246081,False,False,False
2021-12-31,2022-01-03,2021-12-31,Equity-Only Minimum Variance,none,0.0,base,GS,Financials,0.0446539727953807,,1.0,0.0446539727953807,0.0446539727953807,False,False,False
2021-12-31,2022-01-03,2021-12-31,Equity-Only Minimum Variance,none,0.0,base,INTC,Tech,0.0077571405407569,,1.0,0.0077571405407569,0.0077571405407569,False,False,False
2021-12-31,2022-01-03,2021-12-31,Equity-Only Minimum Variance,none,0.0,base,KO,Consumer,0.0243479356344396,,1.0,0.0243479356344396,0.0243479356344396,False,False,False
2021-12-31,2022-01-03,2021-12-31,Equity-Only Minimum Variance,none,0.0,base,MMM,Industrials,0.0763027279145567,,1.0,0.0763027279145567,0.0763027279145567,False,False,False
2021-12-31,2022-01-03,2021-12-31,Equity-Only Minimum Variance,none,0.0,base,MRK,Healthcare,0.0484527153719486,,1.0,0.0484527153719486,0.0484527153719486,False,False,False
2021-12-31,2022-01-03,2021-12-31,Equity-Only Minimum Variance,none,0.0,base,MS,Financials,0.0,,1.0,0.0,0.0,False,False,False
2021-12-31,2022-01-03,2021-12-31,Equity-Only Minimum Variance,none,0.0,base,NEE,Utilities,0.0,,1.0,0.0,0.0,False,False,False
2021-12-31,2022-01-03,2021-12-31,Equity-Only Minimum Variance,none,0.0,base,NEM,Materials,0.0140423458400766,,1.0,0.0140423458400766,0.0140423458400766,False,False,False
2021-12-31,2022-01-03,2021-12-31,Equity-Only Minimum Variance,none,0.0,base,NKE,Consumer,0.0091522539992574,,1.0,0.0091522539992574,0.0091522539992574,False,False,False
2021-12-31,2022-01-03,2021-12-31,Equity-Only Minimum Variance,none,0.0,base,NUE,Materials,0.0,,1.0,0.0,0.0,False,False,False
2021-12-31,2022-01-03,2021-12-31,Equity-Only Minimum Variance,none,0.0,base,NVDA,Tech,0.0,,1.0,0.0,0.0,False,False,False
2021-12-31,2022-01-03,2021-12-31,Equity-Only Minimum Variance,none,0.0,base,O,RealEstate,0.0063758227188533,,1.0,0.0063758227188533,0.0063758227188533,False,False,False
2021-12-31,2022-01-03,2021-12-31,Equity-Only Minimum Variance,none,0.0,base,OXY,Energy,0.0038461037199186,,1.0,0.0038461037199186,0.0038461037199186,False,False,False
2021-12-31,2022-01-03,2021-12-31,Equity-Only Minimum Variance,none,0.0,base,PLD,RealEstate,0.0,,1.0,0.0,0.0,False,False,False
2021-12-31,2022-01-03,2021-12-31,Equity-Only Minimum Variance,none,0.0,base,PSA,RealEstate,0.1145158308220332,,1.0,0.1145158308220332,0.1145158308220332,False,False,False
2021-12-31,2022-01-03,2021-12-31,Equity-Only Minimum Variance,none,0.0,base,QCOM,Tech,0.0,,1.0,0.0,0.0,False,False,False
2021-12-31,2022-01-03,2021-12-31,Equity-Only Minimum Variance,none,0.0,base,SBUX,Consumer,0.0,,1.0,0.0,0.0,False,False,False
2021-12-31,2022-01-03,2021-12-31,Equity-Only Minimum Variance,none,0.0,base,SHW,Materials,0.0075112037454709,,1.0,0.0075112037454709,0.0075112037454709,False,False,False
2021-12-31,2022-01-03,2021-12-31,Equity-Only Minimum Variance,none,0.0,base,SLB,Energy,0.0,,1.0,0.0,0.0,False,False,False
2021-12-31,2022-01-03,2021-12-31,Equity-Only Minimum Variance,none,0.0,base,SO,Utilities,0.0080210256666577,,1.0,0.0080210256666577,0.0080210256666577,False,False,False
2021-12-31,2022-01-03,2021-12-31,Equity-Only Minimum Variance,none,0.0,base,T,Comm,0.0734324448923609,,1.0,0.0734324448923609,0.0734324448923609,False,False,False
2021-12-31,2022-01-03,2021-12-31,Equity-Only Minimum Variance,none,0.0,base,TMUS,Comm,0.0,,1.0,0.0,0.0,False,False,False
2021-12-31,2022-01-03,2021-12-31,Equity-Only Minimum Variance,none,0.0,base,TTWO,Comm,0.0193739314385899,,1.0,0.0193739314385899,0.0193739314385899,False,False,False
2021-12-31,2022-01-03,2021-12-31,Equity-Only Minimum Variance,none,0.0,base,UPS,Industrials,0.0034023877746899,,1.0,0.0034023877746899,0.0034023877746899,False,False,False
2021-12-31,2022-01-03,2021-12-31,Equity-Only Minimum Variance,none,0.0,base,USB,Financials,0.0,,1.0,0.0,0.0,False,False,False
2021-12-31,2022-01-03,2021-12-31,Equity-Only Minimum Variance,none,0.0,base,V,Financials,0.0,,1.0,0.0,0.0,False,False,False
2021-12-31,2022-01-03,2021-12-31,Equity-Only Minimum Variance,none,0.0,base,WFC,Financials,0.0,,1.0,0.0,0.0,False,False,False
2021-12-31,2022-01-03,2021-12-31,Equity-Only Minimum Variance,none,0.0,base,WMT,Consumer,0.1138785122435349,,1.0,0.1138785122435349,0.1138785122435349,False,False,False
2021-12-31,2022-01-03,2021-12-31,Equity-Only Minimum Variance,none,0.0,base,XOM,Energy,0.0,,1.0,0.0,0.0,False,False,False
2022-01-31,2022-02-01,2022-01-31,Equity-Only Minimum Variance,none,0.0,base,ABBV,Healthcare,0.0475046547633873,,1.0,0.0475046547633873,0.0475046547633873,False,False,False
2022-01-31,2022-02-01,2022-01-31,Equity-Only Minimum Variance,none,0.0,base,ABT,Healthcare,0.0358372753500879,,1.0,0.0358372753500879,0.0358372753500879,False,False,False
2022-01-31,2022-02-01,2022-01-31,Equity-Only Minimum Variance,none,0.0,base,ADBE,Tech,0.0067106819425568,,1.0,0.0067106819425568,0.0067106819425568,False,False,False
2022-01-31,2022-02-01,2022-01-31,Equity-Only Minimum Variance,none,0.0,base,AEP,Utilities,0.0352205219571152,,1.0,0.0352205219571152,0.0352205219571152,False,False,False
2022-01-31,2022-02-01,2022-01-31,Equity-Only Minimum Variance,none,0.0,base,AMD,Tech,0.0086838789251392,,1.0,0.0086838789251392,0.0086838789251392,False,False,False
2022-01-31,2022-02-01,2022-01-31,Equity-Only Minimum Variance,none,0.0,base,AMGN,Healthcare,0.0,,1.0,0.0,0.0,False,False,False
2022-01-31,2022-02-01,2022-01-31,Equity-Only Minimum Variance,none,0.0,base,AMT,RealEstate,0.0,,1.0,0.0,0.0,False,False,False
2022-01-31,2022-02-01,2022-01-31,Equity-Only Minimum Variance,none,0.0,base,BA,Industrials,0.0,,1.0,0.0,0.0,False,False,False
2022-01-31,2022-02-01,2022-01-31,Equity-Only Minimum Variance,none,0.0,base,CAT,Industrials,0.0164324404039338,,1.0,0.0164324404039338,0.0164324404039338,False,False,False
2022-01-31,2022-02-01,2022-01-31,Equity-Only Minimum Variance,none,0.0,base,CCI,RealEstate,0.0,,1.0,0.0,0.0,False,False,False
2022-01-31,2022-02-01,2022-01-31,Equity-Only Minimum Variance,none,0.0,base,CMCSA,Comm,0.0,,1.0,0.0,0.0,False,False,False
2022-01-31,2022-02-01,2022-01-31,Equity-Only Minimum Variance,none,0.0,base,COP,Energy,0.0,,1.0,0.0,0.0,False,False,False
2022-01-31,2022-02-01,2022-01-31,Equity-Only Minimum Variance,none,0.0,base,CVX,Energy,0.0763025010857808,,1.0,0.0763025010857808,0.0763025010857808,False,False,False
2022-01-31,2022-02-01,2022-01-31,Equity-Only Minimum Variance,none,0.0,base,D,Utilities,0.0,,1.0,0.0,0.0,False,False,False
2022-01-31,2022-02-01,2022-01-31,Equity-Only Minimum Variance,none,0.0,base,DD,Materials,0.0,,1.0,0.0,0.0,False,False,False
2022-01-31,2022-02-01,2022-01-31,Equity-Only Minimum Variance,none,0.0,base,DIS,Consumer,0.0146850367129432,,1.0,0.0146850367129432,0.0146850367129432,False,False,False
2022-01-31,2022-02-01,2022-01-31,Equity-Only Minimum Variance,none,0.0,base,DOW,Materials,0.0,,1.0,0.0,0.0,False,False,False
2022-01-31,2022-02-01,2022-01-31,Equity-Only Minimum Variance,none,0.0,base,DUK,Utilities,0.05556404980457,,1.0,0.05556404980457,0.05556404980457,False,False,False
2022-01-31,2022-02-01,2022-01-31,Equity-Only Minimum Variance,none,0.0,base,EA,Comm,0.0632771568362254,,1.0,0.0632771568362254,0.0632771568362254,False,False,False
2022-01-31,2022-02-01,2022-01-31,Equity-Only Minimum Variance,none,0.0,base,GE,Industrials,0.0,,1.0,0.0,0.0,False,False,False
2022-01-31,2022-02-01,2022-01-31,Equity-Only Minimum Variance,none,0.0,base,GILD,Healthcare,0.0683362615796874,,1.0,0.0683362615796874,0.0683362615796874,False,False,False
2022-01-31,2022-02-01,2022-01-31,Equity-Only Minimum Variance,none,0.0,base,GS,Financials,0.0023730063121647,,1.0,0.0023730063121647,0.0023730063121647,False,False,False
2022-01-31,2022-02-01,2022-01-31,Equity-Only Minimum Variance,none,0.0,base,INTC,Tech,0.0137280704357672,,1.0,0.0137280704357672,0.0137280704357672,False,False,False
2022-01-31,2022-02-01,2022-01-31,Equity-Only Minimum Variance,none,0.0,base,KO,Consumer,0.0293165728989818,,1.0,0.0293165728989818,0.0293165728989818,False,False,False
2022-01-31,2022-02-01,2022-01-31,Equity-Only Minimum Variance,none,0.0,base,MMM,Industrials,0.0173504507702577,,1.0,0.0173504507702577,0.0173504507702577,False,False,False
2022-01-31,2022-02-01,2022-01-31,Equity-Only Minimum Variance,none,0.0,base,MRK,Healthcare,0.0628438753010418,,1.0,0.0628438753010418,0.0628438753010418,False,False,False
2022-01-31,2022-02-01,2022-01-31,Equity-Only Minimum Variance,none,0.0,base,MS,Financials,0.021323997109061,,1.0,0.021323997109061,0.021323997109061,False,False,False
2022-01-31,2022-02-01,2022-01-31,Equity-Only Minimum Variance,none,0.0,base,NEE,Utilities,0.0,,1.0,0.0,0.0,False,False,False
2022-01-31,2022-02-01,2022-01-31,Equity-Only Minimum Variance,none,0.0,base,NEM,Materials,0.012808573079426,,1.0,0.012808573079426,0.012808573079426,False,False,False
2022-01-31,2022-02-01,2022-01-31,Equity-Only Minimum Variance,none,0.0,base,NKE,Consumer,0.0173917696157133,,1.0,0.0173917696157133,0.0173917696157133,False,False,False
2022-01-31,2022-02-01,2022-01-31,Equity-Only Minimum Variance,none,0.0,base,NUE,Materials,0.0,,1.0,0.0,0.0,False,False,False
2022-01-31,2022-02-01,2022-01-31,Equity-Only Minimum Variance,none,0.0,base,NVDA,Tech,0.0,,1.0,0.0,0.0,False,False,False
2022-01-31,2022-02-01,2022-01-31,Equity-Only Minimum Variance,none,0.0,base,O,RealEstate,0.0080700169762568,,1.0,0.0080700169762568,0.0080700169762568,False,False,False
2022-01-31,2022-02-01,2022-01-31,Equity-Only Minimum Variance,none,0.0,base,OXY,Energy,0.0,,1.0,0.0,0.0,False,False,False
2022-01-31,2022-02-01,2022-01-31,Equity-Only Minimum Variance,none,0.0,base,PLD,RealEstate,0.0,,1.0,0.0,0.0,False,False,False
2022-01-31,2022-02-01,2022-01-31,Equity-Only Minimum Variance,none,0.0,base,PSA,RealEstate,0.1047166216990264,,1.0,0.1047166216990264,0.1047166216990264,False,False,False
2022-01-31,2022-02-01,2022-01-31,Equity-Only Minimum Variance,none,0.0,base,QCOM,Tech,0.0,,1.0,0.0,0.0,False,False,False
2022-01-31,2022-02-01,2022-01-31,Equity-Only Minimum Variance,none,0.0,base,SBUX,Consumer,0.0244740676232123,,1.0,0.0244740676232123,0.0244740676232123,False,False,False
2022-01-31,2022-02-01,2022-01-31,Equity-Only Minimum Variance,none,0.0,base,SHW,Materials,0.0113838259070828,,1.0,0.0113838259070828,0.0113838259070828,False,False,False
2022-01-31,2022-02-01,2022-01-31,Equity-Only Minimum Variance,none,0.0,base,SLB,Energy,0.0,,1.0,0.0,0.0,False,False,False
2022-01-31,2022-02-01,2022-01-31,Equity-Only Minimum Variance,none,0.0,base,SO,Utilities,0.1087508782702073,,1.0,0.1087508782702073,0.1087508782702073,False,False,False
2022-01-31,2022-02-01,2022-01-31,Equity-Only Minimum Variance,none,0.0,base,T,Comm,0.0090918080304907,,1.0,0.0090918080304907,0.0090918080304907,False,False,False
2022-01-31,2022-02-01,2022-01-31,Equity-Only Minimum Variance,none,0.0,base,TMUS,Comm,0.0,,1.0,0.0,0.0,False,False,False
2022-01-31,2022-02-01,2022-01-31,Equity-Only Minimum Variance,none,0.0,base,TTWO,Comm,0.0313420280996543,,1.0,0.0313420280996543,0.0313420280996543,False,False,False
2022-01-31,2022-02-01,2022-01-31,Equity-Only Minimum Variance,none,0.0,base,UPS,Industrials,0.002394505662122,,1.0,0.002394505662122,0.002394505662122,False,False,False
2022-01-31,2022-02-01,2022-01-31,Equity-Only Minimum Variance,none,0.0,base,USB,Financials,0.0,,1.0,0.0,0.0,False,False,False
2022-01-31,2022-02-01,2022-01-31,Equity-Only Minimum Variance,none,0.0,base,V,Financials,0.0,,1.0,0.0,0.0,False,False,False
2022-01-31,2022-02-01,2022-01-31,Equity-Only Minimum Variance,none,0.0,base,WFC,Financials,0.0,,1.0,0.0,0.0,False,False,False
2022-01-31,2022-02-01,2022-01-31,Equity-Only Minimum Variance,none,0.0,base,WMT,Consumer,0.0940854728481054,,1.0,0.0940854728481054,0.0940854728481054,False,False,False
2022-01-31,2022-02-01,2022-01-31,Equity-Only Minimum Variance,none,0.0,base,XOM,Energy,0.0,,1.0,0.0,0.0,False,False,False
2022-02-28,2022-03-01,2022-02-28,Equity-Only Minimum Variance,none,0.0,base,ABBV,Healthcare,0.0345032180960608,,1.0,0.0345032180960608,0.0345032180960608,False,False,False
2022-02-28,2022-03-01,2022-02-28,Equity-Only Minimum Variance,none,0.0,base,ABT,Healthcare,0.012887117847273,,1.0,0.012887117847273,0.012887117847273,False,False,False
2022-02-28,2022-03-01,2022-02-28,Equity-Only Minimum Variance,none,0.0,base,ADBE,Tech,0.0101723166530344,,1.0,0.0101723166530344,0.0101723166530344,False,False,False
2022-02-28,2022-03-01,2022-02-28,Equity-Only Minimum Variance,none,0.0,base,AEP,Utilities,0.0415603801927616,,1.0,0.0415603801927616,0.0415603801927616,False,False,False
2022-02-28,2022-03-01,2022-02-28,Equity-Only Minimum Variance,none,0.0,base,AMD,Tech,0.0,,1.0,0.0,0.0,False,False,False
2022-02-28,2022-03-01,2022-02-28,Equity-Only Minimum Variance,none,0.0,base,AMGN,Healthcare,0.0,,1.0,0.0,0.0,False,False,False
2022-02-28,2022-03-01,2022-02-28,Equity-Only Minimum Variance,none,0.0,base,AMT,RealEstate,0.0,,1.0,0.0,0.0,False,False,False
2022-02-28,2022-03-01,2022-02-28,Equity-Only Minimum Variance,none,0.0,base,BA,Industrials,0.0,,1.0,0.0,0.0,False,False,False
2022-02-28,2022-03-01,2022-02-28,Equity-Only Minimum Variance,none,0.0,base,CAT,Industrials,0.0131981193532598,,1.0,0.0131981193532598,0.0131981193532598,False,False,False
2022-02-28,2022-03-01,2022-02-28,Equity-Only Minimum Variance,none,0.0,base,CCI,RealEstate,0.0,,1.0,0.0,0.0,False,False,False
2022-02-28,2022-03-01,2022-02-28,Equity-Only Minimum Variance,none,0.0,base,CMCSA,Comm,0.0,,1.0,0.0,0.0,False,False,False
2022-02-28,2022-03-01,2022-02-28,Equity-Only Minimum Variance,none,0.0,base,COP,Energy,0.0,,1.0,0.0,0.0,False,False,False
2022-02-28,2022-03-01,2022-02-28,Equity-Only Minimum Variance,none,0.0,base,CVX,Energy,0.0585322243410972,,1.0,0.0585322243410972,0.0585322243410972,False,False,False
2022-02-28,2022-03-01,2022-02-28,Equity-Only Minimum Variance,none,0.0,base,D,Utilities,0.0,,1.0,0.0,0.0,False,False,False
2022-02-28,2022-03-01,2022-02-28,Equity-Only Minimum Variance,none,0.0,base,DD,Materials,0.0,,1.0,0.0,0.0,False,False,False
2022-02-28,2022-03-01,2022-02-28,Equity-Only Minimum Variance,none,0.0,base,DIS,Consumer,0.0678171294892451,,1.0,0.0678171294892451,0.0678171294892451,False,False,False
2022-02-28,2022-03-01,2022-02-28,Equity-Only Minimum Variance,none,0.0,base,DOW,Materials,0.0,,1.0,0.0,0.0,False,False,False
2022-02-28,2022-03-01,2022-02-28,Equity-Only Minimum Variance,none,0.0,base,DUK,Utilities,0.0037850044271799,,1.0,0.0037850044271799,0.0037850044271799,False,False,False
2022-02-28,2022-03-01,2022-02-28,Equity-Only Minimum Variance,none,0.0,base,EA,Comm,0.0682595091109604,,1.0,0.0682595091109604,0.0682595091109604,False,False,False
2022-02-28,2022-03-01,2022-02-28,Equity-Only Minimum Variance,none,0.0,base,GE,Industrials,0.0,,1.0,0.0,0.0,False,False,False
2022-02-28,2022-03-01,2022-02-28,Equity-Only Minimum Variance,none,0.0,base,GILD,Healthcare,0.1410576210889674,,1.0,0.1410576210889674,0.1410576210889674,False,False,False
2022-02-28,2022-03-01,2022-02-28,Equity-Only Minimum Variance,none,0.0,base,GS,Financials,0.0011938543536069,,1.0,0.0011938543536069,0.0011938543536069,False,False,False
2022-02-28,2022-03-01,2022-02-28,Equity-Only Minimum Variance,none,0.0,base,INTC,Tech,8.433426530730637e-06,,1.0,8.433426530730637e-06,8.433426530730637e-06,False,False,False
2022-02-28,2022-03-01,2022-02-28,Equity-Only Minimum Variance,none,0.0,base,KO,Consumer,0.0896030426554059,,1.0,0.0896030426554059,0.0896030426554059,False,False,False
2022-02-28,2022-03-01,2022-02-28,Equity-Only Minimum Variance,none,0.0,base,MMM,Industrials,0.0,,1.0,0.0,0.0,False,False,False
2022-02-28,2022-03-01,2022-02-28,Equity-Only Minimum Variance,none,0.0,base,MRK,Healthcare,0.047387985385904,,1.0,0.047387985385904,0.047387985385904,False,False,False
2022-02-28,2022-03-01,2022-02-28,Equity-Only Minimum Variance,none,0.0,base,MS,Financials,0.0110293376663179,,1.0,0.0110293376663179,0.0110293376663179,False,False,False
2022-02-28,2022-03-01,2022-02-28,Equity-Only Minimum Variance,none,0.0,base,NEE,Utilities,0.0,,1.0,0.0,0.0,False,False,False
2022-02-28,2022-03-01,2022-02-28,Equity-Only Minimum Variance,none,0.0,base,NEM,Materials,0.0215760434708887,,1.0,0.0215760434708887,0.0215760434708887,False,False,False
2022-02-28,2022-03-01,2022-02-28,Equity-Only Minimum Variance,none,0.0,base,NKE,Consumer,0.0221084715965619,,1.0,0.0221084715965619,0.0221084715965619,False,False,False
2022-02-28,2022-03-01,2022-02-28,Equity-Only Minimum Variance,none,0.0,base,NUE,Materials,0.0,,1.0,0.0,0.0,False,False,False
2022-02-28,2022-03-01,2022-02-28,Equity-Only Minimum Variance,none,0.0,base,NVDA,Tech,0.0,,1.0,0.0,0.0,False,False,False
2022-02-28,2022-03-01,2022-02-28,Equity-Only Minimum Variance,none,0.0,base,O,RealEstate,0.0053457833962473,,1.0,0.0053457833962473,0.0053457833962473,False,False,False
2022-02-28,2022-03-01,2022-02-28,Equity-Only Minimum Variance,none,0.0,base,OXY,Energy,0.0041983831756479,,1.0,0.0041983831756479,0.0041983831756479,False,False,False
2022-02-28,2022-03-01,2022-02-28,Equity-Only Minimum Variance,none,0.0,base,PLD,RealEstate,0.0,,1.0,0.0,0.0,False,False,False
2022-02-28,2022-03-01,2022-02-28,Equity-Only Minimum Variance,none,0.0,base,PSA,RealEstate,0.0696750059756487,,1.0,0.0696750059756487,0.0696750059756487,False,False,False
2022-02-28,2022-03-01,2022-02-28,Equity-Only Minimum Variance,none,0.0,base,QCOM,Tech,0.0,,1.0,0.0,0.0,False,False,False
2022-02-28,2022-03-01,2022-02-28,Equity-Only Minimum Variance,none,0.0,base,SBUX,Consumer,0.0,,1.0,0.0,0.0,False,False,False
2022-02-28,2022-03-01,2022-02-28,Equity-Only Minimum Variance,none,0.0,base,SHW,Materials,0.0,,1.0,0.0,0.0,False,False,False
2022-02-28,2022-03-01,2022-02-28,Equity-Only Minimum Variance,none,0.0,base,SLB,Energy,0.0,,1.0,0.0,0.0,False,False,False
2022-02-28,2022-03-01,2022-02-28,Equity-Only Minimum Variance,none,0.0,base,SO,Utilities,0.09242384668802,,1.0,0.09242384668802,0.09242384668802,False,False,False
2022-02-28,2022-03-01,2022-02-28,Equity-Only Minimum Variance,none,0.0,base,T,Comm,0.0,,1.0,0.0,0.0,False,False,False
2022-02-28,2022-03-01,2022-02-28,Equity-Only Minimum Variance,none,0.0,base,TMUS,Comm,0.0,,1.0,0.0,0.0,False,False,False
2022-02-28,2022-03-01,2022-02-28,Equity-Only Minimum Variance,none,0.0,base,TTWO,Comm,0.0403854724570603,,1.0,0.0403854724570603,0.0403854724570603,False,False,False
2022-02-28,2022-03-01,2022-02-28,Equity-Only Minimum Variance,none,0.0,base,UPS,Industrials,0.0118631829869664,,1.0,0.0118631829869664,0.0118631829869664,False,False,False
2022-02-28,2022-03-01,2022-02-28,Equity-Only Minimum Variance,none,0.0,base,USB,Financials,0.0,,1.0,0.0,0.0,False,False,False
2022-02-28,2022-03-01,2022-02-28,Equity-Only Minimum Variance,none,0.0,base,V,Financials,0.0,,1.0,0.0,0.0,False,False,False
2022-02-28,2022-03-01,2022-02-28,Equity-Only Minimum Variance,none,0.0,base,WFC,Financials,0.0,,1.0,0.0,0.0,False,False,False
2022-02-28,2022-03-01,2022-02-28,Equity-Only Minimum Variance,none,0.0,base,WMT,Consumer,0.1314285161653528,,1.0,0.1314285161653528,0.1314285161653528,False,False,False
2022-02-28,2022-03-01,2022-02-28,Equity-Only Minimum Variance,none,0.0,base,XOM,Energy,0.0,,1.0,0.0,0.0,False,False,False
2022-03-31,2022-04-01,2022-03-31,Equity-Only Minimum Variance,none,0.0,base,ABBV,Healthcare,0.0455119895922579,,1.0,0.0455119895922579,0.0455119895922579,False,False,False
2022-03-31,2022-04-01,2022-03-31,Equity-Only Minimum Variance,none,0.0,base,ABT,Healthcare,0.0,,1.0,0.0,0.0,False,False,False
2022-03-31,2022-04-01,2022-03-31,Equity-Only Minimum Variance,none,0.0,base,ADBE,Tech,0.0106202261323621,,1.0,0.0106202261323621,0.0106202261323621,False,False,False
2022-03-31,2022-04-01,2022-03-31,Equity-Only Minimum Variance,none,0.0,base,AEP,Utilities,0.0119395258836568,,1.0,0.0119395258836568,0.0119395258836568,False,False,False
2022-03-31,2022-04-01,2022-03-31,Equity-Only Minimum Variance,none,0.0,base,AMD,Tech,0.0028172180396562,,1.0,0.0028172180396562,0.0028172180396562,False,False,False
2022-03-31,2022-04-01,2022-03-31,Equity-Only Minimum Variance,none,0.0,base,AMGN,Healthcare,0.0,,1.0,0.0,0.0,False,False,False
2022-03-31,2022-04-01,2022-03-31,Equity-Only Minimum Variance,none,0.0,base,AMT,RealEstate,0.0,,1.0,0.0,0.0,False,False,False
2022-03-31,2022-04-01,2022-03-31,Equity-Only Minimum Variance,none,0.0,base,BA,Industrials,0.0,,1.0,0.0,0.0,False,False,False
2022-03-31,2022-04-01,2022-03-31,Equity-Only Minimum Variance,none,0.0,base,CAT,Industrials,0.0280384007437498,,1.0,0.0280384007437498,0.0280384007437498,False,False,False
2022-03-31,2022-04-01,2022-03-31,Equity-Only Minimum Variance,none,0.0,base,CCI,RealEstate,0.0,,1.0,0.0,0.0,False,False,False
2022-03-31,2022-04-01,2022-03-31,Equity-Only Minimum Variance,none,0.0,base,CMCSA,Comm,0.0,,1.0,0.0,0.0,False,False,False
2022-03-31,2022-04-01,2022-03-31,Equity-Only Minimum Variance,none,0.0,base,COP,Energy,0.0,,1.0,0.0,0.0,False,False,False
2022-03-31,2022-04-01,2022-03-31,Equity-Only Minimum Variance,none,0.0,base,CVX,Energy,0.0861626957760312,,1.0,0.0861626957760312,0.0861626957760312,False,False,False
2022-03-31,2022-04-01,2022-03-31,Equity-Only Minimum Variance,none,0.0,base,D,Utilities,0.0,,1.0,0.0,0.0,False,False,False
2022-03-31,2022-04-01,2022-03-31,Equity-Only Minimum Variance,none,0.0,base,DD,Materials,0.0,,1.0,0.0,0.0,False,False,False
2022-03-31,2022-04-01,2022-03-31,Equity-Only Minimum Variance,none,0.0,base,DIS,Consumer,0.0494118403196329,,1.0,0.0494118403196329,0.0494118403196329,False,False,False
2022-03-31,2022-04-01,2022-03-31,Equity-Only Minimum Variance,none,0.0,base,DOW,Materials,0.0,,1.0,0.0,0.0,False,False,False
2022-03-31,2022-04-01,2022-03-31,Equity-Only Minimum Variance,none,0.0,base,DUK,Utilities,0.0123824209620771,,1.0,0.0123824209620771,0.0123824209620771,False,False,False
2022-03-31,2022-04-01,2022-03-31,Equity-Only Minimum Variance,none,0.0,base,EA,Comm,0.0747762355958227,,1.0,0.0747762355958227,0.0747762355958227,False,False,False
2022-03-31,2022-04-01,2022-03-31,Equity-Only Minimum Variance,none,0.0,base,GE,Industrials,0.0,,1.0,0.0,0.0,False,False,False
2022-03-31,2022-04-01,2022-03-31,Equity-Only Minimum Variance,none,0.0,base,GILD,Healthcare,0.1420211327984041,,1.0,0.1420211327984041,0.1420211327984041,False,False,False
2022-03-31,2022-04-01,2022-03-31,Equity-Only Minimum Variance,none,0.0,base,GS,Financials,0.0,,1.0,0.0,0.0,False,False,False
2022-03-31,2022-04-01,2022-03-31,Equity-Only Minimum Variance,none,0.0,base,INTC,Tech,0.0014210833264733,,1.0,0.0014210833264733,0.0014210833264733,False,False,False
2022-03-31,2022-04-01,2022-03-31,Equity-Only Minimum Variance,none,0.0,base,KO,Consumer,0.0869277446204713,,1.0,0.0869277446204713,0.0869277446204713,False,False,False
2022-03-31,2022-04-01,2022-03-31,Equity-Only Minimum Variance,none,0.0,base,MMM,Industrials,0.0,,1.0,0.0,0.0,False,False,False
2022-03-31,2022-04-01,2022-03-31,Equity-Only Minimum Variance,none,0.0,base,MRK,Healthcare,0.0511265169227657,,1.0,0.0511265169227657,0.0511265169227657,False,False,False
2022-03-31,2022-04-01,2022-03-31,Equity-Only Minimum Variance,none,0.0,base,MS,Financials,0.0,,1.0,0.0,0.0,False,False,False
2022-03-31,2022-04-01,2022-03-31,Equity-Only Minimum Variance,none,0.0,base,NEE,Utilities,0.018652348094651,,1.0,0.018652348094651,0.018652348094651,False,False,False
2022-03-31,2022-04-01,2022-03-31,Equity-Only Minimum Variance,none,0.0,base,NEM,Materials,0.0348064680844002,,1.0,0.0348064680844002,0.0348064680844002,False,False,False
2022-03-31,2022-04-01,2022-03-31,Equity-Only Minimum Variance,none,0.0,base,NKE,Consumer,0.0131638382873256,,1.0,0.0131638382873256,0.0131638382873256,False,False,False
2022-03-31,2022-04-01,2022-03-31,Equity-Only Minimum Variance,none,0.0,base,NUE,Materials,0.0,,1.0,0.0,0.0,False,False,False
2022-03-31,2022-04-01,2022-03-31,Equity-Only Minimum Variance,none,0.0,base,NVDA,Tech,0.0,,1.0,0.0,0.0,False,False,False
2022-03-31,2022-04-01,2022-03-31,Equity-Only Minimum Variance,none,0.0,base,O,RealEstate,0.0083230102685824,,1.0,0.0083230102685824,0.0083230102685824,False,False,False
2022-03-31,2022-04-01,2022-03-31,Equity-Only Minimum Variance,none,0.0,base,OXY,Energy,0.0,,1.0,0.0,0.0,False,False,False
2022-03-31,2022-04-01,2022-03-31,Equity-Only Minimum Variance,none,0.0,base,PLD,RealEstate,0.0,,1.0,0.0,0.0,False,False,False
2022-03-31,2022-04-01,2022-03-31,Equity-Only Minimum Variance,none,0.0,base,PSA,RealEstate,0.0482130751786451,,1.0,0.0482130751786451,0.0482130751786451,False,False,False
2022-03-31,2022-04-01,2022-03-31,Equity-Only Minimum Variance,none,0.0,base,QCOM,Tech,0.0,,1.0,0.0,0.0,False,False,False
2022-03-31,2022-04-01,2022-03-31,Equity-Only Minimum Variance,none,0.0,base,SBUX,Consumer,0.0,,1.0,0.0,0.0,False,False,False
2022-03-31,2022-04-01,2022-03-31,Equity-Only Minimum Variance,none,0.0,base,SHW,Materials,0.0086511558884169,,1.0,0.0086511558884169,0.0086511558884169,False,False,False
2022-03-31,2022-04-01,2022-03-31,Equity-Only Minimum Variance,none,0.0,base,SLB,Energy,0.0,,1.0,0.0,0.0,False,False,False
2022-03-31,2022-04-01,2022-03-31,Equity-Only Minimum Variance,none,0.0,base,SO,Utilities,0.1002703761658736,,1.0,0.1002703761658736,0.1002703761658736,False,False,False
2022-03-31,2022-04-01,2022-03-31,Equity-Only Minimum Variance,none,0.0,base,T,Comm,0.0,,1.0,0.0,0.0,False,False,False
2022-03-31,2022-04-01,2022-03-31,Equity-Only Minimum Variance,none,0.0,base,TMUS,Comm,0.0149430455532248,,1.0,0.0149430455532248,0.0149430455532248,False,False,False
2022-03-31,2022-04-01,2022-03-31,Equity-Only Minimum Variance,none,0.0,base,TTWO,Comm,0.0334416148867763,,1.0,0.0334416148867763,0.0334416148867763,False,False,False
2022-03-31,2022-04-01,2022-03-31,Equity-Only Minimum Variance,none,0.0,base,UPS,Industrials,0.0,,1.0,0.0,0.0,False,False,False
2022-03-31,2022-04-01,2022-03-31,Equity-Only Minimum Variance,none,0.0,base,USB,Financials,0.0,,1.0,0.0,0.0,False,False,False
2022-03-31,2022-04-01,2022-03-31,Equity-Only Minimum Variance,none,0.0,base,V,Financials,0.0,,1.0,0.0,0.0,False,False,False
2022-03-31,2022-04-01,2022-03-31,Equity-Only Minimum Variance,none,0.0,base,WFC,Financials,0.0,,1.0,0.0,0.0,False,False,False
2022-03-31,2022-04-01,2022-03-31,Equity-Only Minimum Variance,none,0.0,base,WMT,Consumer,0.1163780368787419,,1.0,0.1163780368787419,0.1163780368787419,False,False,False
2022-03-31,2022-04-01,2022-03-31,Equity-Only Minimum Variance,none,0.0,base,XOM,Energy,0.0,,1.0,0.0,0.0,False,False,False
2022-04-29,2022-05-02,2022-04-29,Equity-Only Minimum Variance,none,0.0,base,ABBV,Healthcare,0.0188086363067907,,1.0,0.0188086363067907,0.0188086363067907,False,False,False
2022-04-29,2022-05-02,2022-04-29,Equity-Only Minimum Variance,none,0.0,base,ABT,Healthcare,0.0,,1.0,0.0,0.0,False,False,False
2022-04-29,2022-05-02,2022-04-29,Equity-Only Minimum Variance,none,0.0,base,ADBE,Tech,0.0163371083703754,,1.0,0.0163371083703754,0.0163371083703754,False,False,False
2022-04-29,2022-05-02,2022-04-29,Equity-Only Minimum Variance,none,0.0,base,AEP,Utilities,0.0,,1.0,0.0,0.0,False,False,False
2022-04-29,2022-05-02,2022-04-29,Equity-Only Minimum Variance,none,0.0,base,AMD,Tech,0.0,,1.0,0.0,0.0,False,False,False
2022-04-29,2022-05-02,2022-04-29,Equity-Only Minimum Variance,none,0.0,base,AMGN,Healthcare,0.0089443221694106,,1.0,0.0089443221694106,0.0089443221694106,False,False,False
2022-04-29,2022-05-02,2022-04-29,Equity-Only Minimum Variance,none,0.0,base,AMT,RealEstate,0.0,,1.0,0.0,0.0,False,False,False
2022-04-29,2022-05-02,2022-04-29,Equity-Only Minimum Variance,none,0.0,base,BA,Industrials,0.0,,1.0,0.0,0.0,False,False,False
2022-04-29,2022-05-02,2022-04-29,Equity-Only Minimum Variance,none,0.0,base,CAT,Industrials,0.043109203528533,,1.0,0.043109203528533,0.043109203528533,False,False,False
2022-04-29,2022-05-02,2022-04-29,Equity-Only Minimum Variance,none,0.0,base,CCI,RealEstate,0.0,,1.0,0.0,0.0,False,False,False
2022-04-29,2022-05-02,2022-04-29,Equity-Only Minimum Variance,none,0.0,base,CMCSA,Comm,0.0,,1.0,0.0,0.0,False,False,False
2022-04-29,2022-05-02,2022-04-29,Equity-Only Minimum Variance,none,0.0,base,COP,Energy,0.0,,1.0,0.0,0.0,False,False,False
2022-04-29,2022-05-02,2022-04-29,Equity-Only Minimum Variance,none,0.0,base,CVX,Energy,0.0645866645800719,,1.0,0.0645866645800719,0.0645866645800719,False,False,False
2022-04-29,2022-05-02,2022-04-29,Equity-Only Minimum Variance,none,0.0,base,D,Utilities,0.0,,1.0,0.0,0.0,False,False,False
2022-04-29,2022-05-02,2022-04-29,Equity-Only Minimum Variance,none,0.0,base,DD,Materials,0.0,,1.0,0.0,0.0,False,False,False
2022-04-29,2022-05-02,2022-04-29,Equity-Only Minimum Variance,none,0.0,base,DIS,Consumer,0.0393745615310558,,1.0,0.0393745615310558,0.0393745615310558,False,False,False
2022-04-29,2022-05-02,2022-04-29,Equity-Only Minimum Variance,none,0.0,base,DOW,Materials,0.0,,1.0,0.0,0.0,False,False,False
2022-04-29,2022-05-02,2022-04-29,Equity-Only Minimum Variance,none,0.0,base,DUK,Utilities,0.0900460162049886,,1.0,0.0900460162049886,0.0900460162049886,False,False,False
2022-04-29,2022-05-02,2022-04-29,Equity-Only Minimum Variance,none,0.0,base,EA,Comm,0.0941939442740369,,1.0,0.0941939442740369,0.0941939442740369,False,False,False
2022-04-29,2022-05-02,2022-04-29,Equity-Only Minimum Variance,none,0.0,base,GE,Industrials,0.0,,1.0,0.0,0.0,False,False,False
2022-04-29,2022-05-02,2022-04-29,Equity-Only Minimum Variance,none,0.0,base,GILD,Healthcare,0.1289642285940799,,1.0,0.1289642285940799,0.1289642285940799,False,False,False
2022-04-29,2022-05-02,2022-04-29,Equity-Only Minimum Variance,none,0.0,base,GS,Financials,0.0,,1.0,0.0,0.0,False,False,False
2022-04-29,2022-05-02,2022-04-29,Equity-Only Minimum Variance,none,0.0,base,INTC,Tech,0.0,,1.0,0.0,0.0,False,False,False
2022-04-29,2022-05-02,2022-04-29,Equity-Only Minimum Variance,none,0.0,base,KO,Consumer,0.1107391759396876,,1.0,0.1107391759396876,0.1107391759396876,False,False,False
2022-04-29,2022-05-02,2022-04-29,Equity-Only Minimum Variance,none,0.0,base,MMM,Industrials,0.0,,1.0,0.0,0.0,False,False,False
2022-04-29,2022-05-02,2022-04-29,Equity-Only Minimum Variance,none,0.0,base,MRK,Healthcare,0.0552436254906652,,1.0,0.0552436254906652,0.0552436254906652,False,False,False
2022-04-29,2022-05-02,2022-04-29,Equity-Only Minimum Variance,none,0.0,base,MS,Financials,0.0,,1.0,0.0,0.0,False,False,False
2022-04-29,2022-05-02,2022-04-29,Equity-Only Minimum Variance,none,0.0,base,NEE,Utilities,0.0,,1.0,0.0,0.0,False,False,False
2022-04-29,2022-05-02,2022-04-29,Equity-Only Minimum Variance,none,0.0,base,NEM,Materials,0.0480059615359872,,1.0,0.0480059615359872,0.0480059615359872,False,False,False
2022-04-29,2022-05-02,2022-04-29,Equity-Only Minimum Variance,none,0.0,base,NKE,Consumer,0.0,,1.0,0.0,0.0,False,False,False
2022-04-29,2022-05-02,2022-04-29,Equity-Only Minimum Variance,none,0.0,base,NUE,Materials,0.0,,1.0,0.0,0.0,False,False,False
2022-04-29,2022-05-02,2022-04-29,Equity-Only Minimum Variance,none,0.0,base,NVDA,Tech,0.0,,1.0,0.0,0.0,False,False,False
2022-04-29,2022-05-02,2022-04-29,Equity-Only Minimum Variance,none,0.0,base,O,RealEstate,0.0,,1.0,0.0,0.0,False,False,False
2022-04-29,2022-05-02,2022-04-29,Equity-Only Minimum Variance,none,0.0,base,OXY,Energy,0.0,,1.0,0.0,0.0,False,False,False
2022-04-29,2022-05-02,2022-04-29,Equity-Only Minimum Variance,none,0.0,base,PLD,RealEstate,0.0,,1.0,0.0,0.0,False,False,False
2022-04-29,2022-05-02,2022-04-29,Equity-Only Minimum Variance,none,0.0,base,PSA,RealEstate,0.0,,1.0,0.0,0.0,False,False,False
2022-04-29,2022-05-02,2022-04-29,Equity-Only Minimum Variance,none,0.0,base,QCOM,Tech,0.0,,1.0,0.0,0.0,False,False,False
2022-04-29,2022-05-02,2022-04-29,Equity-Only Minimum Variance,none,0.0,base,SBUX,Consumer,0.0,,1.0,0.0,0.0,False,False,False
2022-04-29,2022-05-02,2022-04-29,Equity-Only Minimum Variance,none,0.0,base,SHW,Materials,0.0681688530755733,,1.0,0.0681688530755733,0.0681688530755733,False,False,False
2022-04-29,2022-05-02,2022-04-29,Equity-Only Minimum Variance,none,0.0,base,SLB,Energy,0.0,,1.0,0.0,0.0,False,False,False
2022-04-29,2022-05-02,2022-04-29,Equity-Only Minimum Variance,none,0.0,base,SO,Utilities,0.0672178088317423,,1.0,0.0672178088317423,0.0672178088317423,False,False,False
2022-04-29,2022-05-02,2022-04-29,Equity-Only Minimum Variance,none,0.0,base,T,Comm,0.0,,1.0,0.0,0.0,False,False,False
2022-04-29,2022-05-02,2022-04-29,Equity-Only Minimum Variance,none,0.0,base,TMUS,Comm,0.0,,1.0,0.0,0.0,False,False,False
2022-04-29,2022-05-02,2022-04-29,Equity-Only Minimum Variance,none,0.0,base,TTWO,Comm,0.0386243452615427,,1.0,0.0386243452615427,0.0386243452615427,False,False,False
2022-04-29,2022-05-02,2022-04-29,Equity-Only Minimum Variance,none,0.0,base,UPS,Industrials,0.0,,1.0,0.0,0.0,False,False,False
2022-04-29,2022-05-02,2022-04-29,Equity-Only Minimum Variance,none,0.0,base,USB,Financials,0.0,,1.0,0.0,0.0,False,False,False
2022-04-29,2022-05-02,2022-04-29,Equity-Only Minimum Variance,none,0.0,base,V,Financials,0.0,,1.0,0.0,0.0,False,False,False
2022-04-29,2022-05-02,2022-04-29,Equity-Only Minimum Variance,none,0.0,base,WFC,Financials,0.0,,1.0,0.0,0.0,False,False,False
2022-04-29,2022-05-02,2022-04-29,Equity-Only Minimum Variance,none,0.0,base,WMT,Consumer,0.1076355443054582,,1.0,0.1076355443054582,0.1076355443054582,False,False,False
2022-04-29,2022-05-02,2022-04-29,Equity-Only Minimum Variance,none,0.0,base,XOM,Energy,0.0,,1.0,0.0,0.0,False,False,False
2022-05-31,2022-06-01,2022-05-31,Equity-Only Minimum Variance,none,0.0,base,ABBV,Healthcare,0.0672104658765383,,1.0,0.0672104658765383,0.0672104658765383,False,False,False
2022-05-31,2022-06-01,2022-05-31,Equity-Only Minimum Variance,none,0.0,base,ABT,Healthcare,0.0,,1.0,0.0,0.0,False,False,False
2022-05-31,2022-06-01,2022-05-31,Equity-Only Minimum Variance,none,0.0,base,ADBE,Tech,0.0046885349431934,,1.0,0.0046885349431934,0.0046885349431934,False,False,False
2022-05-31,2022-06-01,2022-05-31,Equity-Only Minimum Variance,none,0.0,base,AEP,Utilities,0.0,,1.0,0.0,0.0,False,False,False
2022-05-31,2022-06-01,2022-05-31,Equity-Only Minimum Variance,none,0.0,base,AMD,Tech,0.0,,1.0,0.0,0.0,False,False,False
2022-05-31,2022-06-01,2022-05-31,Equity-Only Minimum Variance,none,0.0,base,AMGN,Healthcare,0.0345795795918945,,1.0,0.0345795795918945,0.0345795795918945,False,False,False
2022-05-31,2022-06-01,2022-05-31,Equity-Only Minimum Variance,none,0.0,base,AMT,RealEstate,0.0,,1.0,0.0,0.0,False,False,False
2022-05-31,2022-06-01,2022-05-31,Equity-Only Minimum Variance,none,0.0,base,BA,Industrials,0.0,,1.0,0.0,0.0,False,False,False
2022-05-31,2022-06-01,2022-05-31,Equity-Only Minimum Variance,none,0.0,base,CAT,Industrials,0.0180935289689239,,1.0,0.0180935289689239,0.0180935289689239,False,False,False
2022-05-31,2022-06-01,2022-05-31,Equity-Only Minimum Variance,none,0.0,base,CCI,RealEstate,0.0,,1.0,0.0,0.0,False,False,False
2022-05-31,2022-06-01,2022-05-31,Equity-Only Minimum Variance,none,0.0,base,CMCSA,Comm,0.0,,1.0,0.0,0.0,False,False,False
2022-05-31,2022-06-01,2022-05-31,Equity-Only Minimum Variance,none,0.0,base,COP,Energy,0.0,,1.0,0.0,0.0,False,False,False
2022-05-31,2022-06-01,2022-05-31,Equity-Only Minimum Variance,none,0.0,base,CVX,Energy,0.0361693053762772,,1.0,0.0361693053762772,0.0361693053762772,False,False,False
2022-05-31,2022-06-01,2022-05-31,Equity-Only Minimum Variance,none,0.0,base,D,Utilities,0.0,,1.0,0.0,0.0,False,False,False
2022-05-31,2022-06-01,2022-05-31,Equity-Only Minimum Variance,none,0.0,base,DD,Materials,0.0,,1.0,0.0,0.0,False,False,False
2022-05-31,2022-06-01,2022-05-31,Equity-Only Minimum Variance,none,0.0,base,DIS,Consumer,0.0579531991718781,,1.0,0.0579531991718781,0.0579531991718781,False,False,False
2022-05-31,2022-06-01,2022-05-31,Equity-Only Minimum Variance,none,0.0,base,DOW,Materials,0.0,,1.0,0.0,0.0,False,False,False
2022-05-31,2022-06-01,2022-05-31,Equity-Only Minimum Variance,none,0.0,base,DUK,Utilities,0.1696196883125103,,1.0,0.1696196883125103,0.1696196883125103,False,False,False
2022-05-31,2022-06-01,2022-05-31,Equity-Only Minimum Variance,none,0.0,base,EA,Comm,0.092504405028301,,1.0,0.092504405028301,0.092504405028301,False,False,False
2022-05-31,2022-06-01,2022-05-31,Equity-Only Minimum Variance,none,0.0,base,GE,Industrials,0.0,,1.0,0.0,0.0,False,False,False
2022-05-31,2022-06-01,2022-05-31,Equity-Only Minimum Variance,none,0.0,base,GILD,Healthcare,0.1702847588636646,,1.0,0.1702847588636646,0.1702847588636646,False,False,False
2022-05-31,2022-06-01,2022-05-31,Equity-Only Minimum Variance,none,0.0,base,GS,Financials,0.0,,1.0,0.0,0.0,False,False,False
2022-05-31,2022-06-01,2022-05-31,Equity-Only Minimum Variance,none,0.0,base,INTC,Tech,0.0030989525528851,,1.0,0.0030989525528851,0.0030989525528851,False,False,False
2022-05-31,2022-06-01,2022-05-31,Equity-Only Minimum Variance,none,0.0,base,KO,Consumer,0.0,,1.0,0.0,0.0,False,False,False
2022-05-31,2022-06-01,2022-05-31,Equity-Only Minimum Variance,none,0.0,base,MMM,Industrials,0.0,,1.0,0.0,0.0,False,False,False
2022-05-31,2022-06-01,2022-05-31,Equity-Only Minimum Variance,none,0.0,base,MRK,Healthcare,0.073338631209647,,1.0,0.073338631209647,0.073338631209647,False,False,False
2022-05-31,2022-06-01,2022-05-31,Equity-Only Minimum Variance,none,0.0,base,MS,Financials,0.0,,1.0,0.0,0.0,False,False,False
2022-05-31,2022-06-01,2022-05-31,Equity-Only Minimum Variance,none,0.0,base,NEE,Utilities,0.0,,1.0,0.0,0.0,False,False,False
2022-05-31,2022-06-01,2022-05-31,Equity-Only Minimum Variance,none,0.0,base,NEM,Materials,0.0628206705349614,,1.0,0.0628206705349614,0.0628206705349614,False,False,False
2022-05-31,2022-06-01,2022-05-31,Equity-Only Minimum Variance,none,0.0,base,NKE,Consumer,0.0,,1.0,0.0,0.0,False,False,False
2022-05-31,2022-06-01,2022-05-31,Equity-Only Minimum Variance,none,0.0,base,NUE,Materials,0.0,,1.0,0.0,0.0,False,False,False
2022-05-31,2022-06-01,2022-05-31,Equity-Only Minimum Variance,none,0.0,base,NVDA,Tech,0.0,,1.0,0.0,0.0,False,False,False
2022-05-31,2022-06-01,2022-05-31,Equity-Only Minimum Variance,none,0.0,base,O,RealEstate,0.0,,1.0,0.0,0.0,False,False,False
2022-05-31,2022-06-01,2022-05-31,Equity-Only Minimum Variance,none,0.0,base,OXY,Energy,0.0,,1.0,0.0,0.0,False,False,False
2022-05-31,2022-06-01,2022-05-31,Equity-Only Minimum Variance,none,0.0,base,PLD,RealEstate,0.0,,1.0,0.0,0.0,False,False,False
2022-05-31,2022-06-01,2022-05-31,Equity-Only Minimum Variance,none,0.0,base,PSA,RealEstate,0.0,,1.0,0.0,0.0,False,False,False
2022-05-31,2022-06-01,2022-05-31,Equity-Only Minimum Variance,none,0.0,base,QCOM,Tech,0.0,,1.0,0.0,0.0,False,False,False
2022-05-31,2022-06-01,2022-05-31,Equity-Only Minimum Variance,none,0.0,base,SBUX,Consumer,0.0,,1.0,0.0,0.0,False,False,False
2022-05-31,2022-06-01,2022-05-31,Equity-Only Minimum Variance,none,0.0,base,SHW,Materials,0.0529151636926018,,1.0,0.0529151636926018,0.0529151636926018,False,False,False
2022-05-31,2022-06-01,2022-05-31,Equity-Only Minimum Variance,none,0.0,base,SLB,Energy,0.0,,1.0,0.0,0.0,False,False,False
2022-05-31,2022-06-01,2022-05-31,Equity-Only Minimum Variance,none,0.0,base,SO,Utilities,0.0449974871882794,,1.0,0.0449974871882794,0.0449974871882794,False,False,False
2022-05-31,2022-06-01,2022-05-31,Equity-Only Minimum Variance,none,0.0,base,T,Comm,0.0,,1.0,0.0,0.0,False,False,False
2022-05-31,2022-06-01,2022-05-31,Equity-Only Minimum Variance,none,0.0,base,TMUS,Comm,0.0,,1.0,0.0,0.0,False,False,False
2022-05-31,2022-06-01,2022-05-31,Equity-Only Minimum Variance,none,0.0,base,TTWO,Comm,0.0262921259706589,,1.0,0.0262921259706589,0.0262921259706589,False,False,False
2022-05-31,2022-06-01,2022-05-31,Equity-Only Minimum Variance,none,0.0,base,UPS,Industrials,0.0,,1.0,0.0,0.0,False,False,False
2022-05-31,2022-06-01,2022-05-31,Equity-Only Minimum Variance,none,0.0,base,USB,Financials,0.0,,1.0,0.0,0.0,False,False,False
2022-05-31,2022-06-01,2022-05-31,Equity-Only Minimum Variance,none,0.0,base,V,Financials,0.0,,1.0,0.0,0.0,False,False,False
2022-05-31,2022-06-01,2022-05-31,Equity-Only Minimum Variance,none,0.0,base,WFC,Financials,0.0,,1.0,0.0,0.0,False,False,False
2022-05-31,2022-06-01,2022-05-31,Equity-Only Minimum Variance,none,0.0,base,WMT,Consumer,0.0854335027177844,,1.0,0.0854335027177844,0.0854335027177844,False,False,False
2022-05-31,2022-06-01,2022-05-31,Equity-Only Minimum Variance,none,0.0,base,XOM,Energy,0.0,,1.0,0.0,0.0,False,False,False
2022-06-30,2022-07-01,2022-06-30,Equity-Only Minimum Variance,none,0.0,base,ABBV,Healthcare,0.043417294380612,,1.0,0.043417294380612,0.043417294380612,False,False,False
2022-06-30,2022-07-01,2022-06-30,Equity-Only Minimum Variance,none,0.0,base,ABT,Healthcare,0.0,,1.0,0.0,0.0,False,False,False
2022-06-30,2022-07-01,2022-06-30,Equity-Only Minimum Variance,none,0.0,base,ADBE,Tech,0.0,,1.0,0.0,0.0,False,False,False
2022-06-30,2022-07-01,2022-06-30,Equity-Only Minimum Variance,none,0.0,base,AEP,Utilities,0.0,,1.0,0.0,0.0,False,False,False
2022-06-30,2022-07-01,2022-06-30,Equity-Only Minimum Variance,none,0.0,base,AMD,Tech,0.0,,1.0,0.0,0.0,False,False,False
2022-06-30,2022-07-01,2022-06-30,Equity-Only Minimum Variance,none,0.0,base,AMGN,Healthcare,0.0697782204148557,,1.0,0.0697782204148557,0.0697782204148557,False,False,False
2022-06-30,2022-07-01,2022-06-30,Equity-Only Minimum Variance,none,0.0,base,AMT,RealEstate,0.0,,1.0,0.0,0.0,False,False,False
2022-06-30,2022-07-01,2022-06-30,Equity-Only Minimum Variance,none,0.0,base,BA,Industrials,0.0,,1.0,0.0,0.0,False,False,False
2022-06-30,2022-07-01,2022-06-30,Equity-Only Minimum Variance,none,0.0,base,CAT,Industrials,0.0082103843282331,,1.0,0.0082103843282331,0.0082103843282331,False,False,False
2022-06-30,2022-07-01,2022-06-30,Equity-Only Minimum Variance,none,0.0,base,CCI,RealEstate,0.0,,1.0,0.0,0.0,False,False,False
2022-06-30,2022-07-01,2022-06-30,Equity-Only Minimum Variance,none,0.0,base,CMCSA,Comm,0.0,,1.0,0.0,0.0,False,False,False
2022-06-30,2022-07-01,2022-06-30,Equity-Only Minimum Variance,none,0.0,base,COP,Energy,0.0,,1.0,0.0,0.0,False,False,False
2022-06-30,2022-07-01,2022-06-30,Equity-Only Minimum Variance,none,0.0,base,CVX,Energy,0.0472789925405632,,1.0,0.0472789925405632,0.0472789925405632,False,False,False
2022-06-30,2022-07-01,2022-06-30,Equity-Only Minimum Variance,none,0.0,base,D,Utilities,0.0,,1.0,0.0,0.0,False,False,False
2022-06-30,2022-07-01,2022-06-30,Equity-Only Minimum Variance,none,0.0,base,DD,Materials,0.0,,1.0,0.0,0.0,False,False,False
2022-06-30,2022-07-01,2022-06-30,Equity-Only Minimum Variance,none,0.0,base,DIS,Consumer,0.052606330128295,,1.0,0.052606330128295,0.052606330128295,False,False,False
2022-06-30,2022-07-01,2022-06-30,Equity-Only Minimum Variance,none,0.0,base,DOW,Materials,0.0,,1.0,0.0,0.0,False,False,False
2022-06-30,2022-07-01,2022-06-30,Equity-Only Minimum Variance,none,0.0,base,DUK,Utilities,0.1784729344495711,,1.0,0.1784729344495711,0.1784729344495711,False,False,False
2022-06-30,2022-07-01,2022-06-30,Equity-Only Minimum Variance,none,0.0,base,EA,Comm,0.0911656686957825,,1.0,0.0911656686957825,0.0911656686957825,False,False,False
2022-06-30,2022-07-01,2022-06-30,Equity-Only Minimum Variance,none,0.0,base,GE,Industrials,0.0,,1.0,0.0,0.0,False,False,False
2022-06-30,2022-07-01,2022-06-30,Equity-Only Minimum Variance,none,0.0,base,GILD,Healthcare,0.1756407362498276,,1.0,0.1756407362498276,0.1756407362498276,False,False,False
2022-06-30,2022-07-01,2022-06-30,Equity-Only Minimum Variance,none,0.0,base,GS,Financials,0.0,,1.0,0.0,0.0,False,False,False
2022-06-30,2022-07-01,2022-06-30,Equity-Only Minimum Variance,none,0.0,base,INTC,Tech,0.0,,1.0,0.0,0.0,False,False,False
2022-06-30,2022-07-01,2022-06-30,Equity-Only Minimum Variance,none,0.0,base,KO,Consumer,0.0296569958874038,,1.0,0.0296569958874038,0.0296569958874038,False,False,False
2022-06-30,2022-07-01,2022-06-30,Equity-Only Minimum Variance,none,0.0,base,MMM,Industrials,0.0025679161598694,,1.0,0.0025679161598694,0.0025679161598694,False,False,False
2022-06-30,2022-07-01,2022-06-30,Equity-Only Minimum Variance,none,0.0,base,MRK,Healthcare,0.0616805833817453,,1.0,0.0616805833817453,0.0616805833817453,False,False,False
2022-06-30,2022-07-01,2022-06-30,Equity-Only Minimum Variance,none,0.0,base,MS,Financials,0.0,,1.0,0.0,0.0,False,False,False
2022-06-30,2022-07-01,2022-06-30,Equity-Only Minimum Variance,none,0.0,base,NEE,Utilities,0.0,,1.0,0.0,0.0,False,False,False
2022-06-30,2022-07-01,2022-06-30,Equity-Only Minimum Variance,none,0.0,base,NEM,Materials,0.0617696676719487,,1.0,0.0617696676719487,0.0617696676719487,False,False,False
2022-06-30,2022-07-01,2022-06-30,Equity-Only Minimum Variance,none,0.0,base,NKE,Consumer,0.0,,1.0,0.0,0.0,False,False,False
2022-06-30,2022-07-01,2022-06-30,Equity-Only Minimum Variance,none,0.0,base,NUE,Materials,0.0,,1.0,0.0,0.0,False,False,False
2022-06-30,2022-07-01,2022-06-30,Equity-Only Minimum Variance,none,0.0,base,NVDA,Tech,0.0,,1.0,0.0,0.0,False,False,False
2022-06-30,2022-07-01,2022-06-30,Equity-Only Minimum Variance,none,0.0,base,O,RealEstate,0.0,,1.0,0.0,0.0,False,False,False
2022-06-30,2022-07-01,2022-06-30,Equity-Only Minimum Variance,none,0.0,base,OXY,Energy,0.0,,1.0,0.0,0.0,False,False,False
2022-06-30,2022-07-01,2022-06-30,Equity-Only Minimum Variance,none,0.0,base,PLD,RealEstate,0.0,,1.0,0.0,0.0,False,False,False
2022-06-30,2022-07-01,2022-06-30,Equity-Only Minimum Variance,none,0.0,base,PSA,RealEstate,0.0,,1.0,0.0,0.0,False,False,False
2022-06-30,2022-07-01,2022-06-30,Equity-Only Minimum Variance,none,0.0,base,QCOM,Tech,0.0,,1.0,0.0,0.0,False,False,False
2022-06-30,2022-07-01,2022-06-30,Equity-Only Minimum Variance,none,0.0,base,SBUX,Consumer,0.0,,1.0,0.0,0.0,False,False,False
2022-06-30,2022-07-01,2022-06-30,Equity-Only Minimum Variance,none,0.0,base,SHW,Materials,0.0272523322935322,,1.0,0.0272523322935322,0.0272523322935322,False,False,False
2022-06-30,2022-07-01,2022-06-30,Equity-Only Minimum Variance,none,0.0,base,SLB,Energy,0.0,,1.0,0.0,0.0,False,False,False
2022-06-30,2022-07-01,2022-06-30,Equity-Only Minimum Variance,none,0.0,base,SO,Utilities,0.0032851742618503,,1.0,0.0032851742618503,0.0032851742618503,False,False,False
2022-06-30,2022-07-01,2022-06-30,Equity-Only Minimum Variance,none,0.0,base,T,Comm,0.0,,1.0,0.0,0.0,False,False,False
2022-06-30,2022-07-01,2022-06-30,Equity-Only Minimum Variance,none,0.0,base,TMUS,Comm,0.0,,1.0,0.0,0.0,False,False,False
2022-06-30,2022-07-01,2022-06-30,Equity-Only Minimum Variance,none,0.0,base,TTWO,Comm,0.0274539972318897,,1.0,0.0274539972318897,0.0274539972318897,False,False,False
2022-06-30,2022-07-01,2022-06-30,Equity-Only Minimum Variance,none,0.0,base,UPS,Industrials,0.0083646598434329,,1.0,0.0083646598434329,0.0083646598434329,False,False,False
2022-06-30,2022-07-01,2022-06-30,Equity-Only Minimum Variance,none,0.0,base,USB,Financials,0.0,,1.0,0.0,0.0,False,False,False
2022-06-30,2022-07-01,2022-06-30,Equity-Only Minimum Variance,none,0.0,base,V,Financials,0.0,,1.0,0.0,0.0,False,False,False
2022-06-30,2022-07-01,2022-06-30,Equity-Only Minimum Variance,none,0.0,base,WFC,Financials,0.0,,1.0,0.0,0.0,False,False,False
2022-06-30,2022-07-01,2022-06-30,Equity-Only Minimum Variance,none,0.0,base,WMT,Consumer,0.111398112080587,,1.0,0.111398112080587,0.111398112080587,False,False,False
2022-06-30,2022-07-01,2022-06-30,Equity-Only Minimum Variance,none,0.0,base,XOM,Energy,0.0,,1.0,0.0,0.0,False,False,False
2022-07-29,2022-08-01,2022-07-29,Equity-Only Minimum Variance,none,0.0,base,ABBV,Healthcare,0.0545086637184896,,1.0,0.0545086637184896,0.0545086637184896,False,False,False
2022-07-29,2022-08-01,2022-07-29,Equity-Only Minimum Variance,none,0.0,base,ABT,Healthcare,0.0,,1.0,0.0,0.0,False,False,False
2022-07-29,2022-08-01,2022-07-29,Equity-Only Minimum Variance,none,0.0,base,ADBE,Tech,0.0,,1.0,0.0,0.0,False,False,False
2022-07-29,2022-08-01,2022-07-29,Equity-Only Minimum Variance,none,0.0,base,AEP,Utilities,0.0,,1.0,0.0,0.0,False,False,False
2022-07-29,2022-08-01,2022-07-29,Equity-Only Minimum Variance,none,0.0,base,AMD,Tech,0.0,,1.0,0.0,0.0,False,False,False
2022-07-29,2022-08-01,2022-07-29,Equity-Only Minimum Variance,none,0.0,base,AMGN,Healthcare,0.0751375385360182,,1.0,0.0751375385360182,0.0751375385360182,False,False,False
2022-07-29,2022-08-01,2022-07-29,Equity-Only Minimum Variance,none,0.0,base,AMT,RealEstate,0.0,,1.0,0.0,0.0,False,False,False
2022-07-29,2022-08-01,2022-07-29,Equity-Only Minimum Variance,none,0.0,base,BA,Industrials,0.0,,1.0,0.0,0.0,False,False,False
2022-07-29,2022-08-01,2022-07-29,Equity-Only Minimum Variance,none,0.0,base,CAT,Industrials,0.0,,1.0,0.0,0.0,False,False,False
2022-07-29,2022-08-01,2022-07-29,Equity-Only Minimum Variance,none,0.0,base,CCI,RealEstate,0.0,,1.0,0.0,0.0,False,False,False
2022-07-29,2022-08-01,2022-07-29,Equity-Only Minimum Variance,none,0.0,base,CMCSA,Comm,0.0,,1.0,0.0,0.0,False,False,False
2022-07-29,2022-08-01,2022-07-29,Equity-Only Minimum Variance,none,0.0,base,COP,Energy,0.0,,1.0,0.0,0.0,False,False,False
2022-07-29,2022-08-01,2022-07-29,Equity-Only Minimum Variance,none,0.0,base,CVX,Energy,0.0480287322779029,,1.0,0.0480287322779029,0.0480287322779029,False,False,False
2022-07-29,2022-08-01,2022-07-29,Equity-Only Minimum Variance,none,0.0,base,D,Utilities,0.0,,1.0,0.0,0.0,False,False,False
2022-07-29,2022-08-01,2022-07-29,Equity-Only Minimum Variance,none,0.0,base,DD,Materials,0.0,,1.0,0.0,0.0,False,False,False
2022-07-29,2022-08-01,2022-07-29,Equity-Only Minimum Variance,none,0.0,base,DIS,Consumer,0.0518816306479453,,1.0,0.0518816306479453,0.0518816306479453,False,False,False
2022-07-29,2022-08-01,2022-07-29,Equity-Only Minimum Variance,none,0.0,base,DOW,Materials,0.0,,1.0,0.0,0.0,False,False,False
2022-07-29,2022-08-01,2022-07-29,Equity-Only Minimum Variance,none,0.0,base,DUK,Utilities,0.1642614616803114,,1.0,0.1642614616803114,0.1642614616803114,False,False,False
2022-07-29,2022-08-01,2022-07-29,Equity-Only Minimum Variance,none,0.0,base,EA,Comm,0.0956673599843583,,1.0,0.0956673599843583,0.0956673599843583,False,False,False
2022-07-29,2022-08-01,2022-07-29,Equity-Only Minimum Variance,none,0.0,base,GE,Industrials,0.0,,1.0,0.0,0.0,False,False,False
2022-07-29,2022-08-01,2022-07-29,Equity-Only Minimum Variance,none,0.0,base,GILD,Healthcare,0.1690246579855002,,1.0,0.1690246579855002,0.1690246579855002,False,False,False
2022-07-29,2022-08-01,2022-07-29,Equity-Only Minimum Variance,none,0.0,base,GS,Financials,0.0,,1.0,0.0,0.0,False,False,False
2022-07-29,2022-08-01,2022-07-29,Equity-Only Minimum Variance,none,0.0,base,INTC,Tech,0.0,,1.0,0.0,0.0,False,False,False
2022-07-29,2022-08-01,2022-07-29,Equity-Only Minimum Variance,none,0.0,base,KO,Consumer,0.0260631903696107,,1.0,0.0260631903696107,0.0260631903696107,False,False,False
2022-07-29,2022-08-01,2022-07-29,Equity-Only Minimum Variance,none,0.0,base,MMM,Industrials,0.0321050016207246,,1.0,0.0321050016207246,0.0321050016207246,False,False,False
2022-07-29,2022-08-01,2022-07-29,Equity-Only Minimum Variance,none,0.0,base,MRK,Healthcare,0.0619976273882628,,1.0,0.0619976273882628,0.0619976273882628,False,False,False
2022-07-29,2022-08-01,2022-07-29,Equity-Only Minimum Variance,none,0.0,base,MS,Financials,0.0,,1.0,0.0,0.0,False,False,False
2022-07-29,2022-08-01,2022-07-29,Equity-Only Minimum Variance,none,0.0,base,NEE,Utilities,0.0,,1.0,0.0,0.0,False,False,False
2022-07-29,2022-08-01,2022-07-29,Equity-Only Minimum Variance,none,0.0,base,NEM,Materials,0.0594601836292725,,1.0,0.0594601836292725,0.0594601836292725,False,False,False
2022-07-29,2022-08-01,2022-07-29,Equity-Only Minimum Variance,none,0.0,base,NKE,Consumer,0.0,,1.0,0.0,0.0,False,False,False
2022-07-29,2022-08-01,2022-07-29,Equity-Only Minimum Variance,none,0.0,base,NUE,Materials,0.0,,1.0,0.0,0.0,False,False,False
2022-07-29,2022-08-01,2022-07-29,Equity-Only Minimum Variance,none,0.0,base,NVDA,Tech,0.0,,1.0,0.0,0.0,False,False,False
2022-07-29,2022-08-01,2022-07-29,Equity-Only Minimum Variance,none,0.0,base,O,RealEstate,0.0,,1.0,0.0,0.0,False,False,False
2022-07-29,2022-08-01,2022-07-29,Equity-Only Minimum Variance,none,0.0,base,OXY,Energy,0.0,,1.0,0.0,0.0,False,False,False
2022-07-29,2022-08-01,2022-07-29,Equity-Only Minimum Variance,none,0.0,base,PLD,RealEstate,0.0,,1.0,0.0,0.0,False,False,False
2022-07-29,2022-08-01,2022-07-29,Equity-Only Minimum Variance,none,0.0,base,PSA,RealEstate,0.0,,1.0,0.0,0.0,False,False,False
2022-07-29,2022-08-01,2022-07-29,Equity-Only Minimum Variance,none,0.0,base,QCOM,Tech,0.0,,1.0,0.0,0.0,False,False,False
2022-07-29,2022-08-01,2022-07-29,Equity-Only Minimum Variance,none,0.0,base,SBUX,Consumer,0.0,,1.0,0.0,0.0,False,False,False
2022-07-29,2022-08-01,2022-07-29,Equity-Only Minimum Variance,none,0.0,base,SHW,Materials,0.0229969578391255,,1.0,0.0229969578391255,0.0229969578391255,False,False,False
2022-07-29,2022-08-01,2022-07-29,Equity-Only Minimum Variance,none,0.0,base,SLB,Energy,0.0,,1.0,0.0,0.0,False,False,False
2022-07-29,2022-08-01,2022-07-29,Equity-Only Minimum Variance,none,0.0,base,SO,Utilities,0.0025290269910985,,1.0,0.0025290269910985,0.0025290269910985,False,False,False
2022-07-29,2022-08-01,2022-07-29,Equity-Only Minimum Variance,none,0.0,base,T,Comm,0.0,,1.0,0.0,0.0,False,False,False
2022-07-29,2022-08-01,2022-07-29,Equity-Only Minimum Variance,none,0.0,base,TMUS,Comm,0.0,,1.0,0.0,0.0,False,False,False
2022-07-29,2022-08-01,2022-07-29,Equity-Only Minimum Variance,none,0.0,base,TTWO,Comm,0.0272890368585703,,1.0,0.0272890368585703,0.0272890368585703,False,False,False
2022-07-29,2022-08-01,2022-07-29,Equity-Only Minimum Variance,none,0.0,base,UPS,Industrials,0.0,,1.0,0.0,0.0,False,False,False
2022-07-29,2022-08-01,2022-07-29,Equity-Only Minimum Variance,none,0.0,base,USB,Financials,0.0,,1.0,0.0,0.0,False,False,False
2022-07-29,2022-08-01,2022-07-29,Equity-Only Minimum Variance,none,0.0,base,V,Financials,0.0,,1.0,0.0,0.0,False,False,False
2022-07-29,2022-08-01,2022-07-29,Equity-Only Minimum Variance,none,0.0,base,WFC,Financials,0.0,,1.0,0.0,0.0,False,False,False
2022-07-29,2022-08-01,2022-07-29,Equity-Only Minimum Variance,none,0.0,base,WMT,Consumer,0.1090489304728087,,1.0,0.1090489304728087,0.1090489304728087,False,False,False
2022-07-29,2022-08-01,2022-07-29,Equity-Only Minimum Variance,none,0.0,base,XOM,Energy,0.0,,1.0,0.0,0.0,False,False,False
2022-08-31,2022-09-01,2022-08-31,Equity-Only Minimum Variance,none,0.0,base,ABBV,Healthcare,0.0536434278939202,,1.0,0.0536434278939202,0.0536434278939202,False,False,False
2022-08-31,2022-09-01,2022-08-31,Equity-Only Minimum Variance,none,0.0,base,ABT,Healthcare,0.0,,1.0,0.0,0.0,False,False,False
2022-08-31,2022-09-01,2022-08-31,Equity-Only Minimum Variance,none,0.0,base,ADBE,Tech,0.0,,1.0,0.0,0.0,False,False,False
2022-08-31,2022-09-01,2022-08-31,Equity-Only Minimum Variance,none,0.0,base,AEP,Utilities,0.0,,1.0,0.0,0.0,False,False,False
2022-08-31,2022-09-01,2022-08-31,Equity-Only Minimum Variance,none,0.0,base,AMD,Tech,0.0,,1.0,0.0,0.0,False,False,False
2022-08-31,2022-09-01,2022-08-31,Equity-Only Minimum Variance,none,0.0,base,AMGN,Healthcare,0.133770645598937,,1.0,0.133770645598937,0.133770645598937,False,False,False
2022-08-31,2022-09-01,2022-08-31,Equity-Only Minimum Variance,none,0.0,base,AMT,RealEstate,0.0,,1.0,0.0,0.0,False,False,False
2022-08-31,2022-09-01,2022-08-31,Equity-Only Minimum Variance,none,0.0,base,BA,Industrials,0.0,,1.0,0.0,0.0,False,False,False
2022-08-31,2022-09-01,2022-08-31,Equity-Only Minimum Variance,none,0.0,base,CAT,Industrials,0.0,,1.0,0.0,0.0,False,False,False
2022-08-31,2022-09-01,2022-08-31,Equity-Only Minimum Variance,none,0.0,base,CCI,RealEstate,0.0,,1.0,0.0,0.0,False,False,False
2022-08-31,2022-09-01,2022-08-31,Equity-Only Minimum Variance,none,0.0,base,CMCSA,Comm,0.0,,1.0,0.0,0.0,False,False,False
2022-08-31,2022-09-01,2022-08-31,Equity-Only Minimum Variance,none,0.0,base,COP,Energy,0.0,,1.0,0.0,0.0,False,False,False
2022-08-31,2022-09-01,2022-08-31,Equity-Only Minimum Variance,none,0.0,base,CVX,Energy,0.0739686101433591,,1.0,0.0739686101433591,0.0739686101433591,False,False,False
2022-08-31,2022-09-01,2022-08-31,Equity-Only Minimum Variance,none,0.0,base,D,Utilities,0.0,,1.0,0.0,0.0,False,False,False
2022-08-31,2022-09-01,2022-08-31,Equity-Only Minimum Variance,none,0.0,base,DD,Materials,0.0,,1.0,0.0,0.0,False,False,False
2022-08-31,2022-09-01,2022-08-31,Equity-Only Minimum Variance,none,0.0,base,DIS,Consumer,0.0298601514968296,,1.0,0.0298601514968296,0.0298601514968296,False,False,False
2022-08-31,2022-09-01,2022-08-31,Equity-Only Minimum Variance,none,0.0,base,DOW,Materials,0.0,,1.0,0.0,0.0,False,False,False
2022-08-31,2022-09-01,2022-08-31,Equity-Only Minimum Variance,none,0.0,base,DUK,Utilities,0.1168555060329907,,1.0,0.1168555060329907,0.1168555060329907,False,False,False
2022-08-31,2022-09-01,2022-08-31,Equity-Only Minimum Variance,none,0.0,base,EA,Comm,0.1019097386081632,,1.0,0.1019097386081632,0.1019097386081632,False,False,False
2022-08-31,2022-09-01,2022-08-31,Equity-Only Minimum Variance,none,0.0,base,GE,Industrials,0.0,,1.0,0.0,0.0,False,False,False
2022-08-31,2022-09-01,2022-08-31,Equity-Only Minimum Variance,none,0.0,base,GILD,Healthcare,0.142524244327737,,1.0,0.142524244327737,0.142524244327737,False,False,False
2022-08-31,2022-09-01,2022-08-31,Equity-Only Minimum Variance,none,0.0,base,GS,Financials,0.0,,1.0,0.0,0.0,False,False,False
2022-08-31,2022-09-01,2022-08-31,Equity-Only Minimum Variance,none,0.0,base,INTC,Tech,0.0,,1.0,0.0,0.0,False,False,False
2022-08-31,2022-09-01,2022-08-31,Equity-Only Minimum Variance,none,0.0,base,KO,Consumer,0.0323693398370629,,1.0,0.0323693398370629,0.0323693398370629,False,False,False
2022-08-31,2022-09-01,2022-08-31,Equity-Only Minimum Variance,none,0.0,base,MMM,Industrials,0.0,,1.0,0.0,0.0,False,False,False
2022-08-31,2022-09-01,2022-08-31,Equity-Only Minimum Variance,none,0.0,base,MRK,Healthcare,0.0646693637507676,,1.0,0.0646693637507676,0.0646693637507676,False,False,False
2022-08-31,2022-09-01,2022-08-31,Equity-Only Minimum Variance,none,0.0,base,MS,Financials,0.0,,1.0,0.0,0.0,False,False,False
2022-08-31,2022-09-01,2022-08-31,Equity-Only Minimum Variance,none,0.0,base,NEE,Utilities,0.0,,1.0,0.0,0.0,False,False,False
2022-08-31,2022-09-01,2022-08-31,Equity-Only Minimum Variance,none,0.0,base,NEM,Materials,0.059496057592236,,1.0,0.059496057592236,0.059496057592236,False,False,False
2022-08-31,2022-09-01,2022-08-31,Equity-Only Minimum Variance,none,0.0,base,NKE,Consumer,0.0,,1.0,0.0,0.0,False,False,False
2022-08-31,2022-09-01,2022-08-31,Equity-Only Minimum Variance,none,0.0,base,NUE,Materials,0.0,,1.0,0.0,0.0,False,False,False
2022-08-31,2022-09-01,2022-08-31,Equity-Only Minimum Variance,none,0.0,base,NVDA,Tech,0.0,,1.0,0.0,0.0,False,False,False
2022-08-31,2022-09-01,2022-08-31,Equity-Only Minimum Variance,none,0.0,base,O,RealEstate,0.0190629835490111,,1.0,0.0190629835490111,0.0190629835490111,False,False,False
2022-08-31,2022-09-01,2022-08-31,Equity-Only Minimum Variance,none,0.0,base,OXY,Energy,0.0,,1.0,0.0,0.0,False,False,False
2022-08-31,2022-09-01,2022-08-31,Equity-Only Minimum Variance,none,0.0,base,PLD,RealEstate,0.0,,1.0,0.0,0.0,False,False,False
2022-08-31,2022-09-01,2022-08-31,Equity-Only Minimum Variance,none,0.0,base,PSA,RealEstate,0.0,,1.0,0.0,0.0,False,False,False
2022-08-31,2022-09-01,2022-08-31,Equity-Only Minimum Variance,none,0.0,base,QCOM,Tech,0.0,,1.0,0.0,0.0,False,False,False
2022-08-31,2022-09-01,2022-08-31,Equity-Only Minimum Variance,none,0.0,base,SBUX,Consumer,0.0,,1.0,0.0,0.0,False,False,False
2022-08-31,2022-09-01,2022-08-31,Equity-Only Minimum Variance,none,0.0,base,SHW,Materials,0.0257172350229008,,1.0,0.0257172350229008,0.0257172350229008,False,False,False
2022-08-31,2022-09-01,2022-08-31,Equity-Only Minimum Variance,none,0.0,base,SLB,Energy,0.0,,1.0,0.0,0.0,False,False,False
2022-08-31,2022-09-01,2022-08-31,Equity-Only Minimum Variance,none,0.0,base,SO,Utilities,0.0306219679750949,,1.0,0.0306219679750949,0.0306219679750949,False,False,False
2022-08-31,2022-09-01,2022-08-31,Equity-Only Minimum Variance,none,0.0,base,T,Comm,0.0,,1.0,0.0,0.0,False,False,False
2022-08-31,2022-09-01,2022-08-31,Equity-Only Minimum Variance,none,0.0,base,TMUS,Comm,0.0,,1.0,0.0,0.0,False,False,False
2022-08-31,2022-09-01,2022-08-31,Equity-Only Minimum Variance,none,0.0,base,TTWO,Comm,0.0121737302143287,,1.0,0.0121737302143287,0.0121737302143287,False,False,False
2022-08-31,2022-09-01,2022-08-31,Equity-Only Minimum Variance,none,0.0,base,UPS,Industrials,0.0042261330727831,,1.0,0.0042261330727831,0.0042261330727831,False,False,False
2022-08-31,2022-09-01,2022-08-31,Equity-Only Minimum Variance,none,0.0,base,USB,Financials,0.0,,1.0,0.0,0.0,False,False,False
2022-08-31,2022-09-01,2022-08-31,Equity-Only Minimum Variance,none,0.0,base,V,Financials,0.0,,1.0,0.0,0.0,False,False,False
2022-08-31,2022-09-01,2022-08-31,Equity-Only Minimum Variance,none,0.0,base,WFC,Financials,0.0,,1.0,0.0,0.0,False,False,False
2022-08-31,2022-09-01,2022-08-31,Equity-Only Minimum Variance,none,0.0,base,WMT,Consumer,0.0991308648838773,,1.0,0.0991308648838773,0.0991308648838773,False,False,False
2022-08-31,2022-09-01,2022-08-31,Equity-Only Minimum Variance,none,0.0,base,XOM,Energy,0.0,,1.0,0.0,0.0,False,False,False
2022-09-30,2022-10-03,2022-09-30,Equity-Only Minimum Variance,none,0.0,base,ABBV,Healthcare,0.0732522211490264,,1.0,0.0732522211490264,0.0732522211490264,False,False,False
2022-09-30,2022-10-03,2022-09-30,Equity-Only Minimum Variance,none,0.0,base,ABT,Healthcare,0.0,,1.0,0.0,0.0,False,False,False
2022-09-30,2022-10-03,2022-09-30,Equity-Only Minimum Variance,none,0.0,base,ADBE,Tech,0.0,,1.0,0.0,0.0,False,False,False
2022-09-30,2022-10-03,2022-09-30,Equity-Only Minimum Variance,none,0.0,base,AEP,Utilities,0.0,,1.0,0.0,0.0,False,False,False
2022-09-30,2022-10-03,2022-09-30,Equity-Only Minimum Variance,none,0.0,base,AMD,Tech,0.0,,1.0,0.0,0.0,False,False,False
2022-09-30,2022-10-03,2022-09-30,Equity-Only Minimum Variance,none,0.0,base,AMGN,Healthcare,0.1648368203171335,,1.0,0.1648368203171335,0.1648368203171335,False,False,False
2022-09-30,2022-10-03,2022-09-30,Equity-Only Minimum Variance,none,0.0,base,AMT,RealEstate,0.0,,1.0,0.0,0.0,False,False,False
2022-09-30,2022-10-03,2022-09-30,Equity-Only Minimum Variance,none,0.0,base,BA,Industrials,0.0,,1.0,0.0,0.0,False,False,False
2022-09-30,2022-10-03,2022-09-30,Equity-Only Minimum Variance,none,0.0,base,CAT,Industrials,0.0,,1.0,0.0,0.0,False,False,False
2022-09-30,2022-10-03,2022-09-30,Equity-Only Minimum Variance,none,0.0,base,CCI,RealEstate,0.0,,1.0,0.0,0.0,False,False,False
2022-09-30,2022-10-03,2022-09-30,Equity-Only Minimum Variance,none,0.0,base,CMCSA,Comm,0.0,,1.0,0.0,0.0,False,False,False
2022-09-30,2022-10-03,2022-09-30,Equity-Only Minimum Variance,none,0.0,base,COP,Energy,0.0,,1.0,0.0,0.0,False,False,False
2022-09-30,2022-10-03,2022-09-30,Equity-Only Minimum Variance,none,0.0,base,CVX,Energy,0.0777440136202092,,1.0,0.0777440136202092,0.0777440136202092,False,False,False
2022-09-30,2022-10-03,2022-09-30,Equity-Only Minimum Variance,none,0.0,base,D,Utilities,0.0,,1.0,0.0,0.0,False,False,False
2022-09-30,2022-10-03,2022-09-30,Equity-Only Minimum Variance,none,0.0,base,DD,Materials,0.0,,1.0,0.0,0.0,False,False,False
2022-09-30,2022-10-03,2022-09-30,Equity-Only Minimum Variance,none,0.0,base,DIS,Consumer,0.0,,1.0,0.0,0.0,False,False,False
2022-09-30,2022-10-03,2022-09-30,Equity-Only Minimum Variance,none,0.0,base,DOW,Materials,0.0,,1.0,0.0,0.0,False,False,False
2022-09-30,2022-10-03,2022-09-30,Equity-Only Minimum Variance,none,0.0,base,DUK,Utilities,0.0578576892474824,,1.0,0.0578576892474824,0.0578576892474824,False,False,False
2022-09-30,2022-10-03,2022-09-30,Equity-Only Minimum Variance,none,0.0,base,EA,Comm,0.0946902394116948,,1.0,0.0946902394116948,0.0946902394116948,False,False,False
2022-09-30,2022-10-03,2022-09-30,Equity-Only Minimum Variance,none,0.0,base,GE,Industrials,0.0,,1.0,0.0,0.0,False,False,False
2022-09-30,2022-10-03,2022-09-30,Equity-Only Minimum Variance,none,0.0,base,GILD,Healthcare,0.0974731682058417,,1.0,0.0974731682058417,0.0974731682058417,False,False,False
2022-09-30,2022-10-03,2022-09-30,Equity-Only Minimum Variance,none,0.0,base,GS,Financials,0.0,,1.0,0.0,0.0,False,False,False
2022-09-30,2022-10-03,2022-09-30,Equity-Only Minimum Variance,none,0.0,base,INTC,Tech,0.0,,1.0,0.0,0.0,False,False,False
2022-09-30,2022-10-03,2022-09-30,Equity-Only Minimum Variance,none,0.0,base,KO,Consumer,0.0629928517538217,,1.0,0.0629928517538217,0.0629928517538217,False,False,False
2022-09-30,2022-10-03,2022-09-30,Equity-Only Minimum Variance,none,0.0,base,MMM,Industrials,0.0204597539489337,,1.0,0.0204597539489337,0.0204597539489337,False,False,False
2022-09-30,2022-10-03,2022-09-30,Equity-Only Minimum Variance,none,0.0,base,MRK,Healthcare,0.0784927707340805,,1.0,0.0784927707340805,0.0784927707340805,False,False,False
2022-09-30,2022-10-03,2022-09-30,Equity-Only Minimum Variance,none,0.0,base,MS,Financials,0.0,,1.0,0.0,0.0,False,False,False
2022-09-30,2022-10-03,2022-09-30,Equity-Only Minimum Variance,none,0.0,base,NEE,Utilities,0.0,,1.0,0.0,0.0,False,False,False
2022-09-30,2022-10-03,2022-09-30,Equity-Only Minimum Variance,none,0.0,base,NEM,Materials,0.0556210288028257,,1.0,0.0556210288028257,0.0556210288028257,False,False,False
2022-09-30,2022-10-03,2022-09-30,Equity-Only Minimum Variance,none,0.0,base,NKE,Consumer,0.0,,1.0,0.0,0.0,False,False,False
2022-09-30,2022-10-03,2022-09-30,Equity-Only Minimum Variance,none,0.0,base,NUE,Materials,0.0,,1.0,0.0,0.0,False,False,False
2022-09-30,2022-10-03,2022-09-30,Equity-Only Minimum Variance,none,0.0,base,NVDA,Tech,0.0,,1.0,0.0,0.0,False,False,False
2022-09-30,2022-10-03,2022-09-30,Equity-Only Minimum Variance,none,0.0,base,O,RealEstate,0.0727570623837457,,1.0,0.0727570623837457,0.0727570623837457,False,False,False
2022-09-30,2022-10-03,2022-09-30,Equity-Only Minimum Variance,none,0.0,base,OXY,Energy,0.0,,1.0,0.0,0.0,False,False,False
2022-09-30,2022-10-03,2022-09-30,Equity-Only Minimum Variance,none,0.0,base,PLD,RealEstate,0.0,,1.0,0.0,0.0,False,False,False
2022-09-30,2022-10-03,2022-09-30,Equity-Only Minimum Variance,none,0.0,base,PSA,RealEstate,0.0,,1.0,0.0,0.0,False,False,False
2022-09-30,2022-10-03,2022-09-30,Equity-Only Minimum Variance,none,0.0,base,QCOM,Tech,0.0,,1.0,0.0,0.0,False,False,False
2022-09-30,2022-10-03,2022-09-30,Equity-Only Minimum Variance,none,0.0,base,SBUX,Consumer,0.0,,1.0,0.0,0.0,False,False,False
2022-09-30,2022-10-03,2022-09-30,Equity-Only Minimum Variance,none,0.0,base,SHW,Materials,0.0135538873477348,,1.0,0.0135538873477348,0.0135538873477348,False,False,False
2022-09-30,2022-10-03,2022-09-30,Equity-Only Minimum Variance,none,0.0,base,SLB,Energy,0.0,,1.0,0.0,0.0,False,False,False
2022-09-30,2022-10-03,2022-09-30,Equity-Only Minimum Variance,none,0.0,base,SO,Utilities,0.0,,1.0,0.0,0.0,False,False,False
2022-09-30,2022-10-03,2022-09-30,Equity-Only Minimum Variance,none,0.0,base,T,Comm,0.0,,1.0,0.0,0.0,False,False,False
2022-09-30,2022-10-03,2022-09-30,Equity-Only Minimum Variance,none,0.0,base,TMUS,Comm,0.0,,1.0,0.0,0.0,False,False,False
2022-09-30,2022-10-03,2022-09-30,Equity-Only Minimum Variance,none,0.0,base,TTWO,Comm,0.0136338485998738,,1.0,0.0136338485998738,0.0136338485998738,False,False,False
2022-09-30,2022-10-03,2022-09-30,Equity-Only Minimum Variance,none,0.0,base,UPS,Industrials,0.0009307205213781,,1.0,0.0009307205213781,0.0009307205213781,False,False,False
2022-09-30,2022-10-03,2022-09-30,Equity-Only Minimum Variance,none,0.0,base,USB,Financials,0.0,,1.0,0.0,0.0,False,False,False
2022-09-30,2022-10-03,2022-09-30,Equity-Only Minimum Variance,none,0.0,base,V,Financials,0.0,,1.0,0.0,0.0,False,False,False
2022-09-30,2022-10-03,2022-09-30,Equity-Only Minimum Variance,none,0.0,base,WFC,Financials,0.0,,1.0,0.0,0.0,False,False,False
2022-09-30,2022-10-03,2022-09-30,Equity-Only Minimum Variance,none,0.0,base,WMT,Consumer,0.1157039239562172,,1.0,0.1157039239562172,0.1157039239562172,False,False,False
2022-09-30,2022-10-03,2022-09-30,Equity-Only Minimum Variance,none,0.0,base,XOM,Energy,0.0,,1.0,0.0,0.0,False,False,False
2022-10-31,2022-11-01,2022-10-31,Equity-Only Minimum Variance,none,0.0,base,ABBV,Healthcare,0.0884388985407528,,1.0,0.0884388985407528,0.0884388985407528,False,False,False
2022-10-31,2022-11-01,2022-10-31,Equity-Only Minimum Variance,none,0.0,base,ABT,Healthcare,0.0,,1.0,0.0,0.0,False,False,False
2022-10-31,2022-11-01,2022-10-31,Equity-Only Minimum Variance,none,0.0,base,ADBE,Tech,0.0,,1.0,0.0,0.0,False,False,False
2022-10-31,2022-11-01,2022-10-31,Equity-Only Minimum Variance,none,0.0,base,AEP,Utilities,0.0,,1.0,0.0,0.0,False,False,False
2022-10-31,2022-11-01,2022-10-31,Equity-Only Minimum Variance,none,0.0,base,AMD,Tech,0.0,,1.0,0.0,0.0,False,False,False
2022-10-31,2022-11-01,2022-10-31,Equity-Only Minimum Variance,none,0.0,base,AMGN,Healthcare,0.1762036129743767,,1.0,0.1762036129743767,0.1762036129743767,False,False,False
2022-10-31,2022-11-01,2022-10-31,Equity-Only Minimum Variance,none,0.0,base,AMT,RealEstate,0.0,,1.0,0.0,0.0,False,False,False
2022-10-31,2022-11-01,2022-10-31,Equity-Only Minimum Variance,none,0.0,base,BA,Industrials,0.0,,1.0,0.0,0.0,False,False,False
2022-10-31,2022-11-01,2022-10-31,Equity-Only Minimum Variance,none,0.0,base,CAT,Industrials,0.0,,1.0,0.0,0.0,False,False,False
2022-10-31,2022-11-01,2022-10-31,Equity-Only Minimum Variance,none,0.0,base,CCI,RealEstate,0.0,,1.0,0.0,0.0,False,False,False
2022-10-31,2022-11-01,2022-10-31,Equity-Only Minimum Variance,none,0.0,base,CMCSA,Comm,0.0,,1.0,0.0,0.0,False,False,False
2022-10-31,2022-11-01,2022-10-31,Equity-Only Minimum Variance,none,0.0,base,COP,Energy,0.0,,1.0,0.0,0.0,False,False,False
2022-10-31,2022-11-01,2022-10-31,Equity-Only Minimum Variance,none,0.0,base,CVX,Energy,0.0715369700267971,,1.0,0.0715369700267971,0.0715369700267971,False,False,False
2022-10-31,2022-11-01,2022-10-31,Equity-Only Minimum Variance,none,0.0,base,D,Utilities,0.0,,1.0,0.0,0.0,False,False,False
2022-10-31,2022-11-01,2022-10-31,Equity-Only Minimum Variance,none,0.0,base,DD,Materials,0.0,,1.0,0.0,0.0,False,False,False
2022-10-31,2022-11-01,2022-10-31,Equity-Only Minimum Variance,none,0.0,base,DIS,Consumer,0.0,,1.0,0.0,0.0,False,False,False
2022-10-31,2022-11-01,2022-10-31,Equity-Only Minimum Variance,none,0.0,base,DOW,Materials,0.0,,1.0,0.0,0.0,False,False,False
2022-10-31,2022-11-01,2022-10-31,Equity-Only Minimum Variance,none,0.0,base,DUK,Utilities,0.0194134530647456,,1.0,0.0194134530647456,0.0194134530647456,False,False,False
2022-10-31,2022-11-01,2022-10-31,Equity-Only Minimum Variance,none,0.0,base,EA,Comm,0.1053449844994996,,1.0,0.1053449844994996,0.1053449844994996,False,False,False
2022-10-31,2022-11-01,2022-10-31,Equity-Only Minimum Variance,none,0.0,base,GE,Industrials,0.0,,1.0,0.0,0.0,False,False,False
2022-10-31,2022-11-01,2022-10-31,Equity-Only Minimum Variance,none,0.0,base,GILD,Healthcare,0.0381392642550309,,1.0,0.0381392642550309,0.0381392642550309,False,False,False
2022-10-31,2022-11-01,2022-10-31,Equity-Only Minimum Variance,none,0.0,base,GS,Financials,0.0,,1.0,0.0,0.0,False,False,False
2022-10-31,2022-11-01,2022-10-31,Equity-Only Minimum Variance,none,0.0,base,INTC,Tech,0.0,,1.0,0.0,0.0,False,False,False
2022-10-31,2022-11-01,2022-10-31,Equity-Only Minimum Variance,none,0.0,base,KO,Consumer,0.0817710001440314,,1.0,0.0817710001440314,0.0817710001440314,False,False,False
2022-10-31,2022-11-01,2022-10-31,Equity-Only Minimum Variance,none,0.0,base,MMM,Industrials,0.0,,1.0,0.0,0.0,False,False,False
2022-10-31,2022-11-01,2022-10-31,Equity-Only Minimum Variance,none,0.0,base,MRK,Healthcare,0.13414195520691,,1.0,0.13414195520691,0.13414195520691,False,False,False
2022-10-31,2022-11-01,2022-10-31,Equity-Only Minimum Variance,none,0.0,base,MS,Financials,0.0,,1.0,0.0,0.0,False,False,False
2022-10-31,2022-11-01,2022-10-31,Equity-Only Minimum Variance,none,0.0,base,NEE,Utilities,0.0,,1.0,0.0,0.0,False,False,False
2022-10-31,2022-11-01,2022-10-31,Equity-Only Minimum Variance,none,0.0,base,NEM,Materials,0.0553090386081677,,1.0,0.0553090386081677,0.0553090386081677,False,False,False
2022-10-31,2022-11-01,2022-10-31,Equity-Only Minimum Variance,none,0.0,base,NKE,Consumer,0.0,,1.0,0.0,0.0,False,False,False
2022-10-31,2022-11-01,2022-10-31,Equity-Only Minimum Variance,none,0.0,base,NUE,Materials,0.0,,1.0,0.0,0.0,False,False,False
2022-10-31,2022-11-01,2022-10-31,Equity-Only Minimum Variance,none,0.0,base,NVDA,Tech,0.0,,1.0,0.0,0.0,False,False,False
2022-10-31,2022-11-01,2022-10-31,Equity-Only Minimum Variance,none,0.0,base,O,RealEstate,0.0827719555512988,,1.0,0.0827719555512988,0.0827719555512988,False,False,False
2022-10-31,2022-11-01,2022-10-31,Equity-Only Minimum Variance,none,0.0,base,OXY,Energy,0.0,,1.0,0.0,0.0,False,False,False
2022-10-31,2022-11-01,2022-10-31,Equity-Only Minimum Variance,none,0.0,base,PLD,RealEstate,0.0,,1.0,0.0,0.0,False,False,False
2022-10-31,2022-11-01,2022-10-31,Equity-Only Minimum Variance,none,0.0,base,PSA,RealEstate,0.0,,1.0,0.0,0.0,False,False,False
2022-10-31,2022-11-01,2022-10-31,Equity-Only Minimum Variance,none,0.0,base,QCOM,Tech,0.0,,1.0,0.0,0.0,False,False,False
2022-10-31,2022-11-01,2022-10-31,Equity-Only Minimum Variance,none,0.0,base,SBUX,Consumer,0.0,,1.0,0.0,0.0,False,False,False
2022-10-31,2022-11-01,2022-10-31,Equity-Only Minimum Variance,none,0.0,base,SHW,Materials,0.0,,1.0,0.0,0.0,False,False,False
2022-10-31,2022-11-01,2022-10-31,Equity-Only Minimum Variance,none,0.0,base,SLB,Energy,0.0,,1.0,0.0,0.0,False,False,False
2022-10-31,2022-11-01,2022-10-31,Equity-Only Minimum Variance,none,0.0,base,SO,Utilities,0.0,,1.0,0.0,0.0,False,False,False
2022-10-31,2022-11-01,2022-10-31,Equity-Only Minimum Variance,none,0.0,base,T,Comm,0.0,,1.0,0.0,0.0,False,False,False
2022-10-31,2022-11-01,2022-10-31,Equity-Only Minimum Variance,none,0.0,base,TMUS,Comm,0.0,,1.0,0.0,0.0,False,False,False
2022-10-31,2022-11-01,2022-10-31,Equity-Only Minimum Variance,none,0.0,base,TTWO,Comm,0.0199490792244301,,1.0,0.0199490792244301,0.0199490792244301,False,False,False
2022-10-31,2022-11-01,2022-10-31,Equity-Only Minimum Variance,none,0.0,base,UPS,Industrials,0.0160948216448297,,1.0,0.0160948216448297,0.0160948216448297,False,False,False
2022-10-31,2022-11-01,2022-10-31,Equity-Only Minimum Variance,none,0.0,base,USB,Financials,0.0,,1.0,0.0,0.0,False,False,False
2022-10-31,2022-11-01,2022-10-31,Equity-Only Minimum Variance,none,0.0,base,V,Financials,0.0,,1.0,0.0,0.0,False,False,False
2022-10-31,2022-11-01,2022-10-31,Equity-Only Minimum Variance,none,0.0,base,WFC,Financials,0.0,,1.0,0.0,0.0,False,False,False
2022-10-31,2022-11-01,2022-10-31,Equity-Only Minimum Variance,none,0.0,base,WMT,Consumer,0.110884966259129,,1.0,0.110884966259129,0.110884966259129,False,False,False
2022-10-31,2022-11-01,2022-10-31,Equity-Only Minimum Variance,none,0.0,base,XOM,Energy,0.0,,1.0,0.0,0.0,False,False,False
2022-11-30,2022-12-01,2022-11-30,Equity-Only Minimum Variance,none,0.0,base,ABBV,Healthcare,0.0636545214473313,,1.0,0.0636545214473313,0.0636545214473313,False,False,False
2022-11-30,2022-12-01,2022-11-30,Equity-Only Minimum Variance,none,0.0,base,ABT,Healthcare,0.0,,1.0,0.0,0.0,False,False,False
2022-11-30,2022-12-01,2022-11-30,Equity-Only Minimum Variance,none,0.0,base,ADBE,Tech,0.0,,1.0,0.0,0.0,False,False,False
2022-11-30,2022-12-01,2022-11-30,Equity-Only Minimum Variance,none,0.0,base,AEP,Utilities,0.0,,1.0,0.0,0.0,False,False,False
2022-11-30,2022-12-01,2022-11-30,Equity-Only Minimum Variance,none,0.0,base,AMD,Tech,0.0,,1.0,0.0,0.0,False,False,False
2022-11-30,2022-12-01,2022-11-30,Equity-Only Minimum Variance,none,0.0,base,AMGN,Healthcare,0.1709019314852956,,1.0,0.1709019314852956,0.1709019314852956,False,False,False
2022-11-30,2022-12-01,2022-11-30,Equity-Only Minimum Variance,none,0.0,base,AMT,RealEstate,0.0,,1.0,0.0,0.0,False,False,False
2022-11-30,2022-12-01,2022-11-30,Equity-Only Minimum Variance,none,0.0,base,BA,Industrials,0.0,,1.0,0.0,0.0,False,False,False
2022-11-30,2022-12-01,2022-11-30,Equity-Only Minimum Variance,none,0.0,base,CAT,Industrials,0.0,,1.0,0.0,0.0,False,False,False
2022-11-30,2022-12-01,2022-11-30,Equity-Only Minimum Variance,none,0.0,base,CCI,RealEstate,0.0,,1.0,0.0,0.0,False,False,False
2022-11-30,2022-12-01,2022-11-30,Equity-Only Minimum Variance,none,0.0,base,CMCSA,Comm,0.0,,1.0,0.0,0.0,False,False,False
2022-11-30,2022-12-01,2022-11-30,Equity-Only Minimum Variance,none,0.0,base,COP,Energy,0.0,,1.0,0.0,0.0,False,False,False
2022-11-30,2022-12-01,2022-11-30,Equity-Only Minimum Variance,none,0.0,base,CVX,Energy,0.0605235864817061,,1.0,0.0605235864817061,0.0605235864817061,False,False,False
2022-11-30,2022-12-01,2022-11-30,Equity-Only Minimum Variance,none,0.0,base,D,Utilities,0.0069548754457917,,1.0,0.0069548754457917,0.0069548754457917,False,False,False
2022-11-30,2022-12-01,2022-11-30,Equity-Only Minimum Variance,none,0.0,base,DD,Materials,0.0,,1.0,0.0,0.0,False,False,False
2022-11-30,2022-12-01,2022-11-30,Equity-Only Minimum Variance,none,0.0,base,DIS,Consumer,0.0,,1.0,0.0,0.0,False,False,False
2022-11-30,2022-12-01,2022-11-30,Equity-Only Minimum Variance,none,0.0,base,DOW,Materials,0.0,,1.0,0.0,0.0,False,False,False
2022-11-30,2022-12-01,2022-11-30,Equity-Only Minimum Variance,none,0.0,base,DUK,Utilities,0.0099964961485953,,1.0,0.0099964961485953,0.0099964961485953,False,False,False
2022-11-30,2022-12-01,2022-11-30,Equity-Only Minimum Variance,none,0.0,base,EA,Comm,0.1055331721303579,,1.0,0.1055331721303579,0.1055331721303579,False,False,False
2022-11-30,2022-12-01,2022-11-30,Equity-Only Minimum Variance,none,0.0,base,GE,Industrials,0.0,,1.0,0.0,0.0,False,False,False
2022-11-30,2022-12-01,2022-11-30,Equity-Only Minimum Variance,none,0.0,base,GILD,Healthcare,0.0271618217500063,,1.0,0.0271618217500063,0.0271618217500063,False,False,False
2022-11-30,2022-12-01,2022-11-30,Equity-Only Minimum Variance,none,0.0,base,GS,Financials,0.0,,1.0,0.0,0.0,False,False,False
2022-11-30,2022-12-01,2022-11-30,Equity-Only Minimum Variance,none,0.0,base,INTC,Tech,0.0,,1.0,0.0,0.0,False,False,False
2022-11-30,2022-12-01,2022-11-30,Equity-Only Minimum Variance,none,0.0,base,KO,Consumer,0.094522497493962,,1.0,0.094522497493962,0.094522497493962,False,False,False
2022-11-30,2022-12-01,2022-11-30,Equity-Only Minimum Variance,none,0.0,base,MMM,Industrials,0.0,,1.0,0.0,0.0,False,False,False
2022-11-30,2022-12-01,2022-11-30,Equity-Only Minimum Variance,none,0.0,base,MRK,Healthcare,0.2389892193193449,,1.0,0.2389892193193449,0.2389892193193449,False,False,False
2022-11-30,2022-12-01,2022-11-30,Equity-Only Minimum Variance,none,0.0,base,MS,Financials,0.0,,1.0,0.0,0.0,False,False,False
2022-11-30,2022-12-01,2022-11-30,Equity-Only Minimum Variance,none,0.0,base,NEE,Utilities,0.0,,1.0,0.0,0.0,False,False,False
2022-11-30,2022-12-01,2022-11-30,Equity-Only Minimum Variance,none,0.0,base,NEM,Materials,0.0152060566649274,,1.0,0.0152060566649274,0.0152060566649274,False,False,False
2022-11-30,2022-12-01,2022-11-30,Equity-Only Minimum Variance,none,0.0,base,NKE,Consumer,0.0,,1.0,0.0,0.0,False,False,False
2022-11-30,2022-12-01,2022-11-30,Equity-Only Minimum Variance,none,0.0,base,NUE,Materials,0.0,,1.0,0.0,0.0,False,False,False
2022-11-30,2022-12-01,2022-11-30,Equity-Only Minimum Variance,none,0.0,base,NVDA,Tech,0.0,,1.0,0.0,0.0,False,False,False
2022-11-30,2022-12-01,2022-11-30,Equity-Only Minimum Variance,none,0.0,base,O,RealEstate,0.0420479540983302,,1.0,0.0420479540983302,0.0420479540983302,False,False,False
2022-11-30,2022-12-01,2022-11-30,Equity-Only Minimum Variance,none,0.0,base,OXY,Energy,0.0,,1.0,0.0,0.0,False,False,False
2022-11-30,2022-12-01,2022-11-30,Equity-Only Minimum Variance,none,0.0,base,PLD,RealEstate,0.0,,1.0,0.0,0.0,False,False,False
2022-11-30,2022-12-01,2022-11-30,Equity-Only Minimum Variance,none,0.0,base,PSA,RealEstate,0.0,,1.0,0.0,0.0,False,False,False
2022-11-30,2022-12-01,2022-11-30,Equity-Only Minimum Variance,none,0.0,base,QCOM,Tech,0.0,,1.0,0.0,0.0,False,False,False
2022-11-30,2022-12-01,2022-11-30,Equity-Only Minimum Variance,none,0.0,base,SBUX,Consumer,0.0,,1.0,0.0,0.0,False,False,False
2022-11-30,2022-12-01,2022-11-30,Equity-Only Minimum Variance,none,0.0,base,SHW,Materials,0.0,,1.0,0.0,0.0,False,False,False
2022-11-30,2022-12-01,2022-11-30,Equity-Only Minimum Variance,none,0.0,base,SLB,Energy,0.0,,1.0,0.0,0.0,False,False,False
2022-11-30,2022-12-01,2022-11-30,Equity-Only Minimum Variance,none,0.0,base,SO,Utilities,0.0,,1.0,0.0,0.0,False,False,False
2022-11-30,2022-12-01,2022-11-30,Equity-Only Minimum Variance,none,0.0,base,T,Comm,0.0,,1.0,0.0,0.0,False,False,False
2022-11-30,2022-12-01,2022-11-30,Equity-Only Minimum Variance,none,0.0,base,TMUS,Comm,0.0,,1.0,0.0,0.0,False,False,False
2022-11-30,2022-12-01,2022-11-30,Equity-Only Minimum Variance,none,0.0,base,TTWO,Comm,0.0365480005087775,,1.0,0.0365480005087775,0.0365480005087775,False,False,False
2022-11-30,2022-12-01,2022-11-30,Equity-Only Minimum Variance,none,0.0,base,UPS,Industrials,0.0,,1.0,0.0,0.0,False,False,False
2022-11-30,2022-12-01,2022-11-30,Equity-Only Minimum Variance,none,0.0,base,USB,Financials,0.0,,1.0,0.0,0.0,False,False,False
2022-11-30,2022-12-01,2022-11-30,Equity-Only Minimum Variance,none,0.0,base,V,Financials,0.0,,1.0,0.0,0.0,False,False,False
2022-11-30,2022-12-01,2022-11-30,Equity-Only Minimum Variance,none,0.0,base,WFC,Financials,0.0,,1.0,0.0,0.0,False,False,False
2022-11-30,2022-12-01,2022-11-30,Equity-Only Minimum Variance,none,0.0,base,WMT,Consumer,0.1123796898680799,,1.0,0.1123796898680799,0.1123796898680799,False,False,False
2022-11-30,2022-12-01,2022-11-30,Equity-Only Minimum Variance,none,0.0,base,XOM,Energy,0.0155801771574935,,1.0,0.0155801771574935,0.0155801771574935,False,False,False
2022-12-30,2023-01-03,2022-12-30,Equity-Only Minimum Variance,none,0.0,base,ABBV,Healthcare,0.0780299846514553,,1.0,0.0780299846514553,0.0780299846514553,False,False,False
2022-12-30,2023-01-03,2022-12-30,Equity-Only Minimum Variance,none,0.0,base,ABT,Healthcare,0.0,,1.0,0.0,0.0,False,False,False
2022-12-30,2023-01-03,2022-12-30,Equity-Only Minimum Variance,none,0.0,base,ADBE,Tech,0.0,,1.0,0.0,0.0,False,False,False
2022-12-30,2023-01-03,2022-12-30,Equity-Only Minimum Variance,none,0.0,base,AEP,Utilities,0.0,,1.0,0.0,0.0,False,False,False
2022-12-30,2023-01-03,2022-12-30,Equity-Only Minimum Variance,none,0.0,base,AMD,Tech,0.0,,1.0,0.0,0.0,False,False,False
2022-12-30,2023-01-03,2022-12-30,Equity-Only Minimum Variance,none,0.0,base,AMGN,Healthcare,0.1763114654714215,,1.0,0.1763114654714215,0.1763114654714215,False,False,False
2022-12-30,2023-01-03,2022-12-30,Equity-Only Minimum Variance,none,0.0,base,AMT,RealEstate,0.0,,1.0,0.0,0.0,False,False,False
2022-12-30,2023-01-03,2022-12-30,Equity-Only Minimum Variance,none,0.0,base,BA,Industrials,0.0,,1.0,0.0,0.0,False,False,False
2022-12-30,2023-01-03,2022-12-30,Equity-Only Minimum Variance,none,0.0,base,CAT,Industrials,0.0,,1.0,0.0,0.0,False,False,False
2022-12-30,2023-01-03,2022-12-30,Equity-Only Minimum Variance,none,0.0,base,CCI,RealEstate,0.0,,1.0,0.0,0.0,False,False,False
2022-12-30,2023-01-03,2022-12-30,Equity-Only Minimum Variance,none,0.0,base,CMCSA,Comm,0.0,,1.0,0.0,0.0,False,False,False
2022-12-30,2023-01-03,2022-12-30,Equity-Only Minimum Variance,none,0.0,base,COP,Energy,0.0,,1.0,0.0,0.0,False,False,False
2022-12-30,2023-01-03,2022-12-30,Equity-Only Minimum Variance,none,0.0,base,CVX,Energy,0.0522800106494199,,1.0,0.0522800106494199,0.0522800106494199,False,False,False
2022-12-30,2023-01-03,2022-12-30,Equity-Only Minimum Variance,none,0.0,base,D,Utilities,0.017383203564278,,1.0,0.017383203564278,0.017383203564278,False,False,False
2022-12-30,2023-01-03,2022-12-30,Equity-Only Minimum Variance,none,0.0,base,DD,Materials,0.0,,1.0,0.0,0.0,False,False,False
2022-12-30,2023-01-03,2022-12-30,Equity-Only Minimum Variance,none,0.0,base,DIS,Consumer,0.0,,1.0,0.0,0.0,False,False,False
2022-12-30,2023-01-03,2022-12-30,Equity-Only Minimum Variance,none,0.0,base,DOW,Materials,0.0,,1.0,0.0,0.0,False,False,False
2022-12-30,2023-01-03,2022-12-30,Equity-Only Minimum Variance,none,0.0,base,DUK,Utilities,0.0171448605754869,,1.0,0.0171448605754869,0.0171448605754869,False,False,False
2022-12-30,2023-01-03,2022-12-30,Equity-Only Minimum Variance,none,0.0,base,EA,Comm,0.1050361931431727,,1.0,0.1050361931431727,0.1050361931431727,False,False,False
2022-12-30,2023-01-03,2022-12-30,Equity-Only Minimum Variance,none,0.0,base,GE,Industrials,0.0,,1.0,0.0,0.0,False,False,False
2022-12-30,2023-01-03,2022-12-30,Equity-Only Minimum Variance,none,0.0,base,GILD,Healthcare,0.0099375847053083,,1.0,0.0099375847053083,0.0099375847053083,False,False,False
2022-12-30,2023-01-03,2022-12-30,Equity-Only Minimum Variance,none,0.0,base,GS,Financials,0.0,,1.0,0.0,0.0,False,False,False
2022-12-30,2023-01-03,2022-12-30,Equity-Only Minimum Variance,none,0.0,base,INTC,Tech,0.0,,1.0,0.0,0.0,False,False,False
2022-12-30,2023-01-03,2022-12-30,Equity-Only Minimum Variance,none,0.0,base,KO,Consumer,0.091981060358994,,1.0,0.091981060358994,0.091981060358994,False,False,False
2022-12-30,2023-01-03,2022-12-30,Equity-Only Minimum Variance,none,0.0,base,MMM,Industrials,0.0,,1.0,0.0,0.0,False,False,False
2022-12-30,2023-01-03,2022-12-30,Equity-Only Minimum Variance,none,0.0,base,MRK,Healthcare,0.2217544222570658,,1.0,0.2217544222570658,0.2217544222570658,False,False,False
2022-12-30,2023-01-03,2022-12-30,Equity-Only Minimum Variance,none,0.0,base,MS,Financials,0.0,,1.0,0.0,0.0,False,False,False
2022-12-30,2023-01-03,2022-12-30,Equity-Only Minimum Variance,none,0.0,base,NEE,Utilities,0.0,,1.0,0.0,0.0,False,False,False
2022-12-30,2023-01-03,2022-12-30,Equity-Only Minimum Variance,none,0.0,base,NEM,Materials,0.0148006689189804,,1.0,0.0148006689189804,0.0148006689189804,False,False,False
2022-12-30,2023-01-03,2022-12-30,Equity-Only Minimum Variance,none,0.0,base,NKE,Consumer,0.0,,1.0,0.0,0.0,False,False,False
2022-12-30,2023-01-03,2022-12-30,Equity-Only Minimum Variance,none,0.0,base,NUE,Materials,0.0,,1.0,0.0,0.0,False,False,False
2022-12-30,2023-01-03,2022-12-30,Equity-Only Minimum Variance,none,0.0,base,NVDA,Tech,0.0,,1.0,0.0,0.0,False,False,False
2022-12-30,2023-01-03,2022-12-30,Equity-Only Minimum Variance,none,0.0,base,O,RealEstate,0.0607209536022291,,1.0,0.0607209536022291,0.0607209536022291,False,False,False
2022-12-30,2023-01-03,2022-12-30,Equity-Only Minimum Variance,none,0.0,base,OXY,Energy,0.0,,1.0,0.0,0.0,False,False,False
2022-12-30,2023-01-03,2022-12-30,Equity-Only Minimum Variance,none,0.0,base,PLD,RealEstate,0.0,,1.0,0.0,0.0,False,False,False
2022-12-30,2023-01-03,2022-12-30,Equity-Only Minimum Variance,none,0.0,base,PSA,RealEstate,0.0,,1.0,0.0,0.0,False,False,False
2022-12-30,2023-01-03,2022-12-30,Equity-Only Minimum Variance,none,0.0,base,QCOM,Tech,0.0,,1.0,0.0,0.0,False,False,False
2022-12-30,2023-01-03,2022-12-30,Equity-Only Minimum Variance,none,0.0,base,SBUX,Consumer,0.0,,1.0,0.0,0.0,False,False,False
2022-12-30,2023-01-03,2022-12-30,Equity-Only Minimum Variance,none,0.0,base,SHW,Materials,0.0,,1.0,0.0,0.0,False,False,False
2022-12-30,2023-01-03,2022-12-30,Equity-Only Minimum Variance,none,0.0,base,SLB,Energy,0.0,,1.0,0.0,0.0,False,False,False
2022-12-30,2023-01-03,2022-12-30,Equity-Only Minimum Variance,none,0.0,base,SO,Utilities,0.0,,1.0,0.0,0.0,False,False,False
2022-12-30,2023-01-03,2022-12-30,Equity-Only Minimum Variance,none,0.0,base,T,Comm,0.003471471912062,,1.0,0.003471471912062,0.003471471912062,False,False,False
2022-12-30,2023-01-03,2022-12-30,Equity-Only Minimum Variance,none,0.0,base,TMUS,Comm,0.0,,1.0,0.0,0.0,False,False,False
2022-12-30,2023-01-03,2022-12-30,Equity-Only Minimum Variance,none,0.0,base,TTWO,Comm,0.0353227330228007,,1.0,0.0353227330228007,0.0353227330228007,False,False,False
2022-12-30,2023-01-03,2022-12-30,Equity-Only Minimum Variance,none,0.0,base,UPS,Industrials,0.0,,1.0,0.0,0.0,False,False,False
2022-12-30,2023-01-03,2022-12-30,Equity-Only Minimum Variance,none,0.0,base,USB,Financials,0.0,,1.0,0.0,0.0,False,False,False
2022-12-30,2023-01-03,2022-12-30,Equity-Only Minimum Variance,none,0.0,base,V,Financials,0.0,,1.0,0.0,0.0,False,False,False
2022-12-30,2023-01-03,2022-12-30,Equity-Only Minimum Variance,none,0.0,base,WFC,Financials,0.0,,1.0,0.0,0.0,False,False,False
2022-12-30,2023-01-03,2022-12-30,Equity-Only Minimum Variance,none,0.0,base,WMT,Consumer,0.107154563576261,,1.0,0.107154563576261,0.107154563576261,False,False,False
2022-12-30,2023-01-03,2022-12-30,Equity-Only Minimum Variance,none,0.0,base,XOM,Energy,0.0086708235910638,,1.0,0.0086708235910638,0.0086708235910638,False,False,False
2023-01-31,2023-02-01,2023-01-31,Equity-Only Minimum Variance,none,0.0,base,ABBV,Healthcare,0.0624553286858686,,1.0,0.0624553286858686,0.0624553286858686,False,False,False
2023-01-31,2023-02-01,2023-01-31,Equity-Only Minimum Variance,none,0.0,base,ABT,Healthcare,0.0,,1.0,0.0,0.0,False,False,False
2023-01-31,2023-02-01,2023-01-31,Equity-Only Minimum Variance,none,0.0,base,ADBE,Tech,0.0,,1.0,0.0,0.0,False,False,False
2023-01-31,2023-02-01,2023-01-31,Equity-Only Minimum Variance,none,0.0,base,AEP,Utilities,0.0,,1.0,0.0,0.0,False,False,False
2023-01-31,2023-02-01,2023-01-31,Equity-Only Minimum Variance,none,0.0,base,AMD,Tech,0.0,,1.0,0.0,0.0,False,False,False
2023-01-31,2023-02-01,2023-01-31,Equity-Only Minimum Variance,none,0.0,base,AMGN,Healthcare,0.179484195163313,,1.0,0.179484195163313,0.179484195163313,False,False,False
2023-01-31,2023-02-01,2023-01-31,Equity-Only Minimum Variance,none,0.0,base,AMT,RealEstate,0.0,,1.0,0.0,0.0,False,False,False
2023-01-31,2023-02-01,2023-01-31,Equity-Only Minimum Variance,none,0.0,base,BA,Industrials,0.0,,1.0,0.0,0.0,False,False,False
2023-01-31,2023-02-01,2023-01-31,Equity-Only Minimum Variance,none,0.0,base,CAT,Industrials,0.0,,1.0,0.0,0.0,False,False,False
2023-01-31,2023-02-01,2023-01-31,Equity-Only Minimum Variance,none,0.0,base,CCI,RealEstate,0.0,,1.0,0.0,0.0,False,False,False
2023-01-31,2023-02-01,2023-01-31,Equity-Only Minimum Variance,none,0.0,base,CMCSA,Comm,0.0,,1.0,0.0,0.0,False,False,False
2023-01-31,2023-02-01,2023-01-31,Equity-Only Minimum Variance,none,0.0,base,COP,Energy,0.0,,1.0,0.0,0.0,False,False,False
2023-01-31,2023-02-01,2023-01-31,Equity-Only Minimum Variance,none,0.0,base,CVX,Energy,0.0510855436894733,,1.0,0.0510855436894733,0.0510855436894733,False,False,False
2023-01-31,2023-02-01,2023-01-31,Equity-Only Minimum Variance,none,0.0,base,D,Utilities,0.0349854045843089,,1.0,0.0349854045843089,0.0349854045843089,False,False,False
2023-01-31,2023-02-01,2023-01-31,Equity-Only Minimum Variance,none,0.0,base,DD,Materials,0.0,,1.0,0.0,0.0,False,False,False
2023-01-31,2023-02-01,2023-01-31,Equity-Only Minimum Variance,none,0.0,base,DIS,Consumer,0.0,,1.0,0.0,0.0,False,False,False
2023-01-31,2023-02-01,2023-01-31,Equity-Only Minimum Variance,none,0.0,base,DOW,Materials,0.0,,1.0,0.0,0.0,False,False,False
2023-01-31,2023-02-01,2023-01-31,Equity-Only Minimum Variance,none,0.0,base,DUK,Utilities,0.005568490310553,,1.0,0.005568490310553,0.005568490310553,False,False,False
2023-01-31,2023-02-01,2023-01-31,Equity-Only Minimum Variance,none,0.0,base,EA,Comm,0.1339849158547454,,1.0,0.1339849158547454,0.1339849158547454,False,False,False
2023-01-31,2023-02-01,2023-01-31,Equity-Only Minimum Variance,none,0.0,base,GE,Industrials,0.0,,1.0,0.0,0.0,False,False,False
2023-01-31,2023-02-01,2023-01-31,Equity-Only Minimum Variance,none,0.0,base,GILD,Healthcare,0.0,,1.0,0.0,0.0,False,False,False
2023-01-31,2023-02-01,2023-01-31,Equity-Only Minimum Variance,none,0.0,base,GS,Financials,0.0,,1.0,0.0,0.0,False,False,False
2023-01-31,2023-02-01,2023-01-31,Equity-Only Minimum Variance,none,0.0,base,INTC,Tech,0.0,,1.0,0.0,0.0,False,False,False
2023-01-31,2023-02-01,2023-01-31,Equity-Only Minimum Variance,none,0.0,base,KO,Consumer,0.0775456712325052,,1.0,0.0775456712325052,0.0775456712325052,False,False,False
2023-01-31,2023-02-01,2023-01-31,Equity-Only Minimum Variance,none,0.0,base,MMM,Industrials,0.0,,1.0,0.0,0.0,False,False,False
2023-01-31,2023-02-01,2023-01-31,Equity-Only Minimum Variance,none,0.0,base,MRK,Healthcare,0.213952211296794,,1.0,0.213952211296794,0.213952211296794,False,False,False
2023-01-31,2023-02-01,2023-01-31,Equity-Only Minimum Variance,none,0.0,base,MS,Financials,0.0,,1.0,0.0,0.0,False,False,False
2023-01-31,2023-02-01,2023-01-31,Equity-Only Minimum Variance,none,0.0,base,NEE,Utilities,0.0,,1.0,0.0,0.0,False,False,False
2023-01-31,2023-02-01,2023-01-31,Equity-Only Minimum Variance,none,0.0,base,NEM,Materials,0.0070908044111402,,1.0,0.0070908044111402,0.0070908044111402,False,False,False
2023-01-31,2023-02-01,2023-01-31,Equity-Only Minimum Variance,none,0.0,base,NKE,Consumer,0.0,,1.0,0.0,0.0,False,False,False
2023-01-31,2023-02-01,2023-01-31,Equity-Only Minimum Variance,none,0.0,base,NUE,Materials,0.0,,1.0,0.0,0.0,False,False,False
2023-01-31,2023-02-01,2023-01-31,Equity-Only Minimum Variance,none,0.0,base,NVDA,Tech,0.0,,1.0,0.0,0.0,False,False,False
2023-01-31,2023-02-01,2023-01-31,Equity-Only Minimum Variance,none,0.0,base,O,RealEstate,0.0736320625993736,,1.0,0.0736320625993736,0.0736320625993736,False,False,False
2023-01-31,2023-02-01,2023-01-31,Equity-Only Minimum Variance,none,0.0,base,OXY,Energy,0.0,,1.0,0.0,0.0,False,False,False
2023-01-31,2023-02-01,2023-01-31,Equity-Only Minimum Variance,none,0.0,base,PLD,RealEstate,0.0,,1.0,0.0,0.0,False,False,False
2023-01-31,2023-02-01,2023-01-31,Equity-Only Minimum Variance,none,0.0,base,PSA,RealEstate,0.0,,1.0,0.0,0.0,False,False,False
2023-01-31,2023-02-01,2023-01-31,Equity-Only Minimum Variance,none,0.0,base,QCOM,Tech,0.0,,1.0,0.0,0.0,False,False,False
2023-01-31,2023-02-01,2023-01-31,Equity-Only Minimum Variance,none,0.0,base,SBUX,Consumer,0.0,,1.0,0.0,0.0,False,False,False
2023-01-31,2023-02-01,2023-01-31,Equity-Only Minimum Variance,none,0.0,base,SHW,Materials,0.0,,1.0,0.0,0.0,False,False,False
2023-01-31,2023-02-01,2023-01-31,Equity-Only Minimum Variance,none,0.0,base,SLB,Energy,0.0,,1.0,0.0,0.0,False,False,False
2023-01-31,2023-02-01,2023-01-31,Equity-Only Minimum Variance,none,0.0,base,SO,Utilities,0.0,,1.0,0.0,0.0,False,False,False
2023-01-31,2023-02-01,2023-01-31,Equity-Only Minimum Variance,none,0.0,base,T,Comm,0.0293561880679352,,1.0,0.0293561880679352,0.0293561880679352,False,False,False
2023-01-31,2023-02-01,2023-01-31,Equity-Only Minimum Variance,none,0.0,base,TMUS,Comm,0.0,,1.0,0.0,0.0,False,False,False
2023-01-31,2023-02-01,2023-01-31,Equity-Only Minimum Variance,none,0.0,base,TTWO,Comm,0.0224902368443296,,1.0,0.0224902368443296,0.0224902368443296,False,False,False
2023-01-31,2023-02-01,2023-01-31,Equity-Only Minimum Variance,none,0.0,base,UPS,Industrials,0.0,,1.0,0.0,0.0,False,False,False
2023-01-31,2023-02-01,2023-01-31,Equity-Only Minimum Variance,none,0.0,base,USB,Financials,0.0,,1.0,0.0,0.0,False,False,False
2023-01-31,2023-02-01,2023-01-31,Equity-Only Minimum Variance,none,0.0,base,V,Financials,0.0,,1.0,0.0,0.0,False,False,False
2023-01-31,2023-02-01,2023-01-31,Equity-Only Minimum Variance,none,0.0,base,WFC,Financials,0.0,,1.0,0.0,0.0,False,False,False
2023-01-31,2023-02-01,2023-01-31,Equity-Only Minimum Variance,none,0.0,base,WMT,Consumer,0.1009349645166784,,1.0,0.1009349645166784,0.1009349645166784,False,False,False
2023-01-31,2023-02-01,2023-01-31,Equity-Only Minimum Variance,none,0.0,base,XOM,Energy,0.0074339827429809,,1.0,0.0074339827429809,0.0074339827429809,False,False,False
2023-02-28,2023-03-01,2023-02-28,Equity-Only Minimum Variance,none,0.0,base,ABBV,Healthcare,0.0481755568067205,,1.0,0.0481755568067205,0.0481755568067205,False,False,False
2023-02-28,2023-03-01,2023-02-28,Equity-Only Minimum Variance,none,0.0,base,ABT,Healthcare,0.0,,1.0,0.0,0.0,False,False,False
2023-02-28,2023-03-01,2023-02-28,Equity-Only Minimum Variance,none,0.0,base,ADBE,Tech,0.0,,1.0,0.0,0.0,False,False,False
2023-02-28,2023-03-01,2023-02-28,Equity-Only Minimum Variance,none,0.0,base,AEP,Utilities,0.0,,1.0,0.0,0.0,False,False,False
2023-02-28,2023-03-01,2023-02-28,Equity-Only Minimum Variance,none,0.0,base,AMD,Tech,0.0,,1.0,0.0,0.0,False,False,False
2023-02-28,2023-03-01,2023-02-28,Equity-Only Minimum Variance,none,0.0,base,AMGN,Healthcare,0.2012722097173386,,1.0,0.2012722097173386,0.2012722097173386,False,False,False
2023-02-28,2023-03-01,2023-02-28,Equity-Only Minimum Variance,none,0.0,base,AMT,RealEstate,0.0,,1.0,0.0,0.0,False,False,False
2023-02-28,2023-03-01,2023-02-28,Equity-Only Minimum Variance,none,0.0,base,BA,Industrials,0.0,,1.0,0.0,0.0,False,False,False
2023-02-28,2023-03-01,2023-02-28,Equity-Only Minimum Variance,none,0.0,base,CAT,Industrials,0.0,,1.0,0.0,0.0,False,False,False
2023-02-28,2023-03-01,2023-02-28,Equity-Only Minimum Variance,none,0.0,base,CCI,RealEstate,0.0,,1.0,0.0,0.0,False,False,False
2023-02-28,2023-03-01,2023-02-28,Equity-Only Minimum Variance,none,0.0,base,CMCSA,Comm,0.0,,1.0,0.0,0.0,False,False,False
2023-02-28,2023-03-01,2023-02-28,Equity-Only Minimum Variance,none,0.0,base,COP,Energy,0.0,,1.0,0.0,0.0,False,False,False
2023-02-28,2023-03-01,2023-02-28,Equity-Only Minimum Variance,none,0.0,base,CVX,Energy,0.0609743809176407,,1.0,0.0609743809176407,0.0609743809176407,False,False,False
2023-02-28,2023-03-01,2023-02-28,Equity-Only Minimum Variance,none,0.0,base,D,Utilities,0.0050160221447582,,1.0,0.0050160221447582,0.0050160221447582,False,False,False
2023-02-28,2023-03-01,2023-02-28,Equity-Only Minimum Variance,none,0.0,base,DD,Materials,0.0,,1.0,0.0,0.0,False,False,False
2023-02-28,2023-03-01,2023-02-28,Equity-Only Minimum Variance,none,0.0,base,DIS,Consumer,0.0,,1.0,0.0,0.0,False,False,False
2023-02-28,2023-03-01,2023-02-28,Equity-Only Minimum Variance,none,0.0,base,DOW,Materials,0.0,,1.0,0.0,0.0,False,False,False
2023-02-28,2023-03-01,2023-02-28,Equity-Only Minimum Variance,none,0.0,base,DUK,Utilities,0.0480720016187202,,1.0,0.0480720016187202,0.0480720016187202,False,False,False
2023-02-28,2023-03-01,2023-02-28,Equity-Only Minimum Variance,none,0.0,base,EA,Comm,0.0943244599228959,,1.0,0.0943244599228959,0.0943244599228959,False,False,False
2023-02-28,2023-03-01,2023-02-28,Equity-Only Minimum Variance,none,0.0,base,GE,Industrials,0.0,,1.0,0.0,0.0,False,False,False
2023-02-28,2023-03-01,2023-02-28,Equity-Only Minimum Variance,none,0.0,base,GILD,Healthcare,0.0,,1.0,0.0,0.0,False,False,False
2023-02-28,2023-03-01,2023-02-28,Equity-Only Minimum Variance,none,0.0,base,GS,Financials,0.0,,1.0,0.0,0.0,False,False,False
2023-02-28,2023-03-01,2023-02-28,Equity-Only Minimum Variance,none,0.0,base,INTC,Tech,0.0,,1.0,0.0,0.0,False,False,False
2023-02-28,2023-03-01,2023-02-28,Equity-Only Minimum Variance,none,0.0,base,KO,Consumer,0.0828562039232986,,1.0,0.0828562039232986,0.0828562039232986,False,False,False
2023-02-28,2023-03-01,2023-02-28,Equity-Only Minimum Variance,none,0.0,base,MMM,Industrials,0.0,,1.0,0.0,0.0,False,False,False
2023-02-28,2023-03-01,2023-02-28,Equity-Only Minimum Variance,none,0.0,base,MRK,Healthcare,0.2056323240410586,,1.0,0.2056323240410586,0.2056323240410586,False,False,False
2023-02-28,2023-03-01,2023-02-28,Equity-Only Minimum Variance,none,0.0,base,MS,Financials,0.0,,1.0,0.0,0.0,False,False,False
2023-02-28,2023-03-01,2023-02-28,Equity-Only Minimum Variance,none,0.0,base,NEE,Utilities,0.0,,1.0,0.0,0.0,False,False,False
2023-02-28,2023-03-01,2023-02-28,Equity-Only Minimum Variance,none,0.0,base,NEM,Materials,0.0009364520535057,,1.0,0.0009364520535057,0.0009364520535057,False,False,False
2023-02-28,2023-03-01,2023-02-28,Equity-Only Minimum Variance,none,0.0,base,NKE,Consumer,0.0,,1.0,0.0,0.0,False,False,False
2023-02-28,2023-03-01,2023-02-28,Equity-Only Minimum Variance,none,0.0,base,NUE,Materials,0.0,,1.0,0.0,0.0,False,False,False
2023-02-28,2023-03-01,2023-02-28,Equity-Only Minimum Variance,none,0.0,base,NVDA,Tech,0.0,,1.0,0.0,0.0,False,False,False
2023-02-28,2023-03-01,2023-02-28,Equity-Only Minimum Variance,none,0.0,base,O,RealEstate,0.0864999533384704,,1.0,0.0864999533384704,0.0864999533384704,False,False,False
2023-02-28,2023-03-01,2023-02-28,Equity-Only Minimum Variance,none,0.0,base,OXY,Energy,0.0,,1.0,0.0,0.0,False,False,False
2023-02-28,2023-03-01,2023-02-28,Equity-Only Minimum Variance,none,0.0,base,PLD,RealEstate,0.0,,1.0,0.0,0.0,False,False,False
2023-02-28,2023-03-01,2023-02-28,Equity-Only Minimum Variance,none,0.0,base,PSA,RealEstate,0.0,,1.0,0.0,0.0,False,False,False
2023-02-28,2023-03-01,2023-02-28,Equity-Only Minimum Variance,none,0.0,base,QCOM,Tech,0.0,,1.0,0.0,0.0,False,False,False
2023-02-28,2023-03-01,2023-02-28,Equity-Only Minimum Variance,none,0.0,base,SBUX,Consumer,0.0,,1.0,0.0,0.0,False,False,False
2023-02-28,2023-03-01,2023-02-28,Equity-Only Minimum Variance,none,0.0,base,SHW,Materials,0.0,,1.0,0.0,0.0,False,False,False
2023-02-28,2023-03-01,2023-02-28,Equity-Only Minimum Variance,none,0.0,base,SLB,Energy,0.0,,1.0,0.0,0.0,False,False,False
2023-02-28,2023-03-01,2023-02-28,Equity-Only Minimum Variance,none,0.0,base,SO,Utilities,0.0,,1.0,0.0,0.0,False,False,False
2023-02-28,2023-03-01,2023-02-28,Equity-Only Minimum Variance,none,0.0,base,T,Comm,0.043012514385467,,1.0,0.043012514385467,0.043012514385467,False,False,False
2023-02-28,2023-03-01,2023-02-28,Equity-Only Minimum Variance,none,0.0,base,TMUS,Comm,0.0,,1.0,0.0,0.0,False,False,False
2023-02-28,2023-03-01,2023-02-28,Equity-Only Minimum Variance,none,0.0,base,TTWO,Comm,0.0277761142671922,,1.0,0.0277761142671922,0.0277761142671922,False,False,False
2023-02-28,2023-03-01,2023-02-28,Equity-Only Minimum Variance,none,0.0,base,UPS,Industrials,0.0,,1.0,0.0,0.0,False,False,False
2023-02-28,2023-03-01,2023-02-28,Equity-Only Minimum Variance,none,0.0,base,USB,Financials,0.0,,1.0,0.0,0.0,False,False,False
2023-02-28,2023-03-01,2023-02-28,Equity-Only Minimum Variance,none,0.0,base,V,Financials,0.0,,1.0,0.0,0.0,False,False,False
2023-02-28,2023-03-01,2023-02-28,Equity-Only Minimum Variance,none,0.0,base,WFC,Financials,0.0,,1.0,0.0,0.0,False,False,False
2023-02-28,2023-03-01,2023-02-28,Equity-Only Minimum Variance,none,0.0,base,WMT,Consumer,0.0954518068629328,,1.0,0.0954518068629328,0.0954518068629328,False,False,False
2023-02-28,2023-03-01,2023-02-28,Equity-Only Minimum Variance,none,0.0,base,XOM,Energy,0.0,,1.0,0.0,0.0,False,False,False
2023-03-31,2023-04-03,2023-03-31,Equity-Only Minimum Variance,none,0.0,base,ABBV,Healthcare,0.0554095832491057,,1.0,0.0554095832491057,0.0554095832491057,False,False,False
2023-03-31,2023-04-03,2023-03-31,Equity-Only Minimum Variance,none,0.0,base,ABT,Healthcare,0.0,,1.0,0.0,0.0,False,False,False
2023-03-31,2023-04-03,2023-03-31,Equity-Only Minimum Variance,none,0.0,base,ADBE,Tech,0.0,,1.0,0.0,0.0,False,False,False
2023-03-31,2023-04-03,2023-03-31,Equity-Only Minimum Variance,none,0.0,base,AEP,Utilities,0.0,,1.0,0.0,0.0,False,False,False
2023-03-31,2023-04-03,2023-03-31,Equity-Only Minimum Variance,none,0.0,base,AMD,Tech,0.0,,1.0,0.0,0.0,False,False,False
2023-03-31,2023-04-03,2023-03-31,Equity-Only Minimum Variance,none,0.0,base,AMGN,Healthcare,0.1905756817920871,,1.0,0.1905756817920871,0.1905756817920871,False,False,False
2023-03-31,2023-04-03,2023-03-31,Equity-Only Minimum Variance,none,0.0,base,AMT,RealEstate,0.0,,1.0,0.0,0.0,False,False,False
2023-03-31,2023-04-03,2023-03-31,Equity-Only Minimum Variance,none,0.0,base,BA,Industrials,0.0,,1.0,0.0,0.0,False,False,False
2023-03-31,2023-04-03,2023-03-31,Equity-Only Minimum Variance,none,0.0,base,CAT,Industrials,0.0,,1.0,0.0,0.0,False,False,False
2023-03-31,2023-04-03,2023-03-31,Equity-Only Minimum Variance,none,0.0,base,CCI,RealEstate,0.0,,1.0,0.0,0.0,False,False,False
2023-03-31,2023-04-03,2023-03-31,Equity-Only Minimum Variance,none,0.0,base,CMCSA,Comm,0.0,,1.0,0.0,0.0,False,False,False
2023-03-31,2023-04-03,2023-03-31,Equity-Only Minimum Variance,none,0.0,base,COP,Energy,0.0,,1.0,0.0,0.0,False,False,False
2023-03-31,2023-04-03,2023-03-31,Equity-Only Minimum Variance,none,0.0,base,CVX,Energy,0.0322288970268308,,1.0,0.0322288970268308,0.0322288970268308,False,False,False
2023-03-31,2023-04-03,2023-03-31,Equity-Only Minimum Variance,none,0.0,base,D,Utilities,0.0165129140363905,,1.0,0.0165129140363905,0.0165129140363905,False,False,False
2023-03-31,2023-04-03,2023-03-31,Equity-Only Minimum Variance,none,0.0,base,DD,Materials,0.0,,1.0,0.0,0.0,False,False,False
2023-03-31,2023-04-03,2023-03-31,Equity-Only Minimum Variance,none,0.0,base,DIS,Consumer,0.0,,1.0,0.0,0.0,False,False,False
2023-03-31,2023-04-03,2023-03-31,Equity-Only Minimum Variance,none,0.0,base,DOW,Materials,0.0,,1.0,0.0,0.0,False,False,False
2023-03-31,2023-04-03,2023-03-31,Equity-Only Minimum Variance,none,0.0,base,DUK,Utilities,0.0082318477813332,,1.0,0.0082318477813332,0.0082318477813332,False,False,False
2023-03-31,2023-04-03,2023-03-31,Equity-Only Minimum Variance,none,0.0,base,EA,Comm,0.1057898838162727,,1.0,0.1057898838162727,0.1057898838162727,False,False,False
2023-03-31,2023-04-03,2023-03-31,Equity-Only Minimum Variance,none,0.0,base,GE,Industrials,0.0,,1.0,0.0,0.0,False,False,False
2023-03-31,2023-04-03,2023-03-31,Equity-Only Minimum Variance,none,0.0,base,GILD,Healthcare,0.0,,1.0,0.0,0.0,False,False,False
2023-03-31,2023-04-03,2023-03-31,Equity-Only Minimum Variance,none,0.0,base,GS,Financials,0.0,,1.0,0.0,0.0,False,False,False
2023-03-31,2023-04-03,2023-03-31,Equity-Only Minimum Variance,none,0.0,base,INTC,Tech,0.0,,1.0,0.0,0.0,False,False,False
2023-03-31,2023-04-03,2023-03-31,Equity-Only Minimum Variance,none,0.0,base,KO,Consumer,0.1357551516752095,,1.0,0.1357551516752095,0.1357551516752095,False,False,False
2023-03-31,2023-04-03,2023-03-31,Equity-Only Minimum Variance,none,0.0,base,MMM,Industrials,0.0,,1.0,0.0,0.0,False,False,False
2023-03-31,2023-04-03,2023-03-31,Equity-Only Minimum Variance,none,0.0,base,MRK,Healthcare,0.189031149812908,,1.0,0.189031149812908,0.189031149812908,False,False,False
2023-03-31,2023-04-03,2023-03-31,Equity-Only Minimum Variance,none,0.0,base,MS,Financials,0.0,,1.0,0.0,0.0,False,False,False
2023-03-31,2023-04-03,2023-03-31,Equity-Only Minimum Variance,none,0.0,base,NEE,Utilities,0.0,,1.0,0.0,0.0,False,False,False
2023-03-31,2023-04-03,2023-03-31,Equity-Only Minimum Variance,none,0.0,base,NEM,Materials,0.0055487602971601,,1.0,0.0055487602971601,0.0055487602971601,False,False,False
2023-03-31,2023-04-03,2023-03-31,Equity-Only Minimum Variance,none,0.0,base,NKE,Consumer,0.0,,1.0,0.0,0.0,False,False,False
2023-03-31,2023-04-03,2023-03-31,Equity-Only Minimum Variance,none,0.0,base,NUE,Materials,0.0,,1.0,0.0,0.0,False,False,False
2023-03-31,2023-04-03,2023-03-31,Equity-Only Minimum Variance,none,0.0,base,NVDA,Tech,0.0,,1.0,0.0,0.0,False,False,False
2023-03-31,2023-04-03,2023-03-31,Equity-Only Minimum Variance,none,0.0,base,O,RealEstate,0.0728025789191719,,1.0,0.0728025789191719,0.0728025789191719,False,False,False
2023-03-31,2023-04-03,2023-03-31,Equity-Only Minimum Variance,none,0.0,base,OXY,Energy,0.0,,1.0,0.0,0.0,False,False,False
2023-03-31,2023-04-03,2023-03-31,Equity-Only Minimum Variance,none,0.0,base,PLD,RealEstate,0.0,,1.0,0.0,0.0,False,False,False
2023-03-31,2023-04-03,2023-03-31,Equity-Only Minimum Variance,none,0.0,base,PSA,RealEstate,0.0,,1.0,0.0,0.0,False,False,False
2023-03-31,2023-04-03,2023-03-31,Equity-Only Minimum Variance,none,0.0,base,QCOM,Tech,0.0,,1.0,0.0,0.0,False,False,False
2023-03-31,2023-04-03,2023-03-31,Equity-Only Minimum Variance,none,0.0,base,SBUX,Consumer,0.0,,1.0,0.0,0.0,False,False,False
2023-03-31,2023-04-03,2023-03-31,Equity-Only Minimum Variance,none,0.0,base,SHW,Materials,0.0,,1.0,0.0,0.0,False,False,False
2023-03-31,2023-04-03,2023-03-31,Equity-Only Minimum Variance,none,0.0,base,SLB,Energy,0.0,,1.0,0.0,0.0,False,False,False
2023-03-31,2023-04-03,2023-03-31,Equity-Only Minimum Variance,none,0.0,base,SO,Utilities,0.0,,1.0,0.0,0.0,False,False,False
2023-03-31,2023-04-03,2023-03-31,Equity-Only Minimum Variance,none,0.0,base,T,Comm,0.0510181184708709,,1.0,0.0510181184708709,0.0510181184708709,False,False,False
2023-03-31,2023-04-03,2023-03-31,Equity-Only Minimum Variance,none,0.0,base,TMUS,Comm,0.0,,1.0,0.0,0.0,False,False,False
2023-03-31,2023-04-03,2023-03-31,Equity-Only Minimum Variance,none,0.0,base,TTWO,Comm,0.023163302988587,,1.0,0.023163302988587,0.023163302988587,False,False,False
2023-03-31,2023-04-03,2023-03-31,Equity-Only Minimum Variance,none,0.0,base,UPS,Industrials,0.0,,1.0,0.0,0.0,False,False,False
2023-03-31,2023-04-03,2023-03-31,Equity-Only Minimum Variance,none,0.0,base,USB,Financials,0.0,,1.0,0.0,0.0,False,False,False
2023-03-31,2023-04-03,2023-03-31,Equity-Only Minimum Variance,none,0.0,base,V,Financials,0.0,,1.0,0.0,0.0,False,False,False
2023-03-31,2023-04-03,2023-03-31,Equity-Only Minimum Variance,none,0.0,base,WFC,Financials,0.0,,1.0,0.0,0.0,False,False,False
2023-03-31,2023-04-03,2023-03-31,Equity-Only Minimum Variance,none,0.0,base,WMT,Consumer,0.1042625291078759,,1.0,0.1042625291078759,0.1042625291078759,False,False,False
2023-03-31,2023-04-03,2023-03-31,Equity-Only Minimum Variance,none,0.0,base,XOM,Energy,0.0096696010261962,,1.0,0.0096696010261962,0.0096696010261962,False,False,False
2023-04-28,2023-05-01,2023-04-28,Equity-Only Minimum Variance,none,0.0,base,ABBV,Healthcare,0.0768000035182413,,1.0,0.0768000035182413,0.0768000035182413,False,False,False
2023-04-28,2023-05-01,2023-04-28,Equity-Only Minimum Variance,none,0.0,base,ABT,Healthcare,0.0,,1.0,0.0,0.0,False,False,False
2023-04-28,2023-05-01,2023-04-28,Equity-Only Minimum Variance,none,0.0,base,ADBE,Tech,0.0,,1.0,0.0,0.0,False,False,False
2023-04-28,2023-05-01,2023-04-28,Equity-Only Minimum Variance,none,0.0,base,AEP,Utilities,0.0,,1.0,0.0,0.0,False,False,False
2023-04-28,2023-05-01,2023-04-28,Equity-Only Minimum Variance,none,0.0,base,AMD,Tech,0.0,,1.0,0.0,0.0,False,False,False
2023-04-28,2023-05-01,2023-04-28,Equity-Only Minimum Variance,none,0.0,base,AMGN,Healthcare,0.1791905061581246,,1.0,0.1791905061581246,0.1791905061581246,False,False,False
2023-04-28,2023-05-01,2023-04-28,Equity-Only Minimum Variance,none,0.0,base,AMT,RealEstate,0.0,,1.0,0.0,0.0,False,False,False
2023-04-28,2023-05-01,2023-04-28,Equity-Only Minimum Variance,none,0.0,base,BA,Industrials,0.0,,1.0,0.0,0.0,False,False,False
2023-04-28,2023-05-01,2023-04-28,Equity-Only Minimum Variance,none,0.0,base,CAT,Industrials,0.0,,1.0,0.0,0.0,False,False,False
2023-04-28,2023-05-01,2023-04-28,Equity-Only Minimum Variance,none,0.0,base,CCI,RealEstate,0.0,,1.0,0.0,0.0,False,False,False
2023-04-28,2023-05-01,2023-04-28,Equity-Only Minimum Variance,none,0.0,base,CMCSA,Comm,0.0,,1.0,0.0,0.0,False,False,False
2023-04-28,2023-05-01,2023-04-28,Equity-Only Minimum Variance,none,0.0,base,COP,Energy,0.0,,1.0,0.0,0.0,False,False,False
2023-04-28,2023-05-01,2023-04-28,Equity-Only Minimum Variance,none,0.0,base,CVX,Energy,0.0416425335208768,,1.0,0.0416425335208768,0.0416425335208768,False,False,False
2023-04-28,2023-05-01,2023-04-28,Equity-Only Minimum Variance,none,0.0,base,D,Utilities,0.0072310026701476,,1.0,0.0072310026701476,0.0072310026701476,False,False,False
2023-04-28,2023-05-01,2023-04-28,Equity-Only Minimum Variance,none,0.0,base,DD,Materials,0.0,,1.0,0.0,0.0,False,False,False
2023-04-28,2023-05-01,2023-04-28,Equity-Only Minimum Variance,none,0.0,base,DIS,Consumer,0.0,,1.0,0.0,0.0,False,False,False
2023-04-28,2023-05-01,2023-04-28,Equity-Only Minimum Variance,none,0.0,base,DOW,Materials,0.0,,1.0,0.0,0.0,False,False,False
2023-04-28,2023-05-01,2023-04-28,Equity-Only Minimum Variance,none,0.0,base,DUK,Utilities,0.0,,1.0,0.0,0.0,False,False,False
2023-04-28,2023-05-01,2023-04-28,Equity-Only Minimum Variance,none,0.0,base,EA,Comm,0.0795251325477336,,1.0,0.0795251325477336,0.0795251325477336,False,False,False
2023-04-28,2023-05-01,2023-04-28,Equity-Only Minimum Variance,none,0.0,base,GE,Industrials,0.0,,1.0,0.0,0.0,False,False,False
2023-04-28,2023-05-01,2023-04-28,Equity-Only Minimum Variance,none,0.0,base,GILD,Healthcare,0.0,,1.0,0.0,0.0,False,False,False
2023-04-28,2023-05-01,2023-04-28,Equity-Only Minimum Variance,none,0.0,base,GS,Financials,0.0,,1.0,0.0,0.0,False,False,False
2023-04-28,2023-05-01,2023-04-28,Equity-Only Minimum Variance,none,0.0,base,INTC,Tech,0.0,,1.0,0.0,0.0,False,False,False
2023-04-28,2023-05-01,2023-04-28,Equity-Only Minimum Variance,none,0.0,base,KO,Consumer,0.1546285727788381,,1.0,0.1546285727788381,0.1546285727788381,False,False,False
2023-04-28,2023-05-01,2023-04-28,Equity-Only Minimum Variance,none,0.0,base,MMM,Industrials,0.0,,1.0,0.0,0.0,False,False,False
2023-04-28,2023-05-01,2023-04-28,Equity-Only Minimum Variance,none,0.0,base,MRK,Healthcare,0.1770376462135133,,1.0,0.1770376462135133,0.1770376462135133,False,False,False
2023-04-28,2023-05-01,2023-04-28,Equity-Only Minimum Variance,none,0.0,base,MS,Financials,0.0,,1.0,0.0,0.0,False,False,False
2023-04-28,2023-05-01,2023-04-28,Equity-Only Minimum Variance,none,0.0,base,NEE,Utilities,0.0,,1.0,0.0,0.0,False,False,False
2023-04-28,2023-05-01,2023-04-28,Equity-Only Minimum Variance,none,0.0,base,NEM,Materials,0.0043945837817411,,1.0,0.0043945837817411,0.0043945837817411,False,False,False
2023-04-28,2023-05-01,2023-04-28,Equity-Only Minimum Variance,none,0.0,base,NKE,Consumer,0.0,,1.0,0.0,0.0,False,False,False
2023-04-28,2023-05-01,2023-04-28,Equity-Only Minimum Variance,none,0.0,base,NUE,Materials,0.0,,1.0,0.0,0.0,False,False,False
2023-04-28,2023-05-01,2023-04-28,Equity-Only Minimum Variance,none,0.0,base,NVDA,Tech,0.0,,1.0,0.0,0.0,False,False,False
2023-04-28,2023-05-01,2023-04-28,Equity-Only Minimum Variance,none,0.0,base,O,RealEstate,0.1025399556071953,,1.0,0.1025399556071953,0.1025399556071953,False,False,False
2023-04-28,2023-05-01,2023-04-28,Equity-Only Minimum Variance,none,0.0,base,OXY,Energy,0.0,,1.0,0.0,0.0,False,False,False
2023-04-28,2023-05-01,2023-04-28,Equity-Only Minimum Variance,none,0.0,base,PLD,RealEstate,0.0,,1.0,0.0,0.0,False,False,False
2023-04-28,2023-05-01,2023-04-28,Equity-Only Minimum Variance,none,0.0,base,PSA,RealEstate,0.0,,1.0,0.0,0.0,False,False,False
2023-04-28,2023-05-01,2023-04-28,Equity-Only Minimum Variance,none,0.0,base,QCOM,Tech,0.0,,1.0,0.0,0.0,False,False,False
2023-04-28,2023-05-01,2023-04-28,Equity-Only Minimum Variance,none,0.0,base,SBUX,Consumer,0.0,,1.0,0.0,0.0,False,False,False
2023-04-28,2023-05-01,2023-04-28,Equity-Only Minimum Variance,none,0.0,base,SHW,Materials,0.0,,1.0,0.0,0.0,False,False,False
2023-04-28,2023-05-01,2023-04-28,Equity-Only Minimum Variance,none,0.0,base,SLB,Energy,0.0,,1.0,0.0,0.0,False,False,False
2023-04-28,2023-05-01,2023-04-28,Equity-Only Minimum Variance,none,0.0,base,SO,Utilities,0.0,,1.0,0.0,0.0,False,False,False
2023-04-28,2023-05-01,2023-04-28,Equity-Only Minimum Variance,none,0.0,base,T,Comm,0.0357423999068589,,1.0,0.0357423999068589,0.0357423999068589,False,False,False
2023-04-28,2023-05-01,2023-04-28,Equity-Only Minimum Variance,none,0.0,base,TMUS,Comm,0.0,,1.0,0.0,0.0,False,False,False
2023-04-28,2023-05-01,2023-04-28,Equity-Only Minimum Variance,none,0.0,base,TTWO,Comm,0.0221535836815711,,1.0,0.0221535836815711,0.0221535836815711,False,False,False
2023-04-28,2023-05-01,2023-04-28,Equity-Only Minimum Variance,none,0.0,base,UPS,Industrials,0.0,,1.0,0.0,0.0,False,False,False
2023-04-28,2023-05-01,2023-04-28,Equity-Only Minimum Variance,none,0.0,base,USB,Financials,0.0,,1.0,0.0,0.0,False,False,False
2023-04-28,2023-05-01,2023-04-28,Equity-Only Minimum Variance,none,0.0,base,V,Financials,0.0,,1.0,0.0,0.0,False,False,False
2023-04-28,2023-05-01,2023-04-28,Equity-Only Minimum Variance,none,0.0,base,WFC,Financials,0.0,,1.0,0.0,0.0,False,False,False
2023-04-28,2023-05-01,2023-04-28,Equity-Only Minimum Variance,none,0.0,base,WMT,Consumer,0.119114079615158,,1.0,0.119114079615158,0.119114079615158,False,False,False
2023-04-28,2023-05-01,2023-04-28,Equity-Only Minimum Variance,none,0.0,base,XOM,Energy,0.0,,1.0,0.0,0.0,False,False,False
2023-05-31,2023-06-01,2023-05-31,Equity-Only Minimum Variance,none,0.0,base,ABBV,Healthcare,0.05013759260392,,1.0,0.05013759260392,0.05013759260392,False,False,False
2023-05-31,2023-06-01,2023-05-31,Equity-Only Minimum Variance,none,0.0,base,ABT,Healthcare,0.0,,1.0,0.0,0.0,False,False,False
2023-05-31,2023-06-01,2023-05-31,Equity-Only Minimum Variance,none,0.0,base,ADBE,Tech,0.0,,1.0,0.0,0.0,False,False,False
2023-05-31,2023-06-01,2023-05-31,Equity-Only Minimum Variance,none,0.0,base,AEP,Utilities,0.0,,1.0,0.0,0.0,False,False,False
2023-05-31,2023-06-01,2023-05-31,Equity-Only Minimum Variance,none,0.0,base,AMD,Tech,0.0,,1.0,0.0,0.0,False,False,False
2023-05-31,2023-06-01,2023-05-31,Equity-Only Minimum Variance,none,0.0,base,AMGN,Healthcare,0.0806695813007045,,1.0,0.0806695813007045,0.0806695813007045,False,False,False
2023-05-31,2023-06-01,2023-05-31,Equity-Only Minimum Variance,none,0.0,base,AMT,RealEstate,0.0,,1.0,0.0,0.0,False,False,False
2023-05-31,2023-06-01,2023-05-31,Equity-Only Minimum Variance,none,0.0,base,BA,Industrials,0.0,,1.0,0.0,0.0,False,False,False
2023-05-31,2023-06-01,2023-05-31,Equity-Only Minimum Variance,none,0.0,base,CAT,Industrials,0.0,,1.0,0.0,0.0,False,False,False
2023-05-31,2023-06-01,2023-05-31,Equity-Only Minimum Variance,none,0.0,base,CCI,RealEstate,0.0,,1.0,0.0,0.0,False,False,False
2023-05-31,2023-06-01,2023-05-31,Equity-Only Minimum Variance,none,0.0,base,CMCSA,Comm,0.0,,1.0,0.0,0.0,False,False,False
2023-05-31,2023-06-01,2023-05-31,Equity-Only Minimum Variance,none,0.0,base,COP,Energy,0.0,,1.0,0.0,0.0,False,False,False
2023-05-31,2023-06-01,2023-05-31,Equity-Only Minimum Variance,none,0.0,base,CVX,Energy,0.0399309199946683,,1.0,0.0399309199946683,0.0399309199946683,False,False,False
2023-05-31,2023-06-01,2023-05-31,Equity-Only Minimum Variance,none,0.0,base,D,Utilities,0.0,,1.0,0.0,0.0,False,False,False
2023-05-31,2023-06-01,2023-05-31,Equity-Only Minimum Variance,none,0.0,base,DD,Materials,0.0,,1.0,0.0,0.0,False,False,False
2023-05-31,2023-06-01,2023-05-31,Equity-Only Minimum Variance,none,0.0,base,DIS,Consumer,0.0,,1.0,0.0,0.0,False,False,False
2023-05-31,2023-06-01,2023-05-31,Equity-Only Minimum Variance,none,0.0,base,DOW,Materials,0.0,,1.0,0.0,0.0,False,False,False
2023-05-31,2023-06-01,2023-05-31,Equity-Only Minimum Variance,none,0.0,base,DUK,Utilities,0.0,,1.0,0.0,0.0,False,False,False
2023-05-31,2023-06-01,2023-05-31,Equity-Only Minimum Variance,none,0.0,base,EA,Comm,0.1245113838855593,,1.0,0.1245113838855593,0.1245113838855593,False,False,False
2023-05-31,2023-06-01,2023-05-31,Equity-Only Minimum Variance,none,0.0,base,GE,Industrials,0.0,,1.0,0.0,0.0,False,False,False
2023-05-31,2023-06-01,2023-05-31,Equity-Only Minimum Variance,none,0.0,base,GILD,Healthcare,0.0,,1.0,0.0,0.0,False,False,False
2023-05-31,2023-06-01,2023-05-31,Equity-Only Minimum Variance,none,0.0,base,GS,Financials,0.0,,1.0,0.0,0.0,False,False,False
2023-05-31,2023-06-01,2023-05-31,Equity-Only Minimum Variance,none,0.0,base,INTC,Tech,0.0,,1.0,0.0,0.0,False,False,False
2023-05-31,2023-06-01,2023-05-31,Equity-Only Minimum Variance,none,0.0,base,KO,Consumer,0.2862103584396383,,1.0,0.2862103584396383,0.2862103584396383,False,False,False
2023-05-31,2023-06-01,2023-05-31,Equity-Only Minimum Variance,none,0.0,base,MMM,Industrials,0.0,,1.0,0.0,0.0,False,False,False
2023-05-31,2023-06-01,2023-05-31,Equity-Only Minimum Variance,none,0.0,base,MRK,Healthcare,0.1567673873262752,,1.0,0.1567673873262752,0.1567673873262752,False,False,False
2023-05-31,2023-06-01,2023-05-31,Equity-Only Minimum Variance,none,0.0,base,MS,Financials,0.0,,1.0,0.0,0.0,False,False,False
2023-05-31,2023-06-01,2023-05-31,Equity-Only Minimum Variance,none,0.0,base,NEE,Utilities,0.0,,1.0,0.0,0.0,False,False,False
2023-05-31,2023-06-01,2023-05-31,Equity-Only Minimum Variance,none,0.0,base,NEM,Materials,0.0,,1.0,0.0,0.0,False,False,False
2023-05-31,2023-06-01,2023-05-31,Equity-Only Minimum Variance,none,0.0,base,NKE,Consumer,0.0,,1.0,0.0,0.0,False,False,False
2023-05-31,2023-06-01,2023-05-31,Equity-Only Minimum Variance,none,0.0,base,NUE,Materials,0.0,,1.0,0.0,0.0,False,False,False
2023-05-31,2023-06-01,2023-05-31,Equity-Only Minimum Variance,none,0.0,base,NVDA,Tech,0.0,,1.0,0.0,0.0,False,False,False
2023-05-31,2023-06-01,2023-05-31,Equity-Only Minimum Variance,none,0.0,base,O,RealEstate,0.0847773712820634,,1.0,0.0847773712820634,0.0847773712820634,False,False,False
2023-05-31,2023-06-01,2023-05-31,Equity-Only Minimum Variance,none,0.0,base,OXY,Energy,0.0,,1.0,0.0,0.0,False,False,False
2023-05-31,2023-06-01,2023-05-31,Equity-Only Minimum Variance,none,0.0,base,PLD,RealEstate,0.0,,1.0,0.0,0.0,False,False,False
2023-05-31,2023-06-01,2023-05-31,Equity-Only Minimum Variance,none,0.0,base,PSA,RealEstate,0.0,,1.0,0.0,0.0,False,False,False
2023-05-31,2023-06-01,2023-05-31,Equity-Only Minimum Variance,none,0.0,base,QCOM,Tech,0.0,,1.0,0.0,0.0,False,False,False
2023-05-31,2023-06-01,2023-05-31,Equity-Only Minimum Variance,none,0.0,base,SBUX,Consumer,0.0,,1.0,0.0,0.0,False,False,False
2023-05-31,2023-06-01,2023-05-31,Equity-Only Minimum Variance,none,0.0,base,SHW,Materials,0.0,,1.0,0.0,0.0,False,False,False
2023-05-31,2023-06-01,2023-05-31,Equity-Only Minimum Variance,none,0.0,base,SLB,Energy,0.0,,1.0,0.0,0.0,False,False,False
2023-05-31,2023-06-01,2023-05-31,Equity-Only Minimum Variance,none,0.0,base,SO,Utilities,0.0,,1.0,0.0,0.0,False,False,False
2023-05-31,2023-06-01,2023-05-31,Equity-Only Minimum Variance,none,0.0,base,T,Comm,0.0238801160012578,,1.0,0.0238801160012578,0.0238801160012578,False,False,False
2023-05-31,2023-06-01,2023-05-31,Equity-Only Minimum Variance,none,0.0,base,TMUS,Comm,0.0,,1.0,0.0,0.0,False,False,False
2023-05-31,2023-06-01,2023-05-31,Equity-Only Minimum Variance,none,0.0,base,TTWO,Comm,0.0,,1.0,0.0,0.0,False,False,False
2023-05-31,2023-06-01,2023-05-31,Equity-Only Minimum Variance,none,0.0,base,UPS,Industrials,0.0,,1.0,0.0,0.0,False,False,False
2023-05-31,2023-06-01,2023-05-31,Equity-Only Minimum Variance,none,0.0,base,USB,Financials,0.0,,1.0,0.0,0.0,False,False,False
2023-05-31,2023-06-01,2023-05-31,Equity-Only Minimum Variance,none,0.0,base,V,Financials,0.0,,1.0,0.0,0.0,False,False,False
2023-05-31,2023-06-01,2023-05-31,Equity-Only Minimum Variance,none,0.0,base,WFC,Financials,0.0,,1.0,0.0,0.0,False,False,False
2023-05-31,2023-06-01,2023-05-31,Equity-Only Minimum Variance,none,0.0,base,WMT,Consumer,0.1531152891659129,,1.0,0.1531152891659129,0.1531152891659129,False,False,False
2023-05-31,2023-06-01,2023-05-31,Equity-Only Minimum Variance,none,0.0,base,XOM,Energy,0.0,,1.0,0.0,0.0,False,False,False
2023-06-30,2023-07-03,2023-06-30,Equity-Only Minimum Variance,none,0.0,base,ABBV,Healthcare,0.0869798072006141,,1.0,0.0869798072006141,0.0869798072006141,False,False,False
2023-06-30,2023-07-03,2023-06-30,Equity-Only Minimum Variance,none,0.0,base,ABT,Healthcare,0.0,,1.0,0.0,0.0,False,False,False
2023-06-30,2023-07-03,2023-06-30,Equity-Only Minimum Variance,none,0.0,base,ADBE,Tech,0.0,,1.0,0.0,0.0,False,False,False
2023-06-30,2023-07-03,2023-06-30,Equity-Only Minimum Variance,none,0.0,base,AEP,Utilities,0.0,,1.0,0.0,0.0,False,False,False
2023-06-30,2023-07-03,2023-06-30,Equity-Only Minimum Variance,none,0.0,base,AMD,Tech,0.0,,1.0,0.0,0.0,False,False,False
2023-06-30,2023-07-03,2023-06-30,Equity-Only Minimum Variance,none,0.0,base,AMGN,Healthcare,0.012611719440015,,1.0,0.012611719440015,0.012611719440015,False,False,False
2023-06-30,2023-07-03,2023-06-30,Equity-Only Minimum Variance,none,0.0,base,AMT,RealEstate,0.0,,1.0,0.0,0.0,False,False,False
2023-06-30,2023-07-03,2023-06-30,Equity-Only Minimum Variance,none,0.0,base,BA,Industrials,0.0,,1.0,0.0,0.0,False,False,False
2023-06-30,2023-07-03,2023-06-30,Equity-Only Minimum Variance,none,0.0,base,CAT,Industrials,0.0,,1.0,0.0,0.0,False,False,False
2023-06-30,2023-07-03,2023-06-30,Equity-Only Minimum Variance,none,0.0,base,CCI,RealEstate,0.0,,1.0,0.0,0.0,False,False,False
2023-06-30,2023-07-03,2023-06-30,Equity-Only Minimum Variance,none,0.0,base,CMCSA,Comm,0.0,,1.0,0.0,0.0,False,False,False
2023-06-30,2023-07-03,2023-06-30,Equity-Only Minimum Variance,none,0.0,base,COP,Energy,0.0,,1.0,0.0,0.0,False,False,False
2023-06-30,2023-07-03,2023-06-30,Equity-Only Minimum Variance,none,0.0,base,CVX,Energy,0.0144705422712277,,1.0,0.0144705422712277,0.0144705422712277,False,False,False
2023-06-30,2023-07-03,2023-06-30,Equity-Only Minimum Variance,none,0.0,base,D,Utilities,0.0,,1.0,0.0,0.0,False,False,False
2023-06-30,2023-07-03,2023-06-30,Equity-Only Minimum Variance,none,0.0,base,DD,Materials,0.0,,1.0,0.0,0.0,False,False,False
2023-06-30,2023-07-03,2023-06-30,Equity-Only Minimum Variance,none,0.0,base,DIS,Consumer,0.0,,1.0,0.0,0.0,False,False,False
2023-06-30,2023-07-03,2023-06-30,Equity-Only Minimum Variance,none,0.0,base,DOW,Materials,0.0,,1.0,0.0,0.0,False,False,False
2023-06-30,2023-07-03,2023-06-30,Equity-Only Minimum Variance,none,0.0,base,DUK,Utilities,0.0,,1.0,0.0,0.0,False,False,False
2023-06-30,2023-07-03,2023-06-30,Equity-Only Minimum Variance,none,0.0,base,EA,Comm,0.126278600603295,,1.0,0.126278600603295,0.126278600603295,False,False,False
2023-06-30,2023-07-03,2023-06-30,Equity-Only Minimum Variance,none,0.0,base,GE,Industrials,0.0,,1.0,0.0,0.0,False,False,False
2023-06-30,2023-07-03,2023-06-30,Equity-Only Minimum Variance,none,0.0,base,GILD,Healthcare,0.0,,1.0,0.0,0.0,False,False,False
2023-06-30,2023-07-03,2023-06-30,Equity-Only Minimum Variance,none,0.0,base,GS,Financials,0.0,,1.0,0.0,0.0,False,False,False
2023-06-30,2023-07-03,2023-06-30,Equity-Only Minimum Variance,none,0.0,base,INTC,Tech,0.0,,1.0,0.0,0.0,False,False,False
2023-06-30,2023-07-03,2023-06-30,Equity-Only Minimum Variance,none,0.0,base,KO,Consumer,0.2385543788828388,,1.0,0.2385543788828388,0.2385543788828388,False,False,False
2023-06-30,2023-07-03,2023-06-30,Equity-Only Minimum Variance,none,0.0,base,MMM,Industrials,0.0,,1.0,0.0,0.0,False,False,False
2023-06-30,2023-07-03,2023-06-30,Equity-Only Minimum Variance,none,0.0,base,MRK,Healthcare,0.1763117318158618,,1.0,0.1763117318158618,0.1763117318158618,False,False,False
2023-06-30,2023-07-03,2023-06-30,Equity-Only Minimum Variance,none,0.0,base,MS,Financials,0.0,,1.0,0.0,0.0,False,False,False
2023-06-30,2023-07-03,2023-06-30,Equity-Only Minimum Variance,none,0.0,base,NEE,Utilities,0.0,,1.0,0.0,0.0,False,False,False
2023-06-30,2023-07-03,2023-06-30,Equity-Only Minimum Variance,none,0.0,base,NEM,Materials,0.0,,1.0,0.0,0.0,False,False,False
2023-06-30,2023-07-03,2023-06-30,Equity-Only Minimum Variance,none,0.0,base,NKE,Consumer,0.0,,1.0,0.0,0.0,False,False,False
2023-06-30,2023-07-03,2023-06-30,Equity-Only Minimum Variance,none,0.0,base,NUE,Materials,0.0,,1.0,0.0,0.0,False,False,False
2023-06-30,2023-07-03,2023-06-30,Equity-Only Minimum Variance,none,0.0,base,NVDA,Tech,0.0,,1.0,0.0,0.0,False,False,False
2023-06-30,2023-07-03,2023-06-30,Equity-Only Minimum Variance,none,0.0,base,O,RealEstate,0.1170582847115573,,1.0,0.1170582847115573,0.1170582847115573,False,False,False
2023-06-30,2023-07-03,2023-06-30,Equity-Only Minimum Variance,none,0.0,base,OXY,Energy,0.0045486095107736,,1.0,0.0045486095107736,0.0045486095107736,False,False,False
2023-06-30,2023-07-03,2023-06-30,Equity-Only Minimum Variance,none,0.0,base,PLD,RealEstate,0.0,,1.0,0.0,0.0,False,False,False
2023-06-30,2023-07-03,2023-06-30,Equity-Only Minimum Variance,none,0.0,base,PSA,RealEstate,0.0,,1.0,0.0,0.0,False,False,False
2023-06-30,2023-07-03,2023-06-30,Equity-Only Minimum Variance,none,0.0,base,QCOM,Tech,0.0,,1.0,0.0,0.0,False,False,False
2023-06-30,2023-07-03,2023-06-30,Equity-Only Minimum Variance,none,0.0,base,SBUX,Consumer,0.0,,1.0,0.0,0.0,False,False,False
2023-06-30,2023-07-03,2023-06-30,Equity-Only Minimum Variance,none,0.0,base,SHW,Materials,0.0,,1.0,0.0,0.0,False,False,False
2023-06-30,2023-07-03,2023-06-30,Equity-Only Minimum Variance,none,0.0,base,SLB,Energy,0.0,,1.0,0.0,0.0,False,False,False
2023-06-30,2023-07-03,2023-06-30,Equity-Only Minimum Variance,none,0.0,base,SO,Utilities,0.0,,1.0,0.0,0.0,False,False,False
2023-06-30,2023-07-03,2023-06-30,Equity-Only Minimum Variance,none,0.0,base,T,Comm,0.0439759475588243,,1.0,0.0439759475588243,0.0439759475588243,False,False,False
2023-06-30,2023-07-03,2023-06-30,Equity-Only Minimum Variance,none,0.0,base,TMUS,Comm,0.0299148698096306,,1.0,0.0299148698096306,0.0299148698096306,False,False,False
2023-06-30,2023-07-03,2023-06-30,Equity-Only Minimum Variance,none,0.0,base,TTWO,Comm,0.0006271379537452,,1.0,0.0006271379537452,0.0006271379537452,False,False,False
2023-06-30,2023-07-03,2023-06-30,Equity-Only Minimum Variance,none,0.0,base,UPS,Industrials,0.0,,1.0,0.0,0.0,False,False,False
2023-06-30,2023-07-03,2023-06-30,Equity-Only Minimum Variance,none,0.0,base,USB,Financials,0.0,,1.0,0.0,0.0,False,False,False
2023-06-30,2023-07-03,2023-06-30,Equity-Only Minimum Variance,none,0.0,base,V,Financials,0.0,,1.0,0.0,0.0,False,False,False
2023-06-30,2023-07-03,2023-06-30,Equity-Only Minimum Variance,none,0.0,base,WFC,Financials,0.0,,1.0,0.0,0.0,False,False,False
2023-06-30,2023-07-03,2023-06-30,Equity-Only Minimum Variance,none,0.0,base,WMT,Consumer,0.1394268701487069,,1.0,0.1394268701487069,0.1394268701487069,False,False,False
2023-06-30,2023-07-03,2023-06-30,Equity-Only Minimum Variance,none,0.0,base,XOM,Energy,0.009241500092909,,1.0,0.009241500092909,0.009241500092909,False,False,False
2023-07-31,2023-08-01,2023-07-31,Equity-Only Minimum Variance,none,0.0,base,ABBV,Healthcare,0.0875430552463232,,1.0,0.0875430552463232,0.0875430552463232,False,False,False
2023-07-31,2023-08-01,2023-07-31,Equity-Only Minimum Variance,none,0.0,base,ABT,Healthcare,0.0,,1.0,0.0,0.0,False,False,False
2023-07-31,2023-08-01,2023-07-31,Equity-Only Minimum Variance,none,0.0,base,ADBE,Tech,0.0,,1.0,0.0,0.0,False,False,False
2023-07-31,2023-08-01,2023-07-31,Equity-Only Minimum Variance,none,0.0,base,AEP,Utilities,0.0,,1.0,0.0,0.0,False,False,False
2023-07-31,2023-08-01,2023-07-31,Equity-Only Minimum Variance,none,0.0,base,AMD,Tech,0.0,,1.0,0.0,0.0,False,False,False
2023-07-31,2023-08-01,2023-07-31,Equity-Only Minimum Variance,none,0.0,base,AMGN,Healthcare,0.0156056079016828,,1.0,0.0156056079016828,0.0156056079016828,False,False,False
2023-07-31,2023-08-01,2023-07-31,Equity-Only Minimum Variance,none,0.0,base,AMT,RealEstate,0.0,,1.0,0.0,0.0,False,False,False
2023-07-31,2023-08-01,2023-07-31,Equity-Only Minimum Variance,none,0.0,base,BA,Industrials,0.0,,1.0,0.0,0.0,False,False,False
2023-07-31,2023-08-01,2023-07-31,Equity-Only Minimum Variance,none,0.0,base,CAT,Industrials,0.0,,1.0,0.0,0.0,False,False,False
2023-07-31,2023-08-01,2023-07-31,Equity-Only Minimum Variance,none,0.0,base,CCI,RealEstate,0.0,,1.0,0.0,0.0,False,False,False
2023-07-31,2023-08-01,2023-07-31,Equity-Only Minimum Variance,none,0.0,base,CMCSA,Comm,0.0,,1.0,0.0,0.0,False,False,False
2023-07-31,2023-08-01,2023-07-31,Equity-Only Minimum Variance,none,0.0,base,COP,Energy,0.0,,1.0,0.0,0.0,False,False,False
2023-07-31,2023-08-01,2023-07-31,Equity-Only Minimum Variance,none,0.0,base,CVX,Energy,0.0119871567644702,,1.0,0.0119871567644702,0.0119871567644702,False,False,False
2023-07-31,2023-08-01,2023-07-31,Equity-Only Minimum Variance,none,0.0,base,D,Utilities,0.0,,1.0,0.0,0.0,False,False,False
2023-07-31,2023-08-01,2023-07-31,Equity-Only Minimum Variance,none,0.0,base,DD,Materials,0.0,,1.0,0.0,0.0,False,False,False
2023-07-31,2023-08-01,2023-07-31,Equity-Only Minimum Variance,none,0.0,base,DIS,Consumer,0.0,,1.0,0.0,0.0,False,False,False
2023-07-31,2023-08-01,2023-07-31,Equity-Only Minimum Variance,none,0.0,base,DOW,Materials,0.0,,1.0,0.0,0.0,False,False,False
2023-07-31,2023-08-01,2023-07-31,Equity-Only Minimum Variance,none,0.0,base,DUK,Utilities,0.0,,1.0,0.0,0.0,False,False,False
2023-07-31,2023-08-01,2023-07-31,Equity-Only Minimum Variance,none,0.0,base,EA,Comm,0.1152156909713553,,1.0,0.1152156909713553,0.1152156909713553,False,False,False
2023-07-31,2023-08-01,2023-07-31,Equity-Only Minimum Variance,none,0.0,base,GE,Industrials,0.0,,1.0,0.0,0.0,False,False,False
2023-07-31,2023-08-01,2023-07-31,Equity-Only Minimum Variance,none,0.0,base,GILD,Healthcare,0.0,,1.0,0.0,0.0,False,False,False
2023-07-31,2023-08-01,2023-07-31,Equity-Only Minimum Variance,none,0.0,base,GS,Financials,0.0,,1.0,0.0,0.0,False,False,False
2023-07-31,2023-08-01,2023-07-31,Equity-Only Minimum Variance,none,0.0,base,INTC,Tech,0.0,,1.0,0.0,0.0,False,False,False
2023-07-31,2023-08-01,2023-07-31,Equity-Only Minimum Variance,none,0.0,base,KO,Consumer,0.2329936574415961,,1.0,0.2329936574415961,0.2329936574415961,False,False,False
2023-07-31,2023-08-01,2023-07-31,Equity-Only Minimum Variance,none,0.0,base,MMM,Industrials,0.0,,1.0,0.0,0.0,False,False,False
2023-07-31,2023-08-01,2023-07-31,Equity-Only Minimum Variance,none,0.0,base,MRK,Healthcare,0.1597897419160972,,1.0,0.1597897419160972,0.1597897419160972,False,False,False
2023-07-31,2023-08-01,2023-07-31,Equity-Only Minimum Variance,none,0.0,base,MS,Financials,0.0,,1.0,0.0,0.0,False,False,False
2023-07-31,2023-08-01,2023-07-31,Equity-Only Minimum Variance,none,0.0,base,NEE,Utilities,0.0,,1.0,0.0,0.0,False,False,False
2023-07-31,2023-08-01,2023-07-31,Equity-Only Minimum Variance,none,0.0,base,NEM,Materials,0.0,,1.0,0.0,0.0,False,False,False
2023-07-31,2023-08-01,2023-07-31,Equity-Only Minimum Variance,none,0.0,base,NKE,Consumer,0.0,,1.0,0.0,0.0,False,False,False
2023-07-31,2023-08-01,2023-07-31,Equity-Only Minimum Variance,none,0.0,base,NUE,Materials,0.0,,1.0,0.0,0.0,False,False,False
2023-07-31,2023-08-01,2023-07-31,Equity-Only Minimum Variance,none,0.0,base,NVDA,Tech,0.0,,1.0,0.0,0.0,False,False,False
2023-07-31,2023-08-01,2023-07-31,Equity-Only Minimum Variance,none,0.0,base,O,RealEstate,0.1223155510239102,,1.0,0.1223155510239102,0.1223155510239102,False,False,False
2023-07-31,2023-08-01,2023-07-31,Equity-Only Minimum Variance,none,0.0,base,OXY,Energy,0.0131526081157773,,1.0,0.0131526081157773,0.0131526081157773,False,False,False
2023-07-31,2023-08-01,2023-07-31,Equity-Only Minimum Variance,none,0.0,base,PLD,RealEstate,0.0,,1.0,0.0,0.0,False,False,False
2023-07-31,2023-08-01,2023-07-31,Equity-Only Minimum Variance,none,0.0,base,PSA,RealEstate,0.0,,1.0,0.0,0.0,False,False,False
2023-07-31,2023-08-01,2023-07-31,Equity-Only Minimum Variance,none,0.0,base,QCOM,Tech,0.0,,1.0,0.0,0.0,False,False,False
2023-07-31,2023-08-01,2023-07-31,Equity-Only Minimum Variance,none,0.0,base,SBUX,Consumer,0.0,,1.0,0.0,0.0,False,False,False
2023-07-31,2023-08-01,2023-07-31,Equity-Only Minimum Variance,none,0.0,base,SHW,Materials,0.0,,1.0,0.0,0.0,False,False,False
2023-07-31,2023-08-01,2023-07-31,Equity-Only Minimum Variance,none,0.0,base,SLB,Energy,0.0,,1.0,0.0,0.0,False,False,False
2023-07-31,2023-08-01,2023-07-31,Equity-Only Minimum Variance,none,0.0,base,SO,Utilities,0.0,,1.0,0.0,0.0,False,False,False
2023-07-31,2023-08-01,2023-07-31,Equity-Only Minimum Variance,none,0.0,base,T,Comm,0.0268377116057847,,1.0,0.0268377116057847,0.0268377116057847,False,False,False
2023-07-31,2023-08-01,2023-07-31,Equity-Only Minimum Variance,none,0.0,base,TMUS,Comm,0.0526341059840717,,1.0,0.0526341059840717,0.0526341059840717,False,False,False
2023-07-31,2023-08-01,2023-07-31,Equity-Only Minimum Variance,none,0.0,base,TTWO,Comm,0.0021491336463584,,1.0,0.0021491336463584,0.0021491336463584,False,False,False
2023-07-31,2023-08-01,2023-07-31,Equity-Only Minimum Variance,none,0.0,base,UPS,Industrials,0.0,,1.0,0.0,0.0,False,False,False
2023-07-31,2023-08-01,2023-07-31,Equity-Only Minimum Variance,none,0.0,base,USB,Financials,0.0,,1.0,0.0,0.0,False,False,False
2023-07-31,2023-08-01,2023-07-31,Equity-Only Minimum Variance,none,0.0,base,V,Financials,0.0126724309083582,,1.0,0.0126724309083582,0.0126724309083582,False,False,False
2023-07-31,2023-08-01,2023-07-31,Equity-Only Minimum Variance,none,0.0,base,WFC,Financials,0.0,,1.0,0.0,0.0,False,False,False
2023-07-31,2023-08-01,2023-07-31,Equity-Only Minimum Variance,none,0.0,base,WMT,Consumer,0.1381157632100252,,1.0,0.1381157632100252,0.1381157632100252,False,False,False
2023-07-31,2023-08-01,2023-07-31,Equity-Only Minimum Variance,none,0.0,base,XOM,Energy,0.0089877852641889,,1.0,0.0089877852641889,0.0089877852641889,False,False,False
2023-08-31,2023-09-01,2023-08-31,Equity-Only Minimum Variance,none,0.0,base,ABBV,Healthcare,0.0742857209529456,,1.0,0.0742857209529456,0.0742857209529456,False,False,False
2023-08-31,2023-09-01,2023-08-31,Equity-Only Minimum Variance,none,0.0,base,ABT,Healthcare,0.0,,1.0,0.0,0.0,False,False,False
2023-08-31,2023-09-01,2023-08-31,Equity-Only Minimum Variance,none,0.0,base,ADBE,Tech,0.0,,1.0,0.0,0.0,False,False,False
2023-08-31,2023-09-01,2023-08-31,Equity-Only Minimum Variance,none,0.0,base,AEP,Utilities,0.0,,1.0,0.0,0.0,False,False,False
2023-08-31,2023-09-01,2023-08-31,Equity-Only Minimum Variance,none,0.0,base,AMD,Tech,0.0,,1.0,0.0,0.0,False,False,False
2023-08-31,2023-09-01,2023-08-31,Equity-Only Minimum Variance,none,0.0,base,AMGN,Healthcare,0.0403196886552211,,1.0,0.0403196886552211,0.0403196886552211,False,False,False
2023-08-31,2023-09-01,2023-08-31,Equity-Only Minimum Variance,none,0.0,base,AMT,RealEstate,0.0,,1.0,0.0,0.0,False,False,False
2023-08-31,2023-09-01,2023-08-31,Equity-Only Minimum Variance,none,0.0,base,BA,Industrials,0.0,,1.0,0.0,0.0,False,False,False
2023-08-31,2023-09-01,2023-08-31,Equity-Only Minimum Variance,none,0.0,base,CAT,Industrials,0.0,,1.0,0.0,0.0,False,False,False
2023-08-31,2023-09-01,2023-08-31,Equity-Only Minimum Variance,none,0.0,base,CCI,RealEstate,0.0,,1.0,0.0,0.0,False,False,False
2023-08-31,2023-09-01,2023-08-31,Equity-Only Minimum Variance,none,0.0,base,CMCSA,Comm,0.0,,1.0,0.0,0.0,False,False,False
2023-08-31,2023-09-01,2023-08-31,Equity-Only Minimum Variance,none,0.0,base,COP,Energy,0.0,,1.0,0.0,0.0,False,False,False
2023-08-31,2023-09-01,2023-08-31,Equity-Only Minimum Variance,none,0.0,base,CVX,Energy,0.0,,1.0,0.0,0.0,False,False,False
2023-08-31,2023-09-01,2023-08-31,Equity-Only Minimum Variance,none,0.0,base,D,Utilities,0.0,,1.0,0.0,0.0,False,False,False
2023-08-31,2023-09-01,2023-08-31,Equity-Only Minimum Variance,none,0.0,base,DD,Materials,0.0,,1.0,0.0,0.0,False,False,False
2023-08-31,2023-09-01,2023-08-31,Equity-Only Minimum Variance,none,0.0,base,DIS,Consumer,0.0,,1.0,0.0,0.0,False,False,False
2023-08-31,2023-09-01,2023-08-31,Equity-Only Minimum Variance,none,0.0,base,DOW,Materials,0.0,,1.0,0.0,0.0,False,False,False
2023-08-31,2023-09-01,2023-08-31,Equity-Only Minimum Variance,none,0.0,base,DUK,Utilities,0.0,,1.0,0.0,0.0,False,False,False
2023-08-31,2023-09-01,2023-08-31,Equity-Only Minimum Variance,none,0.0,base,EA,Comm,0.0782336627440103,,1.0,0.0782336627440103,0.0782336627440103,False,False,False
2023-08-31,2023-09-01,2023-08-31,Equity-Only Minimum Variance,none,0.0,base,GE,Industrials,0.0,,1.0,0.0,0.0,False,False,False
2023-08-31,2023-09-01,2023-08-31,Equity-Only Minimum Variance,none,0.0,base,GILD,Healthcare,0.0,,1.0,0.0,0.0,False,False,False
2023-08-31,2023-09-01,2023-08-31,Equity-Only Minimum Variance,none,0.0,base,GS,Financials,0.0,,1.0,0.0,0.0,False,False,False
2023-08-31,2023-09-01,2023-08-31,Equity-Only Minimum Variance,none,0.0,base,INTC,Tech,0.0,,1.0,0.0,0.0,False,False,False
2023-08-31,2023-09-01,2023-08-31,Equity-Only Minimum Variance,none,0.0,base,KO,Consumer,0.2564785679164975,,1.0,0.2564785679164975,0.2564785679164975,False,False,False
2023-08-31,2023-09-01,2023-08-31,Equity-Only Minimum Variance,none,0.0,base,MMM,Industrials,0.0,,1.0,0.0,0.0,False,False,False
2023-08-31,2023-09-01,2023-08-31,Equity-Only Minimum Variance,none,0.0,base,MRK,Healthcare,0.1418692644532559,,1.0,0.1418692644532559,0.1418692644532559,False,False,False
2023-08-31,2023-09-01,2023-08-31,Equity-Only Minimum Variance,none,0.0,base,MS,Financials,0.0,,1.0,0.0,0.0,False,False,False
2023-08-31,2023-09-01,2023-08-31,Equity-Only Minimum Variance,none,0.0,base,NEE,Utilities,0.0,,1.0,0.0,0.0,False,False,False
2023-08-31,2023-09-01,2023-08-31,Equity-Only Minimum Variance,none,0.0,base,NEM,Materials,0.0,,1.0,0.0,0.0,False,False,False
2023-08-31,2023-09-01,2023-08-31,Equity-Only Minimum Variance,none,0.0,base,NKE,Consumer,0.0,,1.0,0.0,0.0,False,False,False
2023-08-31,2023-09-01,2023-08-31,Equity-Only Minimum Variance,none,0.0,base,NUE,Materials,0.0,,1.0,0.0,0.0,False,False,False
2023-08-31,2023-09-01,2023-08-31,Equity-Only Minimum Variance,none,0.0,base,NVDA,Tech,0.0,,1.0,0.0,0.0,False,False,False
2023-08-31,2023-09-01,2023-08-31,Equity-Only Minimum Variance,none,0.0,base,O,RealEstate,0.0938284183171901,,1.0,0.0938284183171901,0.0938284183171901,False,False,False
2023-08-31,2023-09-01,2023-08-31,Equity-Only Minimum Variance,none,0.0,base,OXY,Energy,0.0191927825992649,,1.0,0.0191927825992649,0.0191927825992649,False,False,False
2023-08-31,2023-09-01,2023-08-31,Equity-Only Minimum Variance,none,0.0,base,PLD,RealEstate,0.0,,1.0,0.0,0.0,False,False,False
2023-08-31,2023-09-01,2023-08-31,Equity-Only Minimum Variance,none,0.0,base,PSA,RealEstate,0.0,,1.0,0.0,0.0,False,False,False
2023-08-31,2023-09-01,2023-08-31,Equity-Only Minimum Variance,none,0.0,base,QCOM,Tech,0.0,,1.0,0.0,0.0,False,False,False
2023-08-31,2023-09-01,2023-08-31,Equity-Only Minimum Variance,none,0.0,base,SBUX,Consumer,0.0,,1.0,0.0,0.0,False,False,False
2023-08-31,2023-09-01,2023-08-31,Equity-Only Minimum Variance,none,0.0,base,SHW,Materials,0.0,,1.0,0.0,0.0,False,False,False
2023-08-31,2023-09-01,2023-08-31,Equity-Only Minimum Variance,none,0.0,base,SLB,Energy,0.0,,1.0,0.0,0.0,False,False,False
2023-08-31,2023-09-01,2023-08-31,Equity-Only Minimum Variance,none,0.0,base,SO,Utilities,0.0,,1.0,0.0,0.0,False,False,False
2023-08-31,2023-09-01,2023-08-31,Equity-Only Minimum Variance,none,0.0,base,T,Comm,0.032989013001133,,1.0,0.032989013001133,0.032989013001133,False,False,False
2023-08-31,2023-09-01,2023-08-31,Equity-Only Minimum Variance,none,0.0,base,TMUS,Comm,0.0343601582181247,,1.0,0.0343601582181247,0.0343601582181247,False,False,False
2023-08-31,2023-09-01,2023-08-31,Equity-Only Minimum Variance,none,0.0,base,TTWO,Comm,0.0158777786920197,,1.0,0.0158777786920197,0.0158777786920197,False,False,False
2023-08-31,2023-09-01,2023-08-31,Equity-Only Minimum Variance,none,0.0,base,UPS,Industrials,0.0,,1.0,0.0,0.0,False,False,False
2023-08-31,2023-09-01,2023-08-31,Equity-Only Minimum Variance,none,0.0,base,USB,Financials,0.0,,1.0,0.0,0.0,False,False,False
2023-08-31,2023-09-01,2023-08-31,Equity-Only Minimum Variance,none,0.0,base,V,Financials,0.0182623456909401,,1.0,0.0182623456909401,0.0182623456909401,False,False,False
2023-08-31,2023-09-01,2023-08-31,Equity-Only Minimum Variance,none,0.0,base,WFC,Financials,0.0,,1.0,0.0,0.0,False,False,False
2023-08-31,2023-09-01,2023-08-31,Equity-Only Minimum Variance,none,0.0,base,WMT,Consumer,0.1807656493227264,,1.0,0.1807656493227264,0.1807656493227264,False,False,False
2023-08-31,2023-09-01,2023-08-31,Equity-Only Minimum Variance,none,0.0,base,XOM,Energy,0.0135369494366703,,1.0,0.0135369494366703,0.0135369494366703,False,False,False
2023-09-29,2023-10-02,2023-09-29,Equity-Only Minimum Variance,none,0.0,base,ABBV,Healthcare,0.0622695892060158,,1.0,0.0622695892060158,0.0622695892060158,False,False,False
2023-09-29,2023-10-02,2023-09-29,Equity-Only Minimum Variance,none,0.0,base,ABT,Healthcare,0.0,,1.0,0.0,0.0,False,False,False
2023-09-29,2023-10-02,2023-09-29,Equity-Only Minimum Variance,none,0.0,base,ADBE,Tech,0.0,,1.0,0.0,0.0,False,False,False
2023-09-29,2023-10-02,2023-09-29,Equity-Only Minimum Variance,none,0.0,base,AEP,Utilities,0.0,,1.0,0.0,0.0,False,False,False
2023-09-29,2023-10-02,2023-09-29,Equity-Only Minimum Variance,none,0.0,base,AMD,Tech,0.0,,1.0,0.0,0.0,False,False,False
2023-09-29,2023-10-02,2023-09-29,Equity-Only Minimum Variance,none,0.0,base,AMGN,Healthcare,0.0459857099945139,,1.0,0.0459857099945139,0.0459857099945139,False,False,False
2023-09-29,2023-10-02,2023-09-29,Equity-Only Minimum Variance,none,0.0,base,AMT,RealEstate,0.0,,1.0,0.0,0.0,False,False,False
2023-09-29,2023-10-02,2023-09-29,Equity-Only Minimum Variance,none,0.0,base,BA,Industrials,0.0,,1.0,0.0,0.0,False,False,False
2023-09-29,2023-10-02,2023-09-29,Equity-Only Minimum Variance,none,0.0,base,CAT,Industrials,0.0,,1.0,0.0,0.0,False,False,False
2023-09-29,2023-10-02,2023-09-29,Equity-Only Minimum Variance,none,0.0,base,CCI,RealEstate,0.0,,1.0,0.0,0.0,False,False,False
2023-09-29,2023-10-02,2023-09-29,Equity-Only Minimum Variance,none,0.0,base,CMCSA,Comm,0.0,,1.0,0.0,0.0,False,False,False
2023-09-29,2023-10-02,2023-09-29,Equity-Only Minimum Variance,none,0.0,base,COP,Energy,0.0,,1.0,0.0,0.0,False,False,False
2023-09-29,2023-10-02,2023-09-29,Equity-Only Minimum Variance,none,0.0,base,CVX,Energy,0.0285068765260923,,1.0,0.0285068765260923,0.0285068765260923,False,False,False
2023-09-29,2023-10-02,2023-09-29,Equity-Only Minimum Variance,none,0.0,base,D,Utilities,0.0,,1.0,0.0,0.0,False,False,False
2023-09-29,2023-10-02,2023-09-29,Equity-Only Minimum Variance,none,0.0,base,DD,Materials,0.0,,1.0,0.0,0.0,False,False,False
2023-09-29,2023-10-02,2023-09-29,Equity-Only Minimum Variance,none,0.0,base,DIS,Consumer,0.0,,1.0,0.0,0.0,False,False,False
2023-09-29,2023-10-02,2023-09-29,Equity-Only Minimum Variance,none,0.0,base,DOW,Materials,0.0,,1.0,0.0,0.0,False,False,False
2023-09-29,2023-10-02,2023-09-29,Equity-Only Minimum Variance,none,0.0,base,DUK,Utilities,0.0,,1.0,0.0,0.0,False,False,False
2023-09-29,2023-10-02,2023-09-29,Equity-Only Minimum Variance,none,0.0,base,EA,Comm,0.0787834168266555,,1.0,0.0787834168266555,0.0787834168266555,False,False,False
2023-09-29,2023-10-02,2023-09-29,Equity-Only Minimum Variance,none,0.0,base,GE,Industrials,0.0073350238314469,,1.0,0.0073350238314469,0.0073350238314469,False,False,False
2023-09-29,2023-10-02,2023-09-29,Equity-Only Minimum Variance,none,0.0,base,GILD,Healthcare,0.0,,1.0,0.0,0.0,False,False,False
2023-09-29,2023-10-02,2023-09-29,Equity-Only Minimum Variance,none,0.0,base,GS,Financials,0.0,,1.0,0.0,0.0,False,False,False
2023-09-29,2023-10-02,2023-09-29,Equity-Only Minimum Variance,none,0.0,base,INTC,Tech,0.0,,1.0,0.0,0.0,False,False,False
2023-09-29,2023-10-02,2023-09-29,Equity-Only Minimum Variance,none,0.0,base,KO,Consumer,0.2873775350355844,,1.0,0.2873775350355844,0.2873775350355844,False,False,False
2023-09-29,2023-10-02,2023-09-29,Equity-Only Minimum Variance,none,0.0,base,MMM,Industrials,0.0,,1.0,0.0,0.0,False,False,False
2023-09-29,2023-10-02,2023-09-29,Equity-Only Minimum Variance,none,0.0,base,MRK,Healthcare,0.1165080947026431,,1.0,0.1165080947026431,0.1165080947026431,False,False,False
2023-09-29,2023-10-02,2023-09-29,Equity-Only Minimum Variance,none,0.0,base,MS,Financials,0.0,,1.0,0.0,0.0,False,False,False
2023-09-29,2023-10-02,2023-09-29,Equity-Only Minimum Variance,none,0.0,base,NEE,Utilities,0.0,,1.0,0.0,0.0,False,False,False
2023-09-29,2023-10-02,2023-09-29,Equity-Only Minimum Variance,none,0.0,base,NEM,Materials,0.0,,1.0,0.0,0.0,False,False,False
2023-09-29,2023-10-02,2023-09-29,Equity-Only Minimum Variance,none,0.0,base,NKE,Consumer,0.0,,1.0,0.0,0.0,False,False,False
2023-09-29,2023-10-02,2023-09-29,Equity-Only Minimum Variance,none,0.0,base,NUE,Materials,0.0,,1.0,0.0,0.0,False,False,False
2023-09-29,2023-10-02,2023-09-29,Equity-Only Minimum Variance,none,0.0,base,NVDA,Tech,0.0,,1.0,0.0,0.0,False,False,False
2023-09-29,2023-10-02,2023-09-29,Equity-Only Minimum Variance,none,0.0,base,O,RealEstate,0.0631806964650165,,1.0,0.0631806964650165,0.0631806964650165,False,False,False
2023-09-29,2023-10-02,2023-09-29,Equity-Only Minimum Variance,none,0.0,base,OXY,Energy,0.0176839203669765,,1.0,0.0176839203669765,0.0176839203669765,False,False,False
2023-09-29,2023-10-02,2023-09-29,Equity-Only Minimum Variance,none,0.0,base,PLD,RealEstate,0.0,,1.0,0.0,0.0,False,False,False
2023-09-29,2023-10-02,2023-09-29,Equity-Only Minimum Variance,none,0.0,base,PSA,RealEstate,0.0,,1.0,0.0,0.0,False,False,False
2023-09-29,2023-10-02,2023-09-29,Equity-Only Minimum Variance,none,0.0,base,QCOM,Tech,0.0,,1.0,0.0,0.0,False,False,False
2023-09-29,2023-10-02,2023-09-29,Equity-Only Minimum Variance,none,0.0,base,SBUX,Consumer,0.0,,1.0,0.0,0.0,False,False,False
2023-09-29,2023-10-02,2023-09-29,Equity-Only Minimum Variance,none,0.0,base,SHW,Materials,0.0,,1.0,0.0,0.0,False,False,False
2023-09-29,2023-10-02,2023-09-29,Equity-Only Minimum Variance,none,0.0,base,SLB,Energy,0.0,,1.0,0.0,0.0,False,False,False
2023-09-29,2023-10-02,2023-09-29,Equity-Only Minimum Variance,none,0.0,base,SO,Utilities,0.0,,1.0,0.0,0.0,False,False,False
2023-09-29,2023-10-02,2023-09-29,Equity-Only Minimum Variance,none,0.0,base,T,Comm,0.027024899104228,,1.0,0.027024899104228,0.027024899104228,False,False,False
2023-09-29,2023-10-02,2023-09-29,Equity-Only Minimum Variance,none,0.0,base,TMUS,Comm,0.0616742444999878,,1.0,0.0616742444999878,0.0616742444999878,False,False,False
2023-09-29,2023-10-02,2023-09-29,Equity-Only Minimum Variance,none,0.0,base,TTWO,Comm,0.016400310336569,,1.0,0.016400310336569,0.016400310336569,False,False,False
2023-09-29,2023-10-02,2023-09-29,Equity-Only Minimum Variance,none,0.0,base,UPS,Industrials,0.0,,1.0,0.0,0.0,False,False,False
2023-09-29,2023-10-02,2023-09-29,Equity-Only Minimum Variance,none,0.0,base,USB,Financials,0.0,,1.0,0.0,0.0,False,False,False
2023-09-29,2023-10-02,2023-09-29,Equity-Only Minimum Variance,none,0.0,base,V,Financials,0.0291095304250455,,1.0,0.0291095304250455,0.0291095304250455,False,False,False
2023-09-29,2023-10-02,2023-09-29,Equity-Only Minimum Variance,none,0.0,base,WFC,Financials,0.0,,1.0,0.0,0.0,False,False,False
2023-09-29,2023-10-02,2023-09-29,Equity-Only Minimum Variance,none,0.0,base,WMT,Consumer,0.1581601526792242,,1.0,0.1581601526792242,0.1581601526792242,False,False,False
2023-09-29,2023-10-02,2023-09-29,Equity-Only Minimum Variance,none,0.0,base,XOM,Energy,0.0,,1.0,0.0,0.0,False,False,False
2023-10-31,2023-11-01,2023-10-31,Equity-Only Minimum Variance,none,0.0,base,ABBV,Healthcare,0.0764429560561419,,1.0,0.0764429560561419,0.0764429560561419,False,False,False
2023-10-31,2023-11-01,2023-10-31,Equity-Only Minimum Variance,none,0.0,base,ABT,Healthcare,0.0,,1.0,0.0,0.0,False,False,False
2023-10-31,2023-11-01,2023-10-31,Equity-Only Minimum Variance,none,0.0,base,ADBE,Tech,0.0,,1.0,0.0,0.0,False,False,False
2023-10-31,2023-11-01,2023-10-31,Equity-Only Minimum Variance,none,0.0,base,AEP,Utilities,0.0,,1.0,0.0,0.0,False,False,False
2023-10-31,2023-11-01,2023-10-31,Equity-Only Minimum Variance,none,0.0,base,AMD,Tech,0.0,,1.0,0.0,0.0,False,False,False
2023-10-31,2023-11-01,2023-10-31,Equity-Only Minimum Variance,none,0.0,base,AMGN,Healthcare,0.0326262055348328,,1.0,0.0326262055348328,0.0326262055348328,False,False,False
2023-10-31,2023-11-01,2023-10-31,Equity-Only Minimum Variance,none,0.0,base,AMT,RealEstate,0.0,,1.0,0.0,0.0,False,False,False
2023-10-31,2023-11-01,2023-10-31,Equity-Only Minimum Variance,none,0.0,base,BA,Industrials,0.0,,1.0,0.0,0.0,False,False,False
2023-10-31,2023-11-01,2023-10-31,Equity-Only Minimum Variance,none,0.0,base,CAT,Industrials,0.0,,1.0,0.0,0.0,False,False,False
2023-10-31,2023-11-01,2023-10-31,Equity-Only Minimum Variance,none,0.0,base,CCI,RealEstate,0.0,,1.0,0.0,0.0,False,False,False
2023-10-31,2023-11-01,2023-10-31,Equity-Only Minimum Variance,none,0.0,base,CMCSA,Comm,0.0002372028086275,,1.0,0.0002372028086275,0.0002372028086275,False,False,False
2023-10-31,2023-11-01,2023-10-31,Equity-Only Minimum Variance,none,0.0,base,COP,Energy,0.0,,1.0,0.0,0.0,False,False,False
2023-10-31,2023-11-01,2023-10-31,Equity-Only Minimum Variance,none,0.0,base,CVX,Energy,0.0468956778110197,,1.0,0.0468956778110197,0.0468956778110197,False,False,False
2023-10-31,2023-11-01,2023-10-31,Equity-Only Minimum Variance,none,0.0,base,D,Utilities,0.0,,1.0,0.0,0.0,False,False,False
2023-10-31,2023-11-01,2023-10-31,Equity-Only Minimum Variance,none,0.0,base,DD,Materials,0.0190148674111878,,1.0,0.0190148674111878,0.0190148674111878,False,False,False
2023-10-31,2023-11-01,2023-10-31,Equity-Only Minimum Variance,none,0.0,base,DIS,Consumer,0.0,,1.0,0.0,0.0,False,False,False
2023-10-31,2023-11-01,2023-10-31,Equity-Only Minimum Variance,none,0.0,base,DOW,Materials,0.0,,1.0,0.0,0.0,False,False,False
2023-10-31,2023-11-01,2023-10-31,Equity-Only Minimum Variance,none,0.0,base,DUK,Utilities,0.0,,1.0,0.0,0.0,False,False,False
2023-10-31,2023-11-01,2023-10-31,Equity-Only Minimum Variance,none,0.0,base,EA,Comm,0.0670255992654808,,1.0,0.0670255992654808,0.0670255992654808,False,False,False
2023-10-31,2023-11-01,2023-10-31,Equity-Only Minimum Variance,none,0.0,base,GE,Industrials,0.0078462800156274,,1.0,0.0078462800156274,0.0078462800156274,False,False,False
2023-10-31,2023-11-01,2023-10-31,Equity-Only Minimum Variance,none,0.0,base,GILD,Healthcare,0.0,,1.0,0.0,0.0,False,False,False
2023-10-31,2023-11-01,2023-10-31,Equity-Only Minimum Variance,none,0.0,base,GS,Financials,0.0053796107971468,,1.0,0.0053796107971468,0.0053796107971468,False,False,False
2023-10-31,2023-11-01,2023-10-31,Equity-Only Minimum Variance,none,0.0,base,INTC,Tech,0.0,,1.0,0.0,0.0,False,False,False
2023-10-31,2023-11-01,2023-10-31,Equity-Only Minimum Variance,none,0.0,base,KO,Consumer,0.1789820712033501,,1.0,0.1789820712033501,0.1789820712033501,False,False,False
2023-10-31,2023-11-01,2023-10-31,Equity-Only Minimum Variance,none,0.0,base,MMM,Industrials,0.0,,1.0,0.0,0.0,False,False,False
2023-10-31,2023-11-01,2023-10-31,Equity-Only Minimum Variance,none,0.0,base,MRK,Healthcare,0.1217282692402882,,1.0,0.1217282692402882,0.1217282692402882,False,False,False
2023-10-31,2023-11-01,2023-10-31,Equity-Only Minimum Variance,none,0.0,base,MS,Financials,0.0,,1.0,0.0,0.0,False,False,False
2023-10-31,2023-11-01,2023-10-31,Equity-Only Minimum Variance,none,0.0,base,NEE,Utilities,0.0,,1.0,0.0,0.0,False,False,False
2023-10-31,2023-11-01,2023-10-31,Equity-Only Minimum Variance,none,0.0,base,NEM,Materials,0.0,,1.0,0.0,0.0,False,False,False
2023-10-31,2023-11-01,2023-10-31,Equity-Only Minimum Variance,none,0.0,base,NKE,Consumer,0.0,,1.0,0.0,0.0,False,False,False
2023-10-31,2023-11-01,2023-10-31,Equity-Only Minimum Variance,none,0.0,base,NUE,Materials,0.0,,1.0,0.0,0.0,False,False,False
2023-10-31,2023-11-01,2023-10-31,Equity-Only Minimum Variance,none,0.0,base,NVDA,Tech,0.0040884090185444,,1.0,0.0040884090185444,0.0040884090185444,False,False,False
2023-10-31,2023-11-01,2023-10-31,Equity-Only Minimum Variance,none,0.0,base,O,RealEstate,0.1005155777665781,,1.0,0.1005155777665781,0.1005155777665781,False,False,False
2023-10-31,2023-11-01,2023-10-31,Equity-Only Minimum Variance,none,0.0,base,OXY,Energy,0.0,,1.0,0.0,0.0,False,False,False
2023-10-31,2023-11-01,2023-10-31,Equity-Only Minimum Variance,none,0.0,base,PLD,RealEstate,0.0,,1.0,0.0,0.0,False,False,False
2023-10-31,2023-11-01,2023-10-31,Equity-Only Minimum Variance,none,0.0,base,PSA,RealEstate,0.0,,1.0,0.0,0.0,False,False,False
2023-10-31,2023-11-01,2023-10-31,Equity-Only Minimum Variance,none,0.0,base,QCOM,Tech,0.0,,1.0,0.0,0.0,False,False,False
2023-10-31,2023-11-01,2023-10-31,Equity-Only Minimum Variance,none,0.0,base,SBUX,Consumer,0.0,,1.0,0.0,0.0,False,False,False
2023-10-31,2023-11-01,2023-10-31,Equity-Only Minimum Variance,none,0.0,base,SHW,Materials,0.0,,1.0,0.0,0.0,False,False,False
2023-10-31,2023-11-01,2023-10-31,Equity-Only Minimum Variance,none,0.0,base,SLB,Energy,0.0,,1.0,0.0,0.0,False,False,False
2023-10-31,2023-11-01,2023-10-31,Equity-Only Minimum Variance,none,0.0,base,SO,Utilities,0.0,,1.0,0.0,0.0,False,False,False
2023-10-31,2023-11-01,2023-10-31,Equity-Only Minimum Variance,none,0.0,base,T,Comm,0.0410534954880064,,1.0,0.0410534954880064,0.0410534954880064,False,False,False
2023-10-31,2023-11-01,2023-10-31,Equity-Only Minimum Variance,none,0.0,base,TMUS,Comm,0.0621834614023647,,1.0,0.0621834614023647,0.0621834614023647,False,False,False
2023-10-31,2023-11-01,2023-10-31,Equity-Only Minimum Variance,none,0.0,base,TTWO,Comm,0.0,,1.0,0.0,0.0,False,False,False
2023-10-31,2023-11-01,2023-10-31,Equity-Only Minimum Variance,none,0.0,base,UPS,Industrials,0.0,,1.0,0.0,0.0,False,False,False
2023-10-31,2023-11-01,2023-10-31,Equity-Only Minimum Variance,none,0.0,base,USB,Financials,0.0,,1.0,0.0,0.0,False,False,False
2023-10-31,2023-11-01,2023-10-31,Equity-Only Minimum Variance,none,0.0,base,V,Financials,0.0395998209704369,,1.0,0.0395998209704369,0.0395998209704369,False,False,False
2023-10-31,2023-11-01,2023-10-31,Equity-Only Minimum Variance,none,0.0,base,WFC,Financials,0.0,,1.0,0.0,0.0,False,False,False
2023-10-31,2023-11-01,2023-10-31,Equity-Only Minimum Variance,none,0.0,base,WMT,Consumer,0.1963804952103657,,1.0,0.1963804952103657,0.1963804952103657,False,False,False
2023-10-31,2023-11-01,2023-10-31,Equity-Only Minimum Variance,none,0.0,base,XOM,Energy,0.0,,1.0,0.0,0.0,False,False,False
2023-11-30,2023-12-01,2023-11-30,Equity-Only Minimum Variance,none,0.0,base,ABBV,Healthcare,0.0878306668442297,,1.0,0.0878306668442297,0.0878306668442297,False,False,False
2023-11-30,2023-12-01,2023-11-30,Equity-Only Minimum Variance,none,0.0,base,ABT,Healthcare,0.0197920077547489,,1.0,0.0197920077547489,0.0197920077547489,False,False,False
2023-11-30,2023-12-01,2023-11-30,Equity-Only Minimum Variance,none,0.0,base,ADBE,Tech,0.0,,1.0,0.0,0.0,False,False,False
2023-11-30,2023-12-01,2023-11-30,Equity-Only Minimum Variance,none,0.0,base,AEP,Utilities,0.0,,1.0,0.0,0.0,False,False,False
2023-11-30,2023-12-01,2023-11-30,Equity-Only Minimum Variance,none,0.0,base,AMD,Tech,0.0088832506701988,,1.0,0.0088832506701988,0.0088832506701988,False,False,False
2023-11-30,2023-12-01,2023-11-30,Equity-Only Minimum Variance,none,0.0,base,AMGN,Healthcare,0.0099599900269989,,1.0,0.0099599900269989,0.0099599900269989,False,False,False
2023-11-30,2023-12-01,2023-11-30,Equity-Only Minimum Variance,none,0.0,base,AMT,RealEstate,0.0,,1.0,0.0,0.0,False,False,False
2023-11-30,2023-12-01,2023-11-30,Equity-Only Minimum Variance,none,0.0,base,BA,Industrials,0.0,,1.0,0.0,0.0,False,False,False
2023-11-30,2023-12-01,2023-11-30,Equity-Only Minimum Variance,none,0.0,base,CAT,Industrials,0.0,,1.0,0.0,0.0,False,False,False
2023-11-30,2023-12-01,2023-11-30,Equity-Only Minimum Variance,none,0.0,base,CCI,RealEstate,0.0,,1.0,0.0,0.0,False,False,False
2023-11-30,2023-12-01,2023-11-30,Equity-Only Minimum Variance,none,0.0,base,CMCSA,Comm,0.0,,1.0,0.0,0.0,False,False,False
2023-11-30,2023-12-01,2023-11-30,Equity-Only Minimum Variance,none,0.0,base,COP,Energy,0.0,,1.0,0.0,0.0,False,False,False
2023-11-30,2023-12-01,2023-11-30,Equity-Only Minimum Variance,none,0.0,base,CVX,Energy,0.0251527494249478,,1.0,0.0251527494249478,0.0251527494249478,False,False,False
2023-11-30,2023-12-01,2023-11-30,Equity-Only Minimum Variance,none,0.0,base,D,Utilities,0.0,,1.0,0.0,0.0,False,False,False
2023-11-30,2023-12-01,2023-11-30,Equity-Only Minimum Variance,none,0.0,base,DD,Materials,0.0077608849296185,,1.0,0.0077608849296185,0.0077608849296185,False,False,False
2023-11-30,2023-12-01,2023-11-30,Equity-Only Minimum Variance,none,0.0,base,DIS,Consumer,0.0,,1.0,0.0,0.0,False,False,False
2023-11-30,2023-12-01,2023-11-30,Equity-Only Minimum Variance,none,0.0,base,DOW,Materials,0.0,,1.0,0.0,0.0,False,False,False
2023-11-30,2023-12-01,2023-11-30,Equity-Only Minimum Variance,none,0.0,base,DUK,Utilities,0.0,,1.0,0.0,0.0,False,False,False
2023-11-30,2023-12-01,2023-11-30,Equity-Only Minimum Variance,none,0.0,base,EA,Comm,0.0423936250814405,,1.0,0.0423936250814405,0.0423936250814405,False,False,False
2023-11-30,2023-12-01,2023-11-30,Equity-Only Minimum Variance,none,0.0,base,GE,Industrials,0.0117234781226016,,1.0,0.0117234781226016,0.0117234781226016,False,False,False
2023-11-30,2023-12-01,2023-11-30,Equity-Only Minimum Variance,none,0.0,base,GILD,Healthcare,0.0,,1.0,0.0,0.0,False,False,False
2023-11-30,2023-12-01,2023-11-30,Equity-Only Minimum Variance,none,0.0,base,GS,Financials,0.0,,1.0,0.0,0.0,False,False,False
2023-11-30,2023-12-01,2023-11-30,Equity-Only Minimum Variance,none,0.0,base,INTC,Tech,0.002993901790459,,1.0,0.002993901790459,0.002993901790459,False,False,False
2023-11-30,2023-12-01,2023-11-30,Equity-Only Minimum Variance,none,0.0,base,KO,Consumer,0.1879673907877955,,1.0,0.1879673907877955,0.1879673907877955,False,False,False
2023-11-30,2023-12-01,2023-11-30,Equity-Only Minimum Variance,none,0.0,base,MMM,Industrials,0.0,,1.0,0.0,0.0,False,False,False
2023-11-30,2023-12-01,2023-11-30,Equity-Only Minimum Variance,none,0.0,base,MRK,Healthcare,0.1034992241780592,,1.0,0.1034992241780592,0.1034992241780592,False,False,False
2023-11-30,2023-12-01,2023-11-30,Equity-Only Minimum Variance,none,0.0,base,MS,Financials,0.0,,1.0,0.0,0.0,False,False,False
2023-11-30,2023-12-01,2023-11-30,Equity-Only Minimum Variance,none,0.0,base,NEE,Utilities,0.0,,1.0,0.0,0.0,False,False,False
2023-11-30,2023-12-01,2023-11-30,Equity-Only Minimum Variance,none,0.0,base,NEM,Materials,0.011245861543132,,1.0,0.011245861543132,0.011245861543132,False,False,False
2023-11-30,2023-12-01,2023-11-30,Equity-Only Minimum Variance,none,0.0,base,NKE,Consumer,0.0,,1.0,0.0,0.0,False,False,False
2023-11-30,2023-12-01,2023-11-30,Equity-Only Minimum Variance,none,0.0,base,NUE,Materials,0.0,,1.0,0.0,0.0,False,False,False
2023-11-30,2023-12-01,2023-11-30,Equity-Only Minimum Variance,none,0.0,base,NVDA,Tech,0.0120620419182225,,1.0,0.0120620419182225,0.0120620419182225,False,False,False
2023-11-30,2023-12-01,2023-11-30,Equity-Only Minimum Variance,none,0.0,base,O,RealEstate,0.0845679807113506,,1.0,0.0845679807113506,0.0845679807113506,False,False,False
2023-11-30,2023-12-01,2023-11-30,Equity-Only Minimum Variance,none,0.0,base,OXY,Energy,0.0277715199340227,,1.0,0.0277715199340227,0.0277715199340227,False,False,False
2023-11-30,2023-12-01,2023-11-30,Equity-Only Minimum Variance,none,0.0,base,PLD,RealEstate,0.0,,1.0,0.0,0.0,False,False,False
2023-11-30,2023-12-01,2023-11-30,Equity-Only Minimum Variance,none,0.0,base,PSA,RealEstate,0.0,,1.0,0.0,0.0,False,False,False
2023-11-30,2023-12-01,2023-11-30,Equity-Only Minimum Variance,none,0.0,base,QCOM,Tech,0.0,,1.0,0.0,0.0,False,False,False
2023-11-30,2023-12-01,2023-11-30,Equity-Only Minimum Variance,none,0.0,base,SBUX,Consumer,0.0,,1.0,0.0,0.0,False,False,False
2023-11-30,2023-12-01,2023-11-30,Equity-Only Minimum Variance,none,0.0,base,SHW,Materials,0.0,,1.0,0.0,0.0,False,False,False
2023-11-30,2023-12-01,2023-11-30,Equity-Only Minimum Variance,none,0.0,base,SLB,Energy,0.0,,1.0,0.0,0.0,False,False,False
2023-11-30,2023-12-01,2023-11-30,Equity-Only Minimum Variance,none,0.0,base,SO,Utilities,0.0,,1.0,0.0,0.0,False,False,False
2023-11-30,2023-12-01,2023-11-30,Equity-Only Minimum Variance,none,0.0,base,T,Comm,0.0362865016906546,,1.0,0.0362865016906546,0.0362865016906546,False,False,False
2023-11-30,2023-12-01,2023-11-30,Equity-Only Minimum Variance,none,0.0,base,TMUS,Comm,0.0641114379577692,,1.0,0.0641114379577692,0.0641114379577692,False,False,False
2023-11-30,2023-12-01,2023-11-30,Equity-Only Minimum Variance,none,0.0,base,TTWO,Comm,0.0,,1.0,0.0,0.0,False,False,False
2023-11-30,2023-12-01,2023-11-30,Equity-Only Minimum Variance,none,0.0,base,UPS,Industrials,0.0,,1.0,0.0,0.0,False,False,False
2023-11-30,2023-12-01,2023-11-30,Equity-Only Minimum Variance,none,0.0,base,USB,Financials,0.0,,1.0,0.0,0.0,False,False,False
2023-11-30,2023-12-01,2023-11-30,Equity-Only Minimum Variance,none,0.0,base,V,Financials,0.077560742632936,,1.0,0.077560742632936,0.077560742632936,False,False,False
2023-11-30,2023-12-01,2023-11-30,Equity-Only Minimum Variance,none,0.0,base,WFC,Financials,0.0,,1.0,0.0,0.0,False,False,False
2023-11-30,2023-12-01,2023-11-30,Equity-Only Minimum Variance,none,0.0,base,WMT,Consumer,0.1784367440008128,,1.0,0.1784367440008128,0.1784367440008128,False,False,False
2023-11-30,2023-12-01,2023-11-30,Equity-Only Minimum Variance,none,0.0,base,XOM,Energy,0.0,,1.0,0.0,0.0,False,False,False
2020-12-31,2021-01-04,2020-12-31,Extended Sentiment Momentum,extended,1.0,momentum,ABBV,Healthcare,0.163122517381283,,1.0,0.163122517381283,0.163122517381283,False,False,False
2020-12-31,2021-01-04,2020-12-31,Extended Sentiment Momentum,extended,1.0,momentum,ABT,Healthcare,0.0,,1.0,0.0,0.0,False,False,False
2020-12-31,2021-01-04,2020-12-31,Extended Sentiment Momentum,extended,1.0,momentum,ADBE,Tech,0.0,,1.0,0.0,0.0,False,False,False
2020-12-31,2021-01-04,2020-12-31,Extended Sentiment Momentum,extended,1.0,momentum,AEP,Utilities,0.0,,1.0,0.0,0.0,False,False,False
2020-12-31,2021-01-04,2020-12-31,Extended Sentiment Momentum,extended,1.0,momentum,AMD,Tech,0.0,,1.0,0.0,0.0,False,False,False
2020-12-31,2021-01-04,2020-12-31,Extended Sentiment Momentum,extended,1.0,momentum,AMGN,Healthcare,0.0,,1.0,0.0,0.0,False,False,False
2020-12-31,2021-01-04,2020-12-31,Extended Sentiment Momentum,extended,1.0,momentum,AMT,RealEstate,0.0,,1.0,0.0,0.0,False,False,False
2020-12-31,2021-01-04,2020-12-31,Extended Sentiment Momentum,extended,1.0,momentum,BA,Industrials,0.0,,1.0,0.0,0.0,False,False,False
2020-12-31,2021-01-04,2020-12-31,Extended Sentiment Momentum,extended,1.0,momentum,CAT,Industrials,0.0,,1.0,0.0,0.0,False,False,False
2020-12-31,2021-01-04,2020-12-31,Extended Sentiment Momentum,extended,1.0,momentum,CCI,RealEstate,0.0,,1.0,0.0,0.0,False,False,False
2020-12-31,2021-01-04,2020-12-31,Extended Sentiment Momentum,extended,1.0,momentum,CMCSA,Comm,0.0,,1.0,0.0,0.0,False,False,False
2020-12-31,2021-01-04,2020-12-31,Extended Sentiment Momentum,extended,1.0,momentum,COP,Energy,0.0,,1.0,0.0,0.0,False,False,False
2020-12-31,2021-01-04,2020-12-31,Extended Sentiment Momentum,extended,1.0,momentum,CVX,Energy,0.0,,1.0,0.0,0.0,False,False,False
2020-12-31,2021-01-04,2020-12-31,Extended Sentiment Momentum,extended,1.0,momentum,D,Utilities,0.0,,1.0,0.0,0.0,False,False,False
2020-12-31,2021-01-04,2020-12-31,Extended Sentiment Momentum,extended,1.0,momentum,DD,Materials,0.0,,1.0,0.0,0.0,False,False,False
2020-12-31,2021-01-04,2020-12-31,Extended Sentiment Momentum,extended,1.0,momentum,DIS,Consumer,0.0,,1.0,0.0,0.0,False,False,False
2020-12-31,2021-01-04,2020-12-31,Extended Sentiment Momentum,extended,1.0,momentum,DOW,Materials,0.0,,1.0,0.0,0.0,False,False,False
2020-12-31,2021-01-04,2020-12-31,Extended Sentiment Momentum,extended,1.0,momentum,DUK,Utilities,0.0,,1.0,0.0,0.0,False,False,False
2020-12-31,2021-01-04,2020-12-31,Extended Sentiment Momentum,extended,1.0,momentum,EA,Comm,0.0729812127635367,,1.0,0.0729812127635367,0.0729812127635367,False,False,False
2020-12-31,2021-01-04,2020-12-31,Extended Sentiment Momentum,extended,1.0,momentum,GE,Industrials,0.0,,1.0,0.0,0.0,False,False,False
2020-12-31,2021-01-04,2020-12-31,Extended Sentiment Momentum,extended,1.0,momentum,GILD,Healthcare,0.1274789621574037,,1.0,0.1274789621574037,0.1274789621574037,False,False,False
2020-12-31,2021-01-04,2020-12-31,Extended Sentiment Momentum,extended,1.0,momentum,GS,Financials,0.0,,1.0,0.0,0.0,False,False,False
2020-12-31,2021-01-04,2020-12-31,Extended Sentiment Momentum,extended,1.0,momentum,INTC,Tech,0.0,,1.0,0.0,0.0,False,False,False
2020-12-31,2021-01-04,2020-12-31,Extended Sentiment Momentum,extended,1.0,momentum,KO,Consumer,0.0,,1.0,0.0,0.0,False,False,False
2020-12-31,2021-01-04,2020-12-31,Extended Sentiment Momentum,extended,1.0,momentum,MMM,Industrials,0.0776387988030866,,1.0,0.0776387988030866,0.0776387988030866,False,False,False
2020-12-31,2021-01-04,2020-12-31,Extended Sentiment Momentum,extended,1.0,momentum,MRK,Healthcare,0.0576928357561538,,1.0,0.0576928357561538,0.0576928357561538,False,False,False
2020-12-31,2021-01-04,2020-12-31,Extended Sentiment Momentum,extended,1.0,momentum,MS,Financials,0.0,,1.0,0.0,0.0,False,False,False
2020-12-31,2021-01-04,2020-12-31,Extended Sentiment Momentum,extended,1.0,momentum,NEE,Utilities,0.0,,1.0,0.0,0.0,False,False,False
2020-12-31,2021-01-04,2020-12-31,Extended Sentiment Momentum,extended,1.0,momentum,NEM,Materials,0.1370928019517124,,1.0,0.1370928019517124,0.1370928019517124,False,False,False
2020-12-31,2021-01-04,2020-12-31,Extended Sentiment Momentum,extended,1.0,momentum,NKE,Consumer,0.0051060188174751,,1.0,0.0051060188174751,0.0051060188174751,False,False,False
2020-12-31,2021-01-04,2020-12-31,Extended Sentiment Momentum,extended,1.0,momentum,NUE,Materials,0.0,,1.0,0.0,0.0,False,False,False
2020-12-31,2021-01-04,2020-12-31,Extended Sentiment Momentum,extended,1.0,momentum,NVDA,Tech,0.0,,1.0,0.0,0.0,False,False,False
2020-12-31,2021-01-04,2020-12-31,Extended Sentiment Momentum,extended,1.0,momentum,O,RealEstate,0.0,,1.0,0.0,0.0,False,False,False
2020-12-31,2021-01-04,2020-12-31,Extended Sentiment Momentum,extended,1.0,momentum,OXY,Energy,0.0,,1.0,0.0,0.0,False,False,False
2020-12-31,2021-01-04,2020-12-31,Extended Sentiment Momentum,extended,1.0,momentum,PLD,RealEstate,0.0,,1.0,0.0,0.0,False,False,False
2020-12-31,2021-01-04,2020-12-31,Extended Sentiment Momentum,extended,1.0,momentum,PSA,RealEstate,0.0762799830113868,,1.0,0.0762799830113868,0.0762799830113868,False,False,False
2020-12-31,2021-01-04,2020-12-31,Extended Sentiment Momentum,extended,1.0,momentum,QCOM,Tech,0.0,,1.0,0.0,0.0,False,False,False
2020-12-31,2021-01-04,2020-12-31,Extended Sentiment Momentum,extended,1.0,momentum,SBUX,Consumer,0.0,,1.0,0.0,0.0,False,False,False
2020-12-31,2021-01-04,2020-12-31,Extended Sentiment Momentum,extended,1.0,momentum,SHW,Materials,0.0,,1.0,0.0,0.0,False,False,False
2020-12-31,2021-01-04,2020-12-31,Extended Sentiment Momentum,extended,1.0,momentum,SLB,Energy,0.0,,1.0,0.0,0.0,False,False,False
2020-12-31,2021-01-04,2020-12-31,Extended Sentiment Momentum,extended,1.0,momentum,SO,Utilities,0.0,,1.0,0.0,0.0,False,False,False
2020-12-31,2021-01-04,2020-12-31,Extended Sentiment Momentum,extended,1.0,momentum,T,Comm,0.0,,1.0,0.0,0.0,False,False,False
2020-12-31,2021-01-04,2020-12-31,Extended Sentiment Momentum,extended,1.0,momentum,TMUS,Comm,0.0,,1.0,0.0,0.0,False,False,False
2020-12-31,2021-01-04,2020-12-31,Extended Sentiment Momentum,extended,1.0,momentum,TTWO,Comm,0.0374742215388395,,1.0,0.0374742215388395,0.0374742215388395,False,False,False
2020-12-31,2021-01-04,2020-12-31,Extended Sentiment Momentum,extended,1.0,momentum,UPS,Industrials,0.0140816005752145,,1.0,0.0140816005752145,0.0140816005752145,False,False,False
2020-12-31,2021-01-04,2020-12-31,Extended Sentiment Momentum,extended,1.0,momentum,USB,Financials,0.0,,1.0,0.0,0.0,False,False,False
2020-12-31,2021-01-04,2020-12-31,Extended Sentiment Momentum,extended,1.0,momentum,V,Financials,0.0,,1.0,0.0,0.0,False,False,False
2020-12-31,2021-01-04,2020-12-31,Extended Sentiment Momentum,extended,1.0,momentum,WFC,Financials,0.0,,1.0,0.0,0.0,False,False,False
2020-12-31,2021-01-04,2020-12-31,Extended Sentiment Momentum,extended,1.0,momentum,WMT,Consumer,0.2310510472439074,,1.0,0.2310510472439074,0.2310510472439074,False,False,False
2020-12-31,2021-01-04,2020-12-31,Extended Sentiment Momentum,extended,1.0,momentum,XOM,Energy,0.0,,1.0,0.0,0.0,False,False,False
2021-01-29,2021-02-01,2021-01-29,Extended Sentiment Momentum,extended,1.0,momentum,ABBV,Healthcare,0.14909471704127,,1.0,0.14909471704127,0.14909471704127,False,False,False
2021-01-29,2021-02-01,2021-01-29,Extended Sentiment Momentum,extended,1.0,momentum,ABT,Healthcare,0.0,,1.0,0.0,0.0,False,False,False
2021-01-29,2021-02-01,2021-01-29,Extended Sentiment Momentum,extended,1.0,momentum,ADBE,Tech,0.0,,1.0,0.0,0.0,False,False,False
2021-01-29,2021-02-01,2021-01-29,Extended Sentiment Momentum,extended,1.0,momentum,AEP,Utilities,0.0,,1.0,0.0,0.0,False,False,False
2021-01-29,2021-02-01,2021-01-29,Extended Sentiment Momentum,extended,1.0,momentum,AMD,Tech,0.0,,1.0,0.0,0.0,False,False,False
2021-01-29,2021-02-01,2021-01-29,Extended Sentiment Momentum,extended,1.0,momentum,AMGN,Healthcare,0.0,,1.0,0.0,0.0,False,False,False
2021-01-29,2021-02-01,2021-01-29,Extended Sentiment Momentum,extended,1.0,momentum,AMT,RealEstate,0.0,,1.0,0.0,0.0,False,False,False
2021-01-29,2021-02-01,2021-01-29,Extended Sentiment Momentum,extended,1.0,momentum,BA,Industrials,0.0,,1.0,0.0,0.0,False,False,False
2021-01-29,2021-02-01,2021-01-29,Extended Sentiment Momentum,extended,1.0,momentum,CAT,Industrials,0.0,,1.0,0.0,0.0,False,False,False
2021-01-29,2021-02-01,2021-01-29,Extended Sentiment Momentum,extended,1.0,momentum,CCI,RealEstate,0.0,,1.0,0.0,0.0,False,False,False
2021-01-29,2021-02-01,2021-01-29,Extended Sentiment Momentum,extended,1.0,momentum,CMCSA,Comm,0.0,,1.0,0.0,0.0,False,False,False
2021-01-29,2021-02-01,2021-01-29,Extended Sentiment Momentum,extended,1.0,momentum,COP,Energy,0.0,,1.0,0.0,0.0,False,False,False
2021-01-29,2021-02-01,2021-01-29,Extended Sentiment Momentum,extended,1.0,momentum,CVX,Energy,0.0,,1.0,0.0,0.0,False,False,False
2021-01-29,2021-02-01,2021-01-29,Extended Sentiment Momentum,extended,1.0,momentum,D,Utilities,0.0,,1.0,0.0,0.0,False,False,False
2021-01-29,2021-02-01,2021-01-29,Extended Sentiment Momentum,extended,1.0,momentum,DD,Materials,0.0,,1.0,0.0,0.0,False,False,False
2021-01-29,2021-02-01,2021-01-29,Extended Sentiment Momentum,extended,1.0,momentum,DIS,Consumer,0.0,,1.0,0.0,0.0,False,False,False
2021-01-29,2021-02-01,2021-01-29,Extended Sentiment Momentum,extended,1.0,momentum,DOW,Materials,0.0,,1.0,0.0,0.0,False,False,False
2021-01-29,2021-02-01,2021-01-29,Extended Sentiment Momentum,extended,1.0,momentum,DUK,Utilities,0.0,,1.0,0.0,0.0,False,False,False
2021-01-29,2021-02-01,2021-01-29,Extended Sentiment Momentum,extended,1.0,momentum,EA,Comm,0.0863794239473212,,1.0,0.0863794239473212,0.0863794239473212,False,False,False
2021-01-29,2021-02-01,2021-01-29,Extended Sentiment Momentum,extended,1.0,momentum,GE,Industrials,0.0,,1.0,0.0,0.0,False,False,False
2021-01-29,2021-02-01,2021-01-29,Extended Sentiment Momentum,extended,1.0,momentum,GILD,Healthcare,0.1202385168787834,,1.0,0.1202385168787834,0.1202385168787834,False,False,False
2021-01-29,2021-02-01,2021-01-29,Extended Sentiment Momentum,extended,1.0,momentum,GS,Financials,0.0,,1.0,0.0,0.0,False,False,False
2021-01-29,2021-02-01,2021-01-29,Extended Sentiment Momentum,extended,1.0,momentum,INTC,Tech,0.0,,1.0,0.0,0.0,False,False,False
2021-01-29,2021-02-01,2021-01-29,Extended Sentiment Momentum,extended,1.0,momentum,KO,Consumer,0.0,,1.0,0.0,0.0,False,False,False
2021-01-29,2021-02-01,2021-01-29,Extended Sentiment Momentum,extended,1.0,momentum,MMM,Industrials,0.1003477899020731,,1.0,0.1003477899020731,0.1003477899020731,False,False,False
2021-01-29,2021-02-01,2021-01-29,Extended Sentiment Momentum,extended,1.0,momentum,MRK,Healthcare,0.0668732427578586,,1.0,0.0668732427578586,0.0668732427578586,False,False,False
2021-01-29,2021-02-01,2021-01-29,Extended Sentiment Momentum,extended,1.0,momentum,MS,Financials,0.0,,1.0,0.0,0.0,False,False,False
2021-01-29,2021-02-01,2021-01-29,Extended Sentiment Momentum,extended,1.0,momentum,NEE,Utilities,0.0,,1.0,0.0,0.0,False,False,False
2021-01-29,2021-02-01,2021-01-29,Extended Sentiment Momentum,extended,1.0,momentum,NEM,Materials,0.1281882407079162,,1.0,0.1281882407079162,0.1281882407079162,False,False,False
2021-01-29,2021-02-01,2021-01-29,Extended Sentiment Momentum,extended,1.0,momentum,NKE,Consumer,0.0,,1.0,0.0,0.0,False,False,False
2021-01-29,2021-02-01,2021-01-29,Extended Sentiment Momentum,extended,1.0,momentum,NUE,Materials,0.0,,1.0,0.0,0.0,False,False,False
2021-01-29,2021-02-01,2021-01-29,Extended Sentiment Momentum,extended,1.0,momentum,NVDA,Tech,0.0,,1.0,0.0,0.0,False,False,False
2021-01-29,2021-02-01,2021-01-29,Extended Sentiment Momentum,extended,1.0,momentum,O,RealEstate,0.0,,1.0,0.0,0.0,False,False,False
2021-01-29,2021-02-01,2021-01-29,Extended Sentiment Momentum,extended,1.0,momentum,OXY,Energy,0.0,,1.0,0.0,0.0,False,False,False
2021-01-29,2021-02-01,2021-01-29,Extended Sentiment Momentum,extended,1.0,momentum,PLD,RealEstate,0.0,,1.0,0.0,0.0,False,False,False
2021-01-29,2021-02-01,2021-01-29,Extended Sentiment Momentum,extended,1.0,momentum,PSA,RealEstate,0.0816225043896528,,1.0,0.0816225043896528,0.0816225043896528,False,False,False
2021-01-29,2021-02-01,2021-01-29,Extended Sentiment Momentum,extended,1.0,momentum,QCOM,Tech,0.0,,1.0,0.0,0.0,False,False,False
2021-01-29,2021-02-01,2021-01-29,Extended Sentiment Momentum,extended,1.0,momentum,SBUX,Consumer,0.0,,1.0,0.0,0.0,False,False,False
2021-01-29,2021-02-01,2021-01-29,Extended Sentiment Momentum,extended,1.0,momentum,SHW,Materials,0.0,,1.0,0.0,0.0,False,False,False
2021-01-29,2021-02-01,2021-01-29,Extended Sentiment Momentum,extended,1.0,momentum,SLB,Energy,0.0,,1.0,0.0,0.0,False,False,False
2021-01-29,2021-02-01,2021-01-29,Extended Sentiment Momentum,extended,1.0,momentum,SO,Utilities,0.0,,1.0,0.0,0.0,False,False,False
2021-01-29,2021-02-01,2021-01-29,Extended Sentiment Momentum,extended,1.0,momentum,T,Comm,0.0,,1.0,0.0,0.0,False,False,False
2021-01-29,2021-02-01,2021-01-29,Extended Sentiment Momentum,extended,1.0,momentum,TMUS,Comm,0.0,,1.0,0.0,0.0,False,False,False
2021-01-29,2021-02-01,2021-01-29,Extended Sentiment Momentum,extended,1.0,momentum,TTWO,Comm,0.0319253549273941,,1.0,0.0319253549273941,0.0319253549273941,False,False,False
2021-01-29,2021-02-01,2021-01-29,Extended Sentiment Momentum,extended,1.0,momentum,UPS,Industrials,0.0073037205476494,,1.0,0.0073037205476494,0.0073037205476494,False,False,False
2021-01-29,2021-02-01,2021-01-29,Extended Sentiment Momentum,extended,1.0,momentum,USB,Financials,0.0,,1.0,0.0,0.0,False,False,False
2021-01-29,2021-02-01,2021-01-29,Extended Sentiment Momentum,extended,1.0,momentum,V,Financials,0.0,,1.0,0.0,0.0,False,False,False
2021-01-29,2021-02-01,2021-01-29,Extended Sentiment Momentum,extended,1.0,momentum,WFC,Financials,0.0,,1.0,0.0,0.0,False,False,False
2021-01-29,2021-02-01,2021-01-29,Extended Sentiment Momentum,extended,1.0,momentum,WMT,Consumer,0.2280264889000808,,1.0,0.2280264889000808,0.2280264889000808,False,False,False
2021-01-29,2021-02-01,2021-01-29,Extended Sentiment Momentum,extended,1.0,momentum,XOM,Energy,0.0,,1.0,0.0,0.0,False,False,False
2021-02-26,2021-03-01,2021-02-26,Extended Sentiment Momentum,extended,1.0,momentum,ABBV,Healthcare,0.1805080344076322,,1.0,0.1805080344076322,0.1805080344076322,False,False,False
2021-02-26,2021-03-01,2021-02-26,Extended Sentiment Momentum,extended,1.0,momentum,ABT,Healthcare,0.0,,1.0,0.0,0.0,False,False,False
2021-02-26,2021-03-01,2021-02-26,Extended Sentiment Momentum,extended,1.0,momentum,ADBE,Tech,0.0,,1.0,0.0,0.0,False,False,False
2021-02-26,2021-03-01,2021-02-26,Extended Sentiment Momentum,extended,1.0,momentum,AEP,Utilities,0.0,,1.0,0.0,0.0,False,False,False
2021-02-26,2021-03-01,2021-02-26,Extended Sentiment Momentum,extended,1.0,momentum,AMD,Tech,0.0,,1.0,0.0,0.0,False,False,False
2021-02-26,2021-03-01,2021-02-26,Extended Sentiment Momentum,extended,1.0,momentum,AMGN,Healthcare,0.0,,1.0,0.0,0.0,False,False,False
2021-02-26,2021-03-01,2021-02-26,Extended Sentiment Momentum,extended,1.0,momentum,AMT,RealEstate,0.0,,1.0,0.0,0.0,False,False,False
2021-02-26,2021-03-01,2021-02-26,Extended Sentiment Momentum,extended,1.0,momentum,BA,Industrials,0.0,,1.0,0.0,0.0,False,False,False
2021-02-26,2021-03-01,2021-02-26,Extended Sentiment Momentum,extended,1.0,momentum,CAT,Industrials,0.0,,1.0,0.0,0.0,False,False,False
2021-02-26,2021-03-01,2021-02-26,Extended Sentiment Momentum,extended,1.0,momentum,CCI,RealEstate,0.0,,1.0,0.0,0.0,False,False,False
2021-02-26,2021-03-01,2021-02-26,Extended Sentiment Momentum,extended,1.0,momentum,CMCSA,Comm,0.0,,1.0,0.0,0.0,False,False,False
2021-02-26,2021-03-01,2021-02-26,Extended Sentiment Momentum,extended,1.0,momentum,COP,Energy,0.0,,1.0,0.0,0.0,False,False,False
2021-02-26,2021-03-01,2021-02-26,Extended Sentiment Momentum,extended,1.0,momentum,CVX,Energy,0.0,,1.0,0.0,0.0,False,False,False
2021-02-26,2021-03-01,2021-02-26,Extended Sentiment Momentum,extended,1.0,momentum,D,Utilities,0.0,,1.0,0.0,0.0,False,False,False
2021-02-26,2021-03-01,2021-02-26,Extended Sentiment Momentum,extended,1.0,momentum,DD,Materials,0.0,,1.0,0.0,0.0,False,False,False
2021-02-26,2021-03-01,2021-02-26,Extended Sentiment Momentum,extended,1.0,momentum,DIS,Consumer,0.0,,1.0,0.0,0.0,False,False,False
2021-02-26,2021-03-01,2021-02-26,Extended Sentiment Momentum,extended,1.0,momentum,DOW,Materials,0.0,,1.0,0.0,0.0,False,False,False
2021-02-26,2021-03-01,2021-02-26,Extended Sentiment Momentum,extended,1.0,momentum,DUK,Utilities,0.0,,1.0,0.0,0.0,False,False,False
2021-02-26,2021-03-01,2021-02-26,Extended Sentiment Momentum,extended,1.0,momentum,EA,Comm,0.0934660874674836,,1.0,0.0934660874674836,0.0934660874674836,False,False,False
2021-02-26,2021-03-01,2021-02-26,Extended Sentiment Momentum,extended,1.0,momentum,GE,Industrials,0.0,,1.0,0.0,0.0,False,False,False
2021-02-26,2021-03-01,2021-02-26,Extended Sentiment Momentum,extended,1.0,momentum,GILD,Healthcare,0.13209131094726,,1.0,0.13209131094726,0.13209131094726,False,False,False
2021-02-26,2021-03-01,2021-02-26,Extended Sentiment Momentum,extended,1.0,momentum,GS,Financials,0.0,,1.0,0.0,0.0,False,False,False
2021-02-26,2021-03-01,2021-02-26,Extended Sentiment Momentum,extended,1.0,momentum,INTC,Tech,0.0,,1.0,0.0,0.0,False,False,False
2021-02-26,2021-03-01,2021-02-26,Extended Sentiment Momentum,extended,1.0,momentum,KO,Consumer,0.0,,1.0,0.0,0.0,False,False,False
2021-02-26,2021-03-01,2021-02-26,Extended Sentiment Momentum,extended,1.0,momentum,MMM,Industrials,0.0775799260037339,,1.0,0.0775799260037339,0.0775799260037339,False,False,False
2021-02-26,2021-03-01,2021-02-26,Extended Sentiment Momentum,extended,1.0,momentum,MRK,Healthcare,0.0219149607668336,,1.0,0.0219149607668336,0.0219149607668336,False,False,False
2021-02-26,2021-03-01,2021-02-26,Extended Sentiment Momentum,extended,1.0,momentum,MS,Financials,0.0,,1.0,0.0,0.0,False,False,False
2021-02-26,2021-03-01,2021-02-26,Extended Sentiment Momentum,extended,1.0,momentum,NEE,Utilities,0.0,,1.0,0.0,0.0,False,False,False
2021-02-26,2021-03-01,2021-02-26,Extended Sentiment Momentum,extended,1.0,momentum,NEM,Materials,0.132124208140126,,1.0,0.132124208140126,0.132124208140126,False,False,False
2021-02-26,2021-03-01,2021-02-26,Extended Sentiment Momentum,extended,1.0,momentum,NKE,Consumer,0.0,,1.0,0.0,0.0,False,False,False
2021-02-26,2021-03-01,2021-02-26,Extended Sentiment Momentum,extended,1.0,momentum,NUE,Materials,0.0,,1.0,0.0,0.0,False,False,False
2021-02-26,2021-03-01,2021-02-26,Extended Sentiment Momentum,extended,1.0,momentum,NVDA,Tech,0.0,,1.0,0.0,0.0,False,False,False
2021-02-26,2021-03-01,2021-02-26,Extended Sentiment Momentum,extended,1.0,momentum,O,RealEstate,0.0,,1.0,0.0,0.0,False,False,False
2021-02-26,2021-03-01,2021-02-26,Extended Sentiment Momentum,extended,1.0,momentum,OXY,Energy,0.0,,1.0,0.0,0.0,False,False,False
2021-02-26,2021-03-01,2021-02-26,Extended Sentiment Momentum,extended,1.0,momentum,PLD,RealEstate,0.0,,1.0,0.0,0.0,False,False,False
2021-02-26,2021-03-01,2021-02-26,Extended Sentiment Momentum,extended,1.0,momentum,PSA,RealEstate,0.1170801093845317,,1.0,0.1170801093845317,0.1170801093845317,False,False,False
2021-02-26,2021-03-01,2021-02-26,Extended Sentiment Momentum,extended,1.0,momentum,QCOM,Tech,0.0,,1.0,0.0,0.0,False,False,False
2021-02-26,2021-03-01,2021-02-26,Extended Sentiment Momentum,extended,1.0,momentum,SBUX,Consumer,0.0,,1.0,0.0,0.0,False,False,False
2021-02-26,2021-03-01,2021-02-26,Extended Sentiment Momentum,extended,1.0,momentum,SHW,Materials,0.0,,1.0,0.0,0.0,False,False,False
2021-02-26,2021-03-01,2021-02-26,Extended Sentiment Momentum,extended,1.0,momentum,SLB,Energy,0.0,,1.0,0.0,0.0,False,False,False
2021-02-26,2021-03-01,2021-02-26,Extended Sentiment Momentum,extended,1.0,momentum,SO,Utilities,0.0,,1.0,0.0,0.0,False,False,False
2021-02-26,2021-03-01,2021-02-26,Extended Sentiment Momentum,extended,1.0,momentum,T,Comm,0.0,,1.0,0.0,0.0,False,False,False
2021-02-26,2021-03-01,2021-02-26,Extended Sentiment Momentum,extended,1.0,momentum,TMUS,Comm,0.0,,1.0,0.0,0.0,False,False,False
2021-02-26,2021-03-01,2021-02-26,Extended Sentiment Momentum,extended,1.0,momentum,TTWO,Comm,0.0144565346019173,,1.0,0.0144565346019173,0.0144565346019173,False,False,False
2021-02-26,2021-03-01,2021-02-26,Extended Sentiment Momentum,extended,1.0,momentum,UPS,Industrials,0.0211203498790392,,1.0,0.0211203498790392,0.0211203498790392,False,False,False
2021-02-26,2021-03-01,2021-02-26,Extended Sentiment Momentum,extended,1.0,momentum,USB,Financials,0.0,,1.0,0.0,0.0,False,False,False
2021-02-26,2021-03-01,2021-02-26,Extended Sentiment Momentum,extended,1.0,momentum,V,Financials,0.0,,1.0,0.0,0.0,False,False,False
2021-02-26,2021-03-01,2021-02-26,Extended Sentiment Momentum,extended,1.0,momentum,WFC,Financials,0.0,,1.0,0.0,0.0,False,False,False
2021-02-26,2021-03-01,2021-02-26,Extended Sentiment Momentum,extended,1.0,momentum,WMT,Consumer,0.2096584784014422,,1.0,0.2096584784014422,0.2096584784014422,False,False,False
2021-02-26,2021-03-01,2021-02-26,Extended Sentiment Momentum,extended,1.0,momentum,XOM,Energy,0.0,,1.0,0.0,0.0,False,False,False
2021-03-31,2021-04-01,2021-03-31,Extended Sentiment Momentum,extended,1.0,momentum,ABBV,Healthcare,0.1084759621463525,,1.0,0.1084759621463525,0.10758002701283984,False,False,False
2021-03-31,2021-04-01,2021-03-31,Extended Sentiment Momentum,extended,1.0,momentum,ABT,Healthcare,0.0,,1.0,0.0,0.0,False,False,False
2021-03-31,2021-04-01,2021-03-31,Extended Sentiment Momentum,extended,1.0,momentum,ADBE,Tech,0.0,,1.0,0.0,0.0,False,False,False
2021-03-31,2021-04-01,2021-03-31,Extended Sentiment Momentum,extended,1.0,momentum,AEP,Utilities,0.0,,1.0,0.0,0.0,False,False,False
2021-03-31,2021-04-01,2021-03-31,Extended Sentiment Momentum,extended,1.0,momentum,AMD,Tech,0.0,,1.0,0.0,0.0,False,False,False
2021-03-31,2021-04-01,2021-03-31,Extended Sentiment Momentum,extended,1.0,momentum,AMGN,Healthcare,0.0,,1.0,0.0,0.0,False,False,False
2021-03-31,2021-04-01,2021-03-31,Extended Sentiment Momentum,extended,1.0,momentum,AMT,RealEstate,0.0,,1.0,0.0,0.0,False,False,False
2021-03-31,2021-04-01,2021-03-31,Extended Sentiment Momentum,extended,1.0,momentum,BA,Industrials,0.0,,1.0,0.0,0.0,False,False,False
2021-03-31,2021-04-01,2021-03-31,Extended Sentiment Momentum,extended,1.0,momentum,CAT,Industrials,0.0,,1.0,0.0,0.0,False,False,False
2021-03-31,2021-04-01,2021-03-31,Extended Sentiment Momentum,extended,1.0,momentum,CCI,RealEstate,0.0,,1.0,0.0,0.0,False,False,False
2021-03-31,2021-04-01,2021-03-31,Extended Sentiment Momentum,extended,1.0,momentum,CMCSA,Comm,0.0,,1.0,0.0,0.0,False,False,False
2021-03-31,2021-04-01,2021-03-31,Extended Sentiment Momentum,extended,1.0,momentum,COP,Energy,0.0,,1.0,0.0,0.0,False,False,False
2021-03-31,2021-04-01,2021-03-31,Extended Sentiment Momentum,extended,1.0,momentum,CVX,Energy,0.0,,1.0,0.0,0.0,False,False,False
2021-03-31,2021-04-01,2021-03-31,Extended Sentiment Momentum,extended,1.0,momentum,D,Utilities,0.0595136516063067,,1.0,0.0595136516063067,0.05902211071242844,False,False,False
2021-03-31,2021-04-01,2021-03-31,Extended Sentiment Momentum,extended,1.0,momentum,DD,Materials,0.0,,1.0,0.0,0.0,False,False,False
2021-03-31,2021-04-01,2021-03-31,Extended Sentiment Momentum,extended,1.0,momentum,DIS,Consumer,0.007002987265213,1.1892182953204582,2.189218295320458,0.01533106784290048,0.01520444400806241,True,False,False
2021-03-31,2021-04-01,2021-03-31,Extended Sentiment Momentum,extended,1.0,momentum,DOW,Materials,0.0,,1.0,0.0,0.0,False,False,False
2021-03-31,2021-04-01,2021-03-31,Extended Sentiment Momentum,extended,1.0,momentum,DUK,Utilities,0.0,,1.0,0.0,0.0,False,False,False
2021-03-31,2021-04-01,2021-03-31,Extended Sentiment Momentum,extended,1.0,momentum,EA,Comm,0.0897615643950826,,1.0,0.0897615643950826,0.08902019702124808,False,False,False
2021-03-31,2021-04-01,2021-03-31,Extended Sentiment Momentum,extended,1.0,momentum,GE,Industrials,0.0,,1.0,0.0,0.0,False,False,False
2021-03-31,2021-04-01,2021-03-31,Extended Sentiment Momentum,extended,1.0,momentum,GILD,Healthcare,0.0541332479744129,,1.0,0.0541332479744129,0.053686145429371675,False,False,False
2021-03-31,2021-04-01,2021-03-31,Extended Sentiment Momentum,extended,1.0,momentum,GS,Financials,0.0,0.3020899603110326,1.3020899603110325,0.0,0.0,True,False,False
2021-03-31,2021-04-01,2021-03-31,Extended Sentiment Momentum,extended,1.0,momentum,INTC,Tech,0.0,,1.0,0.0,0.0,False,False,False
2021-03-31,2021-04-01,2021-03-31,Extended Sentiment Momentum,extended,1.0,momentum,KO,Consumer,0.0,,1.0,0.0,0.0,False,False,False
2021-03-31,2021-04-01,2021-03-31,Extended Sentiment Momentum,extended,1.0,momentum,MMM,Industrials,0.1049829162455144,,1.0,0.1049829162455144,0.10411583121375341,False,False,False
2021-03-31,2021-04-01,2021-03-31,Extended Sentiment Momentum,extended,1.0,momentum,MRK,Healthcare,0.0468784639669993,,1.0,0.0468784639669993,0.04649128083405343,False,False,False
2021-03-31,2021-04-01,2021-03-31,Extended Sentiment Momentum,extended,1.0,momentum,MS,Financials,0.0,,1.0,0.0,0.0,False,False,False
2021-03-31,2021-04-01,2021-03-31,Extended Sentiment Momentum,extended,1.0,momentum,NEE,Utilities,0.0,,1.0,0.0,0.0,False,False,False
2021-03-31,2021-04-01,2021-03-31,Extended Sentiment Momentum,extended,1.0,momentum,NEM,Materials,0.0006563656988216,,1.0,0.0006563656988216,0.0006509445799085133,False,False,False
2021-03-31,2021-04-01,2021-03-31,Extended Sentiment Momentum,extended,1.0,momentum,NKE,Consumer,0.0,,1.0,0.0,0.0,False,False,False
2021-03-31,2021-04-01,2021-03-31,Extended Sentiment Momentum,extended,1.0,momentum,NUE,Materials,0.0,,1.0,0.0,0.0,False,False,False
2021-03-31,2021-04-01,2021-03-31,Extended Sentiment Momentum,extended,1.0,momentum,NVDA,Tech,0.0,,1.0,0.0,0.0,False,False,False
2021-03-31,2021-04-01,2021-03-31,Extended Sentiment Momentum,extended,1.0,momentum,O,RealEstate,0.0,,1.0,0.0,0.0,False,False,False
2021-03-31,2021-04-01,2021-03-31,Extended Sentiment Momentum,extended,1.0,momentum,OXY,Energy,0.0,,1.0,0.0,0.0,False,False,False
2021-03-31,2021-04-01,2021-03-31,Extended Sentiment Momentum,extended,1.0,momentum,PLD,RealEstate,0.0,,1.0,0.0,0.0,False,False,False
2021-03-31,2021-04-01,2021-03-31,Extended Sentiment Momentum,extended,1.0,momentum,PSA,RealEstate,0.1236623451496448,,1.0,0.1236623451496448,0.12264098117628215,False,False,False
2021-03-31,2021-04-01,2021-03-31,Extended Sentiment Momentum,extended,1.0,momentum,QCOM,Tech,0.0,,1.0,0.0,0.0,False,False,False
2021-03-31,2021-04-01,2021-03-31,Extended Sentiment Momentum,extended,1.0,momentum,SBUX,Consumer,0.0,,1.0,0.0,0.0,False,False,False
2021-03-31,2021-04-01,2021-03-31,Extended Sentiment Momentum,extended,1.0,momentum,SHW,Materials,0.0,,1.0,0.0,0.0,False,False,False
2021-03-31,2021-04-01,2021-03-31,Extended Sentiment Momentum,extended,1.0,momentum,SLB,Energy,0.0,,1.0,0.0,0.0,False,False,False
2021-03-31,2021-04-01,2021-03-31,Extended Sentiment Momentum,extended,1.0,momentum,SO,Utilities,0.0,,1.0,0.0,0.0,False,False,False
2021-03-31,2021-04-01,2021-03-31,Extended Sentiment Momentum,extended,1.0,momentum,T,Comm,0.0960900927693363,,1.0,0.0960900927693363,0.09529645620330715,False,False,False
2021-03-31,2021-04-01,2021-03-31,Extended Sentiment Momentum,extended,1.0,momentum,TMUS,Comm,0.0,,1.0,0.0,0.0,False,False,False
2021-03-31,2021-04-01,2021-03-31,Extended Sentiment Momentum,extended,1.0,momentum,TTWO,Comm,0.0773073629129386,,1.0,0.0773073629129386,0.07666885848170371,False,False,False
2021-03-31,2021-04-01,2021-03-31,Extended Sentiment Momentum,extended,1.0,momentum,UPS,Industrials,0.0,,1.0,0.0,0.0,False,False,False
2021-03-31,2021-04-01,2021-03-31,Extended Sentiment Momentum,extended,1.0,momentum,USB,Financials,0.0,,1.0,0.0,0.0,False,False,False
2021-03-31,2021-04-01,2021-03-31,Extended Sentiment Momentum,extended,1.0,momentum,V,Financials,0.0,,1.0,0.0,0.0,False,False,False
2021-03-31,2021-04-01,2021-03-31,Extended Sentiment Momentum,extended,1.0,momentum,WFC,Financials,0.0,,1.0,0.0,0.0,False,False,False
2021-03-31,2021-04-01,2021-03-31,Extended Sentiment Momentum,extended,1.0,momentum,WMT,Consumer,0.2315350398693767,,1.0,0.2315350398693767,0.2296227233270412,False,False,False
2021-03-31,2021-04-01,2021-03-31,Extended Sentiment Momentum,extended,1.0,momentum,XOM,Energy,0.0,,1.0,0.0,0.0,False,False,False
2021-04-30,2021-05-03,2021-04-30,Extended Sentiment Momentum,extended,1.0,momentum,ABBV,Healthcare,0.0869509058646236,-0.22073754337068197,0.779262456629318,0.06775757651021116,0.07409851694902299,True,False,False
2021-04-30,2021-05-03,2021-04-30,Extended Sentiment Momentum,extended,1.0,momentum,ABT,Healthcare,0.0,-0.5150319717877074,0.48496802821229257,0.0,0.0,True,False,False
2021-04-30,2021-05-03,2021-04-30,Extended Sentiment Momentum,extended,1.0,momentum,ADBE,Tech,0.0,,1.0,0.0,0.0,False,False,False
2021-04-30,2021-05-03,2021-04-30,Extended Sentiment Momentum,extended,1.0,momentum,AEP,Utilities,0.0580958399695665,,1.0,0.0580958399695665,0.0635326085194902,False,False,False
2021-04-30,2021-05-03,2021-04-30,Extended Sentiment Momentum,extended,1.0,momentum,AMD,Tech,0.0,-0.3987276104997204,0.6012723895002796,0.0,0.0,True,False,False
2021-04-30,2021-05-03,2021-04-30,Extended Sentiment Momentum,extended,1.0,momentum,AMGN,Healthcare,0.0,,1.0,0.0,0.0,False,False,False
2021-04-30,2021-05-03,2021-04-30,Extended Sentiment Momentum,extended,1.0,momentum,AMT,RealEstate,0.0,,1.0,0.0,0.0,False,False,False
2021-04-30,2021-05-03,2021-04-30,Extended Sentiment Momentum,extended,1.0,momentum,BA,Industrials,0.0,-0.9467339907334301,0.05326600926656988,0.0,0.0,True,False,False
2021-04-30,2021-05-03,2021-04-30,Extended Sentiment Momentum,extended,1.0,momentum,CAT,Industrials,0.0,,1.0,0.0,0.0,False,False,False
2021-04-30,2021-05-03,2021-04-30,Extended Sentiment Momentum,extended,1.0,momentum,CCI,RealEstate,0.0,,1.0,0.0,0.0,False,False,False
2021-04-30,2021-05-03,2021-04-30,Extended Sentiment Momentum,extended,1.0,momentum,CMCSA,Comm,0.0,0.5926162359388986,1.5926162359388987,0.0,0.0,True,False,False
2021-04-30,2021-05-03,2021-04-30,Extended Sentiment Momentum,extended,1.0,momentum,COP,Energy,0.0,,1.0,0.0,0.0,False,False,False
2021-04-30,2021-05-03,2021-04-30,Extended Sentiment Momentum,extended,1.0,momentum,CVX,Energy,0.0,-0.4031701507562577,0.5968298492437423,0.0,0.0,True,False,False
2021-04-30,2021-05-03,2021-04-30,Extended Sentiment Momentum,extended,1.0,momentum,D,Utilities,0.0827261127436454,,1.0,0.0827261127436454,0.09046784998778717,False,False,False
2021-04-30,2021-05-03,2021-04-30,Extended Sentiment Momentum,extended,1.0,momentum,DD,Materials,0.0,,1.0,0.0,0.0,False,False,False
2021-04-30,2021-05-03,2021-04-30,Extended Sentiment Momentum,extended,1.0,momentum,DIS,Consumer,0.0,-1.4879703196583973,-0.4879703196583973,-0.0,-0.0,True,False,False
2021-04-30,2021-05-03,2021-04-30,Extended Sentiment Momentum,extended,1.0,momentum,DOW,Materials,0.0,,1.0,0.0,0.0,False,False,False
2021-04-30,2021-05-03,2021-04-30,Extended Sentiment Momentum,extended,1.0,momentum,DUK,Utilities,0.012202177961867,,1.0,0.012202177961867,0.013344091348753273,False,False,False
2021-04-30,2021-05-03,2021-04-30,Extended Sentiment Momentum,extended,1.0,momentum,EA,Comm,0.0614901183070943,,1.0,0.0614901183070943,0.06724453276290085,False,False,False
2021-04-30,2021-05-03,2021-04-30,Extended Sentiment Momentum,extended,1.0,momentum,GE,Industrials,0.0,-0.3321610996232624,0.6678389003767375,0.0,0.0,True,False,False
2021-04-30,2021-05-03,2021-04-30,Extended Sentiment Momentum,extended,1.0,momentum,GILD,Healthcare,0.0445193357924664,,1.0,0.0445193357924664,0.04868557772694514,False,False,False
2021-04-30,2021-05-03,2021-04-30,Extended Sentiment Momentum,extended,1.0,momentum,GS,Financials,0.0,0.48937754432603914,1.489377544326039,0.0,0.0,True,False,False
2021-04-30,2021-05-03,2021-04-30,Extended Sentiment Momentum,extended,1.0,momentum,INTC,Tech,0.0,-0.11883651565600346,0.8811634843439965,0.0,0.0,True,False,False
2021-04-30,2021-05-03,2021-04-30,Extended Sentiment Momentum,extended,1.0,momentum,KO,Consumer,0.0,1.5388266528142884,2.538826652814288,0.0,0.0,True,False,False
2021-04-30,2021-05-03,2021-04-30,Extended Sentiment Momentum,extended,1.0,momentum,MMM,Industrials,0.0708081605519744,,1.0,0.0708081605519744,0.07743458303882696,False,False,False
2021-04-30,2021-05-03,2021-04-30,Extended Sentiment Momentum,extended,1.0,momentum,MRK,Healthcare,0.1069680795608395,-0.4899432085725117,0.5100567914274883,0.05455979544596208,0.05966565122025273,True,False,False
2021-04-30,2021-05-03,2021-04-30,Extended Sentiment Momentum,extended,1.0,momentum,MS,Financials,0.0,,1.0,0.0,0.0,False,False,False
2021-04-30,2021-05-03,2021-04-30,Extended Sentiment Momentum,extended,1.0,momentum,NEE,Utilities,0.0,,1.0,0.0,0.0,False,False,False
2021-04-30,2021-05-03,2021-04-30,Extended Sentiment Momentum,extended,1.0,momentum,NEM,Materials,0.0017018323898193,,1.0,0.0017018323898193,0.001861094547300076,False,False,False
2021-04-30,2021-05-03,2021-04-30,Extended Sentiment Momentum,extended,1.0,momentum,NKE,Consumer,0.0268830367168781,,1.0,0.0268830367168781,0.029398825259144314,False,False,False
2021-04-30,2021-05-03,2021-04-30,Extended Sentiment Momentum,extended,1.0,momentum,NUE,Materials,0.0,,1.0,0.0,0.0,False,False,False
2021-04-30,2021-05-03,2021-04-30,Extended Sentiment Momentum,extended,1.0,momentum,NVDA,Tech,0.0,,1.0,0.0,0.0,False,False,False
2021-04-30,2021-05-03,2021-04-30,Extended Sentiment Momentum,extended,1.0,momentum,O,RealEstate,0.0,,1.0,0.0,0.0,False,False,False
2021-04-30,2021-05-03,2021-04-30,Extended Sentiment Momentum,extended,1.0,momentum,OXY,Energy,0.0,,1.0,0.0,0.0,False,False,False
2021-04-30,2021-05-03,2021-04-30,Extended Sentiment Momentum,extended,1.0,momentum,PLD,RealEstate,0.0,,1.0,0.0,0.0,False,False,False
2021-04-30,2021-05-03,2021-04-30,Extended Sentiment Momentum,extended,1.0,momentum,PSA,RealEstate,0.0659289583139809,,1.0,0.0659289583139809,0.07209877163070808,False,False,False
2021-04-30,2021-05-03,2021-04-30,Extended Sentiment Momentum,extended,1.0,momentum,QCOM,Tech,0.0,,1.0,0.0,0.0,False,False,False
2021-04-30,2021-05-03,2021-04-30,Extended Sentiment Momentum,extended,1.0,momentum,SBUX,Consumer,0.0,0.32754945789393897,1.327549457893939,0.0,0.0,True,False,False
2021-04-30,2021-05-03,2021-04-30,Extended Sentiment Momentum,extended,1.0,momentum,SHW,Materials,0.0,,1.0,0.0,0.0,False,False,False
2021-04-30,2021-05-03,2021-04-30,Extended Sentiment Momentum,extended,1.0,momentum,SLB,Energy,0.0,,1.0,0.0,0.0,False,False,False
2021-04-30,2021-05-03,2021-04-30,Extended Sentiment Momentum,extended,1.0,momentum,SO,Utilities,0.0,,1.0,0.0,0.0,False,False,False
2021-04-30,2021-05-03,2021-04-30,Extended Sentiment Momentum,extended,1.0,momentum,T,Comm,0.1145071791729114,-0.46468412472497733,0.5353158752750227,0.06129751084422091,0.06703390056370935,True,False,False
2021-04-30,2021-05-03,2021-04-30,Extended Sentiment Momentum,extended,1.0,momentum,TMUS,Comm,0.0,-0.43243310123000084,0.5675668987699991,0.0,0.0,True,False,False
2021-04-30,2021-05-03,2021-04-30,Extended Sentiment Momentum,extended,1.0,momentum,TTWO,Comm,0.0627867659860774,,1.0,0.0627867659860774,0.06866252429929473,False,False,False
2021-04-30,2021-05-03,2021-04-30,Extended Sentiment Momentum,extended,1.0,momentum,UPS,Industrials,0.0,,1.0,0.0,0.0,False,False,False
2021-04-30,2021-05-03,2021-04-30,Extended Sentiment Momentum,extended,1.0,momentum,USB,Financials,0.0,,1.0,0.0,0.0,False,False,False
2021-04-30,2021-05-03,2021-04-30,Extended Sentiment Momentum,extended,1.0,momentum,V,Financials,0.0,-0.45436109877369,0.54563890122631,0.0,0.0,True,False,False
2021-04-30,2021-05-03,2021-04-30,Extended Sentiment Momentum,extended,1.0,momentum,WFC,Financials,0.0,0.36403865660146517,1.364038656601465,0.0,0.0,True,False,False
2021-04-30,2021-05-03,2021-04-30,Extended Sentiment Momentum,extended,1.0,momentum,WMT,Consumer,0.2044314966682553,0.19193140133254666,1.1919314013325466,0.2436683203003034,0.26647147214586414,True,False,False
2021-04-30,2021-05-03,2021-04-30,Extended Sentiment Momentum,extended,1.0,momentum,XOM,Energy,0.0,0.9764973713598535,1.9764973713598535,0.0,0.0,True,False,False
2021-05-28,2021-06-01,2021-05-28,Extended Sentiment Momentum,extended,1.0,momentum,ABBV,Healthcare,0.0489601902368355,,1.0,0.0489601902368355,0.04346449127989244,False,False,False
2021-05-28,2021-06-01,2021-05-28,Extended Sentiment Momentum,extended,1.0,momentum,ABT,Healthcare,0.0,,1.0,0.0,0.0,False,False,False
2021-05-28,2021-06-01,2021-05-28,Extended Sentiment Momentum,extended,1.0,momentum,ADBE,Tech,0.0,-0.8282625263846876,0.17173747361531244,0.0,0.0,True,False,False
2021-05-28,2021-06-01,2021-05-28,Extended Sentiment Momentum,extended,1.0,momentum,AEP,Utilities,0.092414192033739,,1.0,0.092414192033739,0.08204085450564157,False,False,False
2021-05-28,2021-06-01,2021-05-28,Extended Sentiment Momentum,extended,1.0,momentum,AMD,Tech,0.0,1.0186803687429546,2.0186803687429546,0.0,0.0,True,False,False
2021-05-28,2021-06-01,2021-05-28,Extended Sentiment Momentum,extended,1.0,momentum,AMGN,Healthcare,0.0,0.5019142471714687,1.5019142471714688,0.0,0.0,True,False,False
2021-05-28,2021-06-01,2021-05-28,Extended Sentiment Momentum,extended,1.0,momentum,AMT,RealEstate,0.0,,1.0,0.0,0.0,False,False,False
2021-05-28,2021-06-01,2021-05-28,Extended Sentiment Momentum,extended,1.0,momentum,BA,Industrials,0.0,,1.0,0.0,0.0,False,False,False
2021-05-28,2021-06-01,2021-05-28,Extended Sentiment Momentum,extended,1.0,momentum,CAT,Industrials,0.0,-0.24392292473091218,0.7560770752690879,0.0,0.0,True,False,False
2021-05-28,2021-06-01,2021-05-28,Extended Sentiment Momentum,extended,1.0,momentum,CCI,RealEstate,0.0,,1.0,0.0,0.0,False,False,False
2021-05-28,2021-06-01,2021-05-28,Extended Sentiment Momentum,extended,1.0,momentum,CMCSA,Comm,0.0,-0.017752167986159733,0.9822478320138402,0.0,0.0,True,False,False
2021-05-28,2021-06-01,2021-05-28,Extended Sentiment Momentum,extended,1.0,momentum,COP,Energy,0.0,,1.0,0.0,0.0,False,False,False
2021-05-28,2021-06-01,2021-05-28,Extended Sentiment Momentum,extended,1.0,momentum,CVX,Energy,0.0,-0.07134414971839222,0.9286558502816078,0.0,0.0,True,False,False
2021-05-28,2021-06-01,2021-05-28,Extended Sentiment Momentum,extended,1.0,momentum,D,Utilities,0.0507479393554114,,1.0,0.0507479393554114,0.04505156856858558,False,False,False
2021-05-28,2021-06-01,2021-05-28,Extended Sentiment Momentum,extended,1.0,momentum,DD,Materials,0.0,,1.0,0.0,0.0,False,False,False
2021-05-28,2021-06-01,2021-05-28,Extended Sentiment Momentum,extended,1.0,momentum,DIS,Consumer,0.00984983770655,-1.204580975615443,-0.20458097561544308,-0.0020150894076597773,0.0,True,True,False
2021-05-28,2021-06-01,2021-05-28,Extended Sentiment Momentum,extended,1.0,momentum,DOW,Materials,0.0,,1.0,0.0,0.0,False,False,False
2021-05-28,2021-06-01,2021-05-28,Extended Sentiment Momentum,extended,1.0,momentum,DUK,Utilities,0.011111782416709,,1.0,0.011111782416709,0.00986450354091448,False,False,False
2021-05-28,2021-06-01,2021-05-28,Extended Sentiment Momentum,extended,1.0,momentum,EA,Comm,0.0624466287658924,0.26710271597583535,1.2671027159758355,0.07912629291279699,0.07024449969826686,True,False,False
2021-05-28,2021-06-01,2021-05-28,Extended Sentiment Momentum,extended,1.0,momentum,GE,Industrials,0.0,-0.3962991138636628,0.6037008861363372,0.0,0.0,True,False,False
2021-05-28,2021-06-01,2021-05-28,Extended Sentiment Momentum,extended,1.0,momentum,GILD,Healthcare,0.059087742105535,-0.29892721961130286,0.7010727803886971,0.041424807644817714,0.03677494270221968,True,False,False
2021-05-28,2021-06-01,2021-05-28,Extended Sentiment Momentum,extended,1.0,momentum,GS,Financials,0.0,-1.7277901586224538,-0.7277901586224538,-0.0,-0.0,True,False,False
2021-05-28,2021-06-01,2021-05-28,Extended Sentiment Momentum,extended,1.0,momentum,INTC,Tech,0.0,0.20713325124322088,1.207133251243221,0.0,0.0,True,False,False
2021-05-28,2021-06-01,2021-05-28,Extended Sentiment Momentum,extended,1.0,momentum,KO,Consumer,0.0,4.676887761369462,5.676887761369462,0.0,0.0,True,False,False
2021-05-28,2021-06-01,2021-05-28,Extended Sentiment Momentum,extended,1.0,momentum,MMM,Industrials,0.0849891378512632,2.0903551827417894,3.0903551827417894,0.2626466226354076,0.23316498126351487,True,False,False
2021-05-28,2021-06-01,2021-05-28,Extended Sentiment Momentum,extended,1.0,momentum,MRK,Healthcare,0.1172967079394272,,1.0,0.1172967079394272,0.1041303498767378,False,False,False
2021-05-28,2021-06-01,2021-05-28,Extended Sentiment Momentum,extended,1.0,momentum,MS,Financials,0.0,-1.4040840526755423,-0.40408405267554226,-0.0,-0.0,True,False,False
2021-05-28,2021-06-01,2021-05-28,Extended Sentiment Momentum,extended,1.0,momentum,NEE,Utilities,0.0,-0.3207366032031841,0.6792633967968159,0.0,0.0,True,False,False
2021-05-28,2021-06-01,2021-05-28,Extended Sentiment Momentum,extended,1.0,momentum,NEM,Materials,0.0,,1.0,0.0,0.0,False,False,False
2021-05-28,2021-06-01,2021-05-28,Extended Sentiment Momentum,extended,1.0,momentum,NKE,Consumer,0.0258498144983853,0.11060557953131109,1.110605579531311,0.028708948211756093,0.025486417090470195,True,False,False
2021-05-28,2021-06-01,2021-05-28,Extended Sentiment Momentum,extended,1.0,momentum,NUE,Materials,0.0,,1.0,0.0,0.0,False,False,False
2021-05-28,2021-06-01,2021-05-28,Extended Sentiment Momentum,extended,1.0,momentum,NVDA,Tech,0.0,,1.0,0.0,0.0,False,False,False
2021-05-28,2021-06-01,2021-05-28,Extended Sentiment Momentum,extended,1.0,momentum,O,RealEstate,0.0,,1.0,0.0,0.0,False,False,False
2021-05-28,2021-06-01,2021-05-28,Extended Sentiment Momentum,extended,1.0,momentum,OXY,Energy,0.0,,1.0,0.0,0.0,False,False,False
2021-05-28,2021-06-01,2021-05-28,Extended Sentiment Momentum,extended,1.0,momentum,PLD,RealEstate,0.0,,1.0,0.0,0.0,False,False,False
2021-05-28,2021-06-01,2021-05-28,Extended Sentiment Momentum,extended,1.0,momentum,PSA,RealEstate,0.0890999653723551,,1.0,0.0890999653723551,0.07909864420934802,False,False,False
2021-05-28,2021-06-01,2021-05-28,Extended Sentiment Momentum,extended,1.0,momentum,QCOM,Tech,0.0,-0.1987021610122913,0.8012978389877087,0.0,0.0,True,False,False
2021-05-28,2021-06-01,2021-05-28,Extended Sentiment Momentum,extended,1.0,momentum,SBUX,Consumer,0.0,4.640918446941681,5.640918446941681,0.0,0.0,True,False,False
2021-05-28,2021-06-01,2021-05-28,Extended Sentiment Momentum,extended,1.0,momentum,SHW,Materials,0.0,,1.0,0.0,0.0,False,False,False
2021-05-28,2021-06-01,2021-05-28,Extended Sentiment Momentum,extended,1.0,momentum,SLB,Energy,0.0,,1.0,0.0,0.0,False,False,False
2021-05-28,2021-06-01,2021-05-28,Extended Sentiment Momentum,extended,1.0,momentum,SO,Utilities,0.0,,1.0,0.0,0.0,False,False,False
2021-05-28,2021-06-01,2021-05-28,Extended Sentiment Momentum,extended,1.0,momentum,T,Comm,0.1163126762909099,1.1324436639858262,2.132443663985826,0.24803022959778523,0.22018925374582946,True,False,False
2021-05-28,2021-06-01,2021-05-28,Extended Sentiment Momentum,extended,1.0,momentum,TMUS,Comm,0.0,0.3586805488605607,1.3586805488605607,0.0,0.0,True,False,False
2021-05-28,2021-06-01,2021-05-28,Extended Sentiment Momentum,extended,1.0,momentum,TTWO,Comm,0.0568734416264683,,1.0,0.0568734416264683,0.05048949351857904,False,False,False
2021-05-28,2021-06-01,2021-05-28,Extended Sentiment Momentum,extended,1.0,momentum,UPS,Industrials,0.0,-0.5896813805520846,0.41031861944791537,0.0,0.0,True,False,False
2021-05-28,2021-06-01,2021-05-28,Extended Sentiment Momentum,extended,1.0,momentum,USB,Financials,0.0,,1.0,0.0,0.0,False,False,False
2021-05-28,2021-06-01,2021-05-28,Extended Sentiment Momentum,extended,1.0,momentum,V,Financials,0.0,-0.37426241329070353,0.6257375867092965,0.0,0.0,True,False,False
2021-05-28,2021-06-01,2021-05-28,Extended Sentiment Momentum,extended,1.0,momentum,WFC,Financials,0.0,1.371590861696208,2.371590861696208,0.0,0.0,True,False,False
2021-05-28,2021-06-01,2021-05-28,Extended Sentiment Momentum,extended,1.0,momentum,WMT,Consumer,0.174959943800518,-1.527531815134937,-0.5275318151349371,-0.09229693672899383,0.0,True,True,False
2021-05-28,2021-06-01,2021-05-28,Extended Sentiment Momentum,extended,1.0,momentum,XOM,Energy,0.0,-0.07815205167729418,0.9218479483227058,0.0,0.0,True,False,False
2021-06-30,2021-07-01,2021-06-30,Extended Sentiment Momentum,extended,1.0,momentum,ABBV,Healthcare,0.0376967795697507,0.7097976893982554,1.7097976893982554,0.0644538666061151,0.06691566895195573,True,False,False
2021-06-30,2021-07-01,2021-06-30,Extended Sentiment Momentum,extended,1.0,momentum,ABT,Healthcare,0.0016299985203787,1.1786645883355906,2.1786645883355904,0.0035512200553884823,0.003686858184228409,True,False,False
2021-06-30,2021-07-01,2021-06-30,Extended Sentiment Momentum,extended,1.0,momentum,ADBE,Tech,0.0,,1.0,0.0,0.0,False,False,False
2021-06-30,2021-07-01,2021-06-30,Extended Sentiment Momentum,extended,1.0,momentum,AEP,Utilities,0.0731507905497613,,1.0,0.0731507905497613,0.0759447701394732,False,False,False
2021-06-30,2021-07-01,2021-06-30,Extended Sentiment Momentum,extended,1.0,momentum,AMD,Tech,0.0072707630971174,-0.06635349305490419,0.9336465069450958,0.006788322568448966,0.00704760117039005,True,False,False
2021-06-30,2021-07-01,2021-06-30,Extended Sentiment Momentum,extended,1.0,momentum,AMGN,Healthcare,0.0,,1.0,0.0,0.0,False,False,False
2021-06-30,2021-07-01,2021-06-30,Extended Sentiment Momentum,extended,1.0,momentum,AMT,RealEstate,0.0,,1.0,0.0,0.0,False,False,False
2021-06-30,2021-07-01,2021-06-30,Extended Sentiment Momentum,extended,1.0,momentum,BA,Industrials,0.0,,1.0,0.0,0.0,False,False,False
2021-06-30,2021-07-01,2021-06-30,Extended Sentiment Momentum,extended,1.0,momentum,CAT,Industrials,0.0,-0.31185240998447655,0.6881475900155234,0.0,0.0,True,False,False
2021-06-30,2021-07-01,2021-06-30,Extended Sentiment Momentum,extended,1.0,momentum,CCI,RealEstate,0.0540751160913785,,1.0,0.0540751160913785,0.0561405041690075,False,False,False
2021-06-30,2021-07-01,2021-06-30,Extended Sentiment Momentum,extended,1.0,momentum,CMCSA,Comm,0.0,0.013495193817373356,1.0134951938173733,0.0,0.0,True,False,False
2021-06-30,2021-07-01,2021-06-30,Extended Sentiment Momentum,extended,1.0,momentum,COP,Energy,0.0,0.4501050985516477,1.4501050985516477,0.0,0.0,True,False,False
2021-06-30,2021-07-01,2021-06-30,Extended Sentiment Momentum,extended,1.0,momentum,CVX,Energy,0.0,1.5413798048776457,2.5413798048776455,0.0,0.0,True,False,False
2021-06-30,2021-07-01,2021-06-30,Extended Sentiment Momentum,extended,1.0,momentum,D,Utilities,0.0227718636943739,,1.0,0.0227718636943739,0.023641630403709753,False,False,False
2021-06-30,2021-07-01,2021-06-30,Extended Sentiment Momentum,extended,1.0,momentum,DD,Materials,0.0,,1.0,0.0,0.0,False,False,False
2021-06-30,2021-07-01,2021-06-30,Extended Sentiment Momentum,extended,1.0,momentum,DIS,Consumer,0.0150282891557683,0.619752350915647,1.6197523509156468,0.024342106690295826,0.025271848511978685,True,False,False
2021-06-30,2021-07-01,2021-06-30,Extended Sentiment Momentum,extended,1.0,momentum,DOW,Materials,0.0,,1.0,0.0,0.0,False,False,False
2021-06-30,2021-07-01,2021-06-30,Extended Sentiment Momentum,extended,1.0,momentum,DUK,Utilities,0.0,,1.0,0.0,0.0,False,False,False
2021-06-30,2021-07-01,2021-06-30,Extended Sentiment Momentum,extended,1.0,momentum,EA,Comm,0.025568913287689,,1.0,0.025568913287689,0.026545512738221522,False,False,False
2021-06-30,2021-07-01,2021-06-30,Extended Sentiment Momentum,extended,1.0,momentum,GE,Industrials,0.0,-0.3194690891627127,0.6805309108372872,0.0,0.0,True,False,False
2021-06-30,2021-07-01,2021-06-30,Extended Sentiment Momentum,extended,1.0,momentum,GILD,Healthcare,0.0307969765390129,-0.4012839162265041,0.5987160837734959,0.018438645185502037,0.019142905493874065,True,False,False
2021-06-30,2021-07-01,2021-06-30,Extended Sentiment Momentum,extended,1.0,momentum,GS,Financials,0.02085930702723,0.37424098965797026,1.3742409896579701,0.028665714732680005,0.02976059588551087,True,False,False
2021-06-30,2021-07-01,2021-06-30,Extended Sentiment Momentum,extended,1.0,momentum,INTC,Tech,0.0,-0.45829273863597125,0.5417072613640288,0.0,0.0,True,False,False
2021-06-30,2021-07-01,2021-06-30,Extended Sentiment Momentum,extended,1.0,momentum,KO,Consumer,0.0,-0.43694100546685494,0.563058994533145,0.0,0.0,True,False,False
2021-06-30,2021-07-01,2021-06-30,Extended Sentiment Momentum,extended,1.0,momentum,MMM,Industrials,0.0946248550675005,,1.0,0.0946248550675005,0.09823903219055151,False,False,False
2021-06-30,2021-07-01,2021-06-30,Extended Sentiment Momentum,extended,1.0,momentum,MRK,Healthcare,0.1352689317400659,,1.0,0.1352689317400659,0.14043550111769665,False,False,False
2021-06-30,2021-07-01,2021-06-30,Extended Sentiment Momentum,extended,1.0,momentum,MS,Financials,0.0,0.8485627139636714,1.8485627139636716,0.0,0.0,True,False,False
2021-06-30,2021-07-01,2021-06-30,Extended Sentiment Momentum,extended,1.0,momentum,NEE,Utilities,0.0,-0.35248592123560263,0.6475140787643974,0.0,0.0,True,False,False
2021-06-30,2021-07-01,2021-06-30,Extended Sentiment Momentum,extended,1.0,momentum,NEM,Materials,0.0,,1.0,0.0,0.0,False,False,False
2021-06-30,2021-07-01,2021-06-30,Extended Sentiment Momentum,extended,1.0,momentum,NKE,Consumer,0.0362270944135522,0.7628430704829553,1.7628430704829552,0.06386268235066228,0.06630190453392258,True,False,False
2021-06-30,2021-07-01,2021-06-30,Extended Sentiment Momentum,extended,1.0,momentum,NUE,Materials,0.0,,1.0,0.0,0.0,False,False,False
2021-06-30,2021-07-01,2021-06-30,Extended Sentiment Momentum,extended,1.0,momentum,NVDA,Tech,0.0,,1.0,0.0,0.0,False,False,False
2021-06-30,2021-07-01,2021-06-30,Extended Sentiment Momentum,extended,1.0,momentum,O,RealEstate,0.0,1.7566611879243161,2.7566611879243164,0.0,0.0,True,False,False
2021-06-30,2021-07-01,2021-06-30,Extended Sentiment Momentum,extended,1.0,momentum,OXY,Energy,0.0,-0.15854147377823166,0.8414585262217683,0.0,0.0,True,False,False
2021-06-30,2021-07-01,2021-06-30,Extended Sentiment Momentum,extended,1.0,momentum,PLD,RealEstate,0.0,,1.0,0.0,0.0,False,False,False
2021-06-30,2021-07-01,2021-06-30,Extended Sentiment Momentum,extended,1.0,momentum,PSA,RealEstate,0.1044334195979248,,1.0,0.1044334195979248,0.10842223285130903,False,False,False
2021-06-30,2021-07-01,2021-06-30,Extended Sentiment Momentum,extended,1.0,momentum,QCOM,Tech,0.0,-0.38382599164560705,0.616174008354393,0.0,0.0,True,False,False
2021-06-30,2021-07-01,2021-06-30,Extended Sentiment Momentum,extended,1.0,momentum,SBUX,Consumer,0.021879009874866,-4.783256091888043,-3.7832560918880427,-0.08277389739356544,0.0,True,True,False
2021-06-30,2021-07-01,2021-06-30,Extended Sentiment Momentum,extended,1.0,momentum,SHW,Materials,0.0,,1.0,0.0,0.0,False,False,False
2021-06-30,2021-07-01,2021-06-30,Extended Sentiment Momentum,extended,1.0,momentum,SLB,Energy,0.0,,1.0,0.0,0.0,False,False,False
2021-06-30,2021-07-01,2021-06-30,Extended Sentiment Momentum,extended,1.0,momentum,SO,Utilities,0.0,,1.0,0.0,0.0,False,False,False
2021-06-30,2021-07-01,2021-06-30,Extended Sentiment Momentum,extended,1.0,momentum,T,Comm,0.1633888674441786,0.18914644155836907,1.189146441558369,0.19429329031149703,0.20171428307819878,True,False,False
2021-06-30,2021-07-01,2021-06-30,Extended Sentiment Momentum,extended,1.0,momentum,TMUS,Comm,0.0,0.9278364419675965,1.9278364419675964,0.0,0.0,True,False,False
2021-06-30,2021-07-01,2021-06-30,Extended Sentiment Momentum,extended,1.0,momentum,TTWO,Comm,0.0489206367924043,,1.0,0.0489206367924043,0.050789150579971735,False,False,False
2021-06-30,2021-07-01,2021-06-30,Extended Sentiment Momentum,extended,1.0,momentum,UPS,Industrials,0.0,-0.5749862341917538,0.42501376580824624,0.0,0.0,True,False,False
2021-06-30,2021-07-01,2021-06-30,Extended Sentiment Momentum,extended,1.0,momentum,USB,Financials,0.0,,1.0,0.0,0.0,False,False,False
2021-06-30,2021-07-01,2021-06-30,Extended Sentiment Momentum,extended,1.0,momentum,V,Financials,0.0,-0.4945685903475039,0.5054314096524961,0.0,0.0,True,False,False
2021-06-30,2021-07-01,2021-06-30,Extended Sentiment Momentum,extended,1.0,momentum,WFC,Financials,0.0,-0.059505322378292244,0.9404946776217078,0.0,0.0,True,False,False
2021-06-30,2021-07-01,2021-06-30,Extended Sentiment Momentum,extended,1.0,momentum,WMT,Consumer,0.1064083875370459,-2.3625220509250253,-1.3625220509250253,-0.1449837744226007,0.0,True,True,False
2021-06-30,2021-07-01,2021-06-30,Extended Sentiment Momentum,extended,1.0,momentum,XOM,Energy,0.0,-0.8189280726587151,0.18107192734128486,0.0,0.0,True,False,False
2021-07-30,2021-08-02,2021-07-30,Extended Sentiment Momentum,extended,1.0,momentum,ABBV,Healthcare,0.0302894794231026,0.5802218291950094,1.5802218291950094,0.047864096579339786,0.05888791414123813,True,False,False
2021-07-30,2021-08-02,2021-07-30,Extended Sentiment Momentum,extended,1.0,momentum,ABT,Healthcare,0.0098622763648259,,1.0,0.0098622763648259,0.012133706166298242,False,False,False
2021-07-30,2021-08-02,2021-07-30,Extended Sentiment Momentum,extended,1.0,momentum,ADBE,Tech,0.0,0.4919856268373991,1.491985626837399,0.0,0.0,True,False,False
2021-07-30,2021-08-02,2021-07-30,Extended Sentiment Momentum,extended,1.0,momentum,AEP,Utilities,0.0852155089045425,,1.0,0.0852155089045425,0.10484191555886734,False,False,False
2021-07-30,2021-08-02,2021-07-30,Extended Sentiment Momentum,extended,1.0,momentum,AMD,Tech,0.0020044242681656,,1.0,0.0020044242681656,0.0024660731663595113,False,False,False
2021-07-30,2021-08-02,2021-07-30,Extended Sentiment Momentum,extended,1.0,momentum,AMGN,Healthcare,0.0,,1.0,0.0,0.0,False,False,False
2021-07-30,2021-08-02,2021-07-30,Extended Sentiment Momentum,extended,1.0,momentum,AMT,RealEstate,0.0,-0.45617120020090773,0.5438287997990923,0.0,0.0,True,False,False
2021-07-30,2021-08-02,2021-07-30,Extended Sentiment Momentum,extended,1.0,momentum,BA,Industrials,0.0,,1.0,0.0,0.0,False,False,False
2021-07-30,2021-08-02,2021-07-30,Extended Sentiment Momentum,extended,1.0,momentum,CAT,Industrials,0.0062272941976791,-0.2505338801445171,0.7494661198554828,0.004667146019533117,0.005742059575433827,True,False,False
2021-07-30,2021-08-02,2021-07-30,Extended Sentiment Momentum,extended,1.0,momentum,CCI,RealEstate,0.0642109006495531,,1.0,0.0642109006495531,0.07899963176187062,False,False,False
2021-07-30,2021-08-02,2021-07-30,Extended Sentiment Momentum,extended,1.0,momentum,CMCSA,Comm,0.0,0.5186596895229825,1.5186596895229825,0.0,0.0,True,False,False
2021-07-30,2021-08-02,2021-07-30,Extended Sentiment Momentum,extended,1.0,momentum,COP,Energy,0.0,,1.0,0.0,0.0,False,False,False
2021-07-30,2021-08-02,2021-07-30,Extended Sentiment Momentum,extended,1.0,momentum,CVX,Energy,0.0,0.13932047643107173,1.1393204764310718,0.0,0.0,True,False,False
2021-07-30,2021-08-02,2021-07-30,Extended Sentiment Momentum,extended,1.0,momentum,D,Utilities,0.0,,1.0,0.0,0.0,False,False,False
2021-07-30,2021-08-02,2021-07-30,Extended Sentiment Momentum,extended,1.0,momentum,DD,Materials,0.0,,1.0,0.0,0.0,False,False,False
2021-07-30,2021-08-02,2021-07-30,Extended Sentiment Momentum,extended,1.0,momentum,DIS,Consumer,0.0142350676748554,-1.0183578901791983,-0.01835789017919831,-0.00026132580906845126,0.0,True,True,False
2021-07-30,2021-08-02,2021-07-30,Extended Sentiment Momentum,extended,1.0,momentum,DOW,Materials,0.0,,1.0,0.0,0.0,False,False,False
2021-07-30,2021-08-02,2021-07-30,Extended Sentiment Momentum,extended,1.0,momentum,DUK,Utilities,0.0064912635554812,,1.0,0.0064912635554812,0.007986298671483203,False,False,False
2021-07-30,2021-08-02,2021-07-30,Extended Sentiment Momentum,extended,1.0,momentum,EA,Comm,0.0230619349729838,,1.0,0.0230619349729838,0.028373443638881682,False,False,False
2021-07-30,2021-08-02,2021-07-30,Extended Sentiment Momentum,extended,1.0,momentum,GE,Industrials,0.0,1.0016326460307174,2.0016326460307177,0.0,0.0,True,False,False
2021-07-30,2021-08-02,2021-07-30,Extended Sentiment Momentum,extended,1.0,momentum,GILD,Healthcare,0.0249322728278246,-0.35597284845825966,0.6440271515417404,0.01605706065076541,0.019755241956683545,True,False,False
2021-07-30,2021-08-02,2021-07-30,Extended Sentiment Momentum,extended,1.0,momentum,GS,Financials,0.0225218284228843,-1.3641644099842019,-0.36416440998420185,-0.008201648359385088,0.0,True,True,False
2021-07-30,2021-08-02,2021-07-30,Extended Sentiment Momentum,extended,1.0,momentum,INTC,Tech,0.0,-0.3288358789465712,0.6711641210534288,0.0,0.0,True,False,False
2021-07-30,2021-08-02,2021-07-30,Extended Sentiment Momentum,extended,1.0,momentum,KO,Consumer,0.0,-0.04020082461565182,0.9597991753843482,0.0,0.0,True,False,False
2021-07-30,2021-08-02,2021-07-30,Extended Sentiment Momentum,extended,1.0,momentum,MMM,Industrials,0.0818895344678883,-0.13980903265981134,0.8601909673401886,0.07044063786897055,0.08666417066926288,True,False,False
2021-07-30,2021-08-02,2021-07-30,Extended Sentiment Momentum,extended,1.0,momentum,MRK,Healthcare,0.1440500633934673,-0.4923873751453229,0.5076126248546771,0.07312163078964057,0.08996263637129455,True,False,False
2021-07-30,2021-08-02,2021-07-30,Extended Sentiment Momentum,extended,1.0,momentum,MS,Financials,0.0,-2.1209695277584744,-1.1209695277584744,-0.0,-0.0,True,False,False
2021-07-30,2021-08-02,2021-07-30,Extended Sentiment Momentum,extended,1.0,momentum,NEE,Utilities,0.0,-0.3310780132276653,0.6689219867723347,0.0,0.0,True,False,False
2021-07-30,2021-08-02,2021-07-30,Extended Sentiment Momentum,extended,1.0,momentum,NEM,Materials,0.0,,1.0,0.0,0.0,False,False,False
2021-07-30,2021-08-02,2021-07-30,Extended Sentiment Momentum,extended,1.0,momentum,NKE,Consumer,0.0332379346270086,2.174446060961413,3.174446060961413,0.1055120306512004,0.12981302993061278,True,False,False
2021-07-30,2021-08-02,2021-07-30,Extended Sentiment Momentum,extended,1.0,momentum,NUE,Materials,0.0,0.9273929598287842,1.9273929598287842,0.0,0.0,True,False,False
2021-07-30,2021-08-02,2021-07-30,Extended Sentiment Momentum,extended,1.0,momentum,NVDA,Tech,0.0,,1.0,0.0,0.0,False,False,False
2021-07-30,2021-08-02,2021-07-30,Extended Sentiment Momentum,extended,1.0,momentum,O,RealEstate,0.0,,1.0,0.0,0.0,False,False,False
2021-07-30,2021-08-02,2021-07-30,Extended Sentiment Momentum,extended,1.0,momentum,OXY,Energy,0.0,,1.0,0.0,0.0,False,False,False
2021-07-30,2021-08-02,2021-07-30,Extended Sentiment Momentum,extended,1.0,momentum,PLD,RealEstate,0.0,,1.0,0.0,0.0,False,False,False
2021-07-30,2021-08-02,2021-07-30,Extended Sentiment Momentum,extended,1.0,momentum,PSA,RealEstate,0.1056961751653189,,1.0,0.1056961751653189,0.13003958568141472,False,False,False
2021-07-30,2021-08-02,2021-07-30,Extended Sentiment Momentum,extended,1.0,momentum,QCOM,Tech,0.0,,1.0,0.0,0.0,False,False,False
2021-07-30,2021-08-02,2021-07-30,Extended Sentiment Momentum,extended,1.0,momentum,SBUX,Consumer,0.0143721802037846,0.21269844078913344,1.2126984407891335,0.017429120523870037,0.021443307746666494,True,False,False
2021-07-30,2021-08-02,2021-07-30,Extended Sentiment Momentum,extended,1.0,momentum,SHW,Materials,0.0,,1.0,0.0,0.0,False,False,False
2021-07-30,2021-08-02,2021-07-30,Extended Sentiment Momentum,extended,1.0,momentum,SLB,Energy,0.0,,1.0,0.0,0.0,False,False,False
2021-07-30,2021-08-02,2021-07-30,Extended Sentiment Momentum,extended,1.0,momentum,SO,Utilities,0.0,,1.0,0.0,0.0,False,False,False
2021-07-30,2021-08-02,2021-07-30,Extended Sentiment Momentum,extended,1.0,momentum,T,Comm,0.1640313663615,-0.5831366034210549,0.4168633965789451,0.06837867252694022,0.08412730385882562,True,False,False
2021-07-30,2021-08-02,2021-07-30,Extended Sentiment Momentum,extended,1.0,momentum,TMUS,Comm,0.0,-0.5838157396070337,0.4161842603929663,0.0,0.0,True,False,False
2021-07-30,2021-08-02,2021-07-30,Extended Sentiment Momentum,extended,1.0,momentum,TTWO,Comm,0.0564633437790303,,1.0,0.0564633437790303,0.06946769662883319,False,False,False
2021-07-30,2021-08-02,2021-07-30,Extended Sentiment Momentum,extended,1.0,momentum,UPS,Industrials,0.0,,1.0,0.0,0.0,False,False,False
2021-07-30,2021-08-02,2021-07-30,Extended Sentiment Momentum,extended,1.0,momentum,USB,Financials,0.0,,1.0,0.0,0.0,False,False,False
2021-07-30,2021-08-02,2021-07-30,Extended Sentiment Momentum,extended,1.0,momentum,V,Financials,0.0,,1.0,0.0,0.0,False,False,False
2021-07-30,2021-08-02,2021-07-30,Extended Sentiment Momentum,extended,1.0,momentum,WFC,Financials,0.0,,1.0,0.0,0.0,False,False,False
2021-07-30,2021-08-02,2021-07-30,Extended Sentiment Momentum,extended,1.0,momentum,WMT,Consumer,0.1112071507401031,-0.493523790813427,0.506476209186573,0.05632377614128721,0.06929598447597375,True,False,False
2021-07-30,2021-08-02,2021-07-30,Extended Sentiment Momentum,extended,1.0,momentum,XOM,Energy,0.0,0.42447637342052463,1.4244763734205246,0.0,0.0,True,False,False
2021-08-31,2021-09-01,2021-08-31,Extended Sentiment Momentum,extended,1.0,momentum,ABBV,Healthcare,0.0199971678899776,-0.6460776038138512,0.35392239618614885,0.0070774455765575854,0.011706210516993344,True,False,False
2021-08-31,2021-09-01,2021-08-31,Extended Sentiment Momentum,extended,1.0,momentum,ABT,Healthcare,0.0116915704336451,-0.5785984936903776,0.42140150630962236,0.004926845391863091,0.008149082704763154,True,False,False
2021-08-31,2021-09-01,2021-08-31,Extended Sentiment Momentum,extended,1.0,momentum,ADBE,Tech,0.0,,1.0,0.0,0.0,False,False,False
2021-08-31,2021-09-01,2021-08-31,Extended Sentiment Momentum,extended,1.0,momentum,AEP,Utilities,0.0959056322752661,,1.0,0.0959056322752661,0.15862948136235402,False,False,False
2021-08-31,2021-09-01,2021-08-31,Extended Sentiment Momentum,extended,1.0,momentum,AMD,Tech,0.0110824591519192,-0.6750095688905683,0.3249904311094317,0.003601693177534888,0.00595725931026508,True,False,False
2021-08-31,2021-09-01,2021-08-31,Extended Sentiment Momentum,extended,1.0,momentum,AMGN,Healthcare,0.0,-0.27253923473735336,0.7274607652626466,0.0,0.0,True,False,False
2021-08-31,2021-09-01,2021-08-31,Extended Sentiment Momentum,extended,1.0,momentum,AMT,RealEstate,0.0,,1.0,0.0,0.0,False,False,False
2021-08-31,2021-09-01,2021-08-31,Extended Sentiment Momentum,extended,1.0,momentum,BA,Industrials,0.0,,1.0,0.0,0.0,False,False,False
2021-08-31,2021-09-01,2021-08-31,Extended Sentiment Momentum,extended,1.0,momentum,CAT,Industrials,0.0039966898508759,1.3273077553158852,2.327307755315885,0.009301527285535769,0.015384877969913053,True,False,False
2021-08-31,2021-09-01,2021-08-31,Extended Sentiment Momentum,extended,1.0,momentum,CCI,RealEstate,0.0686842857449769,,1.0,0.0686842857449769,0.11360492983558905,False,False,False
2021-08-31,2021-09-01,2021-08-31,Extended Sentiment Momentum,extended,1.0,momentum,CMCSA,Comm,0.0,,1.0,0.0,0.0,False,False,False
2021-08-31,2021-09-01,2021-08-31,Extended Sentiment Momentum,extended,1.0,momentum,COP,Energy,0.0,-0.2450806048983459,0.7549193951016541,0.0,0.0,True,False,False
2021-08-31,2021-09-01,2021-08-31,Extended Sentiment Momentum,extended,1.0,momentum,CVX,Energy,0.0,0.09650796169581358,1.0965079616958135,0.0,0.0,True,False,False
2021-08-31,2021-09-01,2021-08-31,Extended Sentiment Momentum,extended,1.0,momentum,D,Utilities,0.0,,1.0,0.0,0.0,False,False,False
2021-08-31,2021-09-01,2021-08-31,Extended Sentiment Momentum,extended,1.0,momentum,DD,Materials,0.0,,1.0,0.0,0.0,False,False,False
2021-08-31,2021-09-01,2021-08-31,Extended Sentiment Momentum,extended,1.0,momentum,DIS,Consumer,0.0137355096565371,-0.045344110224080116,0.9546558897759199,0.013112685192687165,0.021688595362299987,True,False,False
2021-08-31,2021-09-01,2021-08-31,Extended Sentiment Momentum,extended,1.0,momentum,DOW,Materials,0.0,-0.18303052453197394,0.8169694754680261,0.0,0.0,True,False,False
2021-08-31,2021-09-01,2021-08-31,Extended Sentiment Momentum,extended,1.0,momentum,DUK,Utilities,0.0042038941946994,,1.0,0.0042038941946994,0.006953309623082056,False,False,False
2021-08-31,2021-09-01,2021-08-31,Extended Sentiment Momentum,extended,1.0,momentum,EA,Comm,0.0225627937633812,-0.2772900897079661,0.7227099102920339,0.01630635465667089,0.0269709767897063,True,False,False
2021-08-31,2021-09-01,2021-08-31,Extended Sentiment Momentum,extended,1.0,momentum,GE,Industrials,0.0,0.11042153783316898,1.110421537833169,0.0,0.0,True,False,False
2021-08-31,2021-09-01,2021-08-31,Extended Sentiment Momentum,extended,1.0,momentum,GILD,Healthcare,0.018856497737353,-0.40072575595654886,0.5992742440434511,0.011300213426859267,0.018690737474538182,True,False,False
2021-08-31,2021-09-01,2021-08-31,Extended Sentiment Momentum,extended,1.0,momentum,GS,Financials,0.0312115256627881,,1.0,0.0312115256627881,0.051624372948248114,False,False,False
2021-08-31,2021-09-01,2021-08-31,Extended Sentiment Momentum,extended,1.0,momentum,INTC,Tech,0.0,-0.5194031062182307,0.4805968937817693,0.0,0.0,True,False,False
2021-08-31,2021-09-01,2021-08-31,Extended Sentiment Momentum,extended,1.0,momentum,KO,Consumer,0.0,-0.8886131728858239,0.11138682711417613,0.0,0.0,True,False,False
2021-08-31,2021-09-01,2021-08-31,Extended Sentiment Momentum,extended,1.0,momentum,MMM,Industrials,0.0744614076026957,,1.0,0.0744614076026957,0.12316038369492821,False,False,False
2021-08-31,2021-09-01,2021-08-31,Extended Sentiment Momentum,extended,1.0,momentum,MRK,Healthcare,0.1303700340531618,-1.22037009242389,-0.22037009242389005,-0.02872965645360096,0.0,True,True,False
2021-08-31,2021-09-01,2021-08-31,Extended Sentiment Momentum,extended,1.0,momentum,MS,Financials,0.0,0.5836887763011128,1.5836887763011127,0.0,0.0,True,False,False
2021-08-31,2021-09-01,2021-08-31,Extended Sentiment Momentum,extended,1.0,momentum,NEE,Utilities,0.0,-0.36745895385279814,0.6325410461472019,0.0,0.0,True,False,False
2021-08-31,2021-09-01,2021-08-31,Extended Sentiment Momentum,extended,1.0,momentum,NEM,Materials,0.0,,1.0,0.0,0.0,False,False,False
2021-08-31,2021-09-01,2021-08-31,Extended Sentiment Momentum,extended,1.0,momentum,NKE,Consumer,0.029204023102968,-0.4415547741526122,0.5584452258473878,0.016308847277389297,0.02697509962506449,True,False,False
2021-08-31,2021-09-01,2021-08-31,Extended Sentiment Momentum,extended,1.0,momentum,NUE,Materials,0.0,0.12430568239140659,1.1243056823914066,0.0,0.0,True,False,False
2021-08-31,2021-09-01,2021-08-31,Extended Sentiment Momentum,extended,1.0,momentum,NVDA,Tech,0.0,,1.0,0.0,0.0,False,False,False
2021-08-31,2021-09-01,2021-08-31,Extended Sentiment Momentum,extended,1.0,momentum,O,RealEstate,0.0,-0.6758092061586832,0.32419079384131677,0.0,0.0,True,False,False
2021-08-31,2021-09-01,2021-08-31,Extended Sentiment Momentum,extended,1.0,momentum,OXY,Energy,0.0,-0.1697731975069697,0.8302268024930303,0.0,0.0,True,False,False
2021-08-31,2021-09-01,2021-08-31,Extended Sentiment Momentum,extended,1.0,momentum,PLD,RealEstate,0.0,,1.0,0.0,0.0,False,False,False
2021-08-31,2021-09-01,2021-08-31,Extended Sentiment Momentum,extended,1.0,momentum,PSA,RealEstate,0.1167933989955748,,1.0,0.1167933989955748,0.19317818849302928,False,False,False
2021-08-31,2021-09-01,2021-08-31,Extended Sentiment Momentum,extended,1.0,momentum,QCOM,Tech,0.0,,1.0,0.0,0.0,False,False,False
2021-08-31,2021-09-01,2021-08-31,Extended Sentiment Momentum,extended,1.0,momentum,SBUX,Consumer,0.0039457607964735,-0.31569893064475296,0.684301069355247,0.0027000883324468277,0.004465990178546009,True,False,False
2021-08-31,2021-09-01,2021-08-31,Extended Sentiment Momentum,extended,1.0,momentum,SHW,Materials,0.0,,1.0,0.0,0.0,False,False,False
2021-08-31,2021-09-01,2021-08-31,Extended Sentiment Momentum,extended,1.0,momentum,SLB,Energy,0.0,-0.4501608902563891,0.5498391097436108,0.0,0.0,True,False,False
2021-08-31,2021-09-01,2021-08-31,Extended Sentiment Momentum,extended,1.0,momentum,SO,Utilities,0.0,-0.2674084110089048,0.7325915889910952,0.0,0.0,True,False,False
2021-08-31,2021-09-01,2021-08-31,Extended Sentiment Momentum,extended,1.0,momentum,T,Comm,0.1632762401766339,-0.5593783556976198,0.44062164430238016,0.07194304542213877,0.1189949715381352,True,False,False
2021-08-31,2021-09-01,2021-08-31,Extended Sentiment Momentum,extended,1.0,momentum,TMUS,Comm,0.0,,1.0,0.0,0.0,False,False,False
2021-08-31,2021-09-01,2021-08-31,Extended Sentiment Momentum,extended,1.0,momentum,TTWO,Comm,0.056750064193054,,1.0,0.056750064193054,0.09386553257254437,False,False,False
2021-08-31,2021-09-01,2021-08-31,Extended Sentiment Momentum,extended,1.0,momentum,UPS,Industrials,0.0,,1.0,0.0,0.0,False,False,False
2021-08-31,2021-09-01,2021-08-31,Extended Sentiment Momentum,extended,1.0,momentum,USB,Financials,0.0,-0.2540362186949748,0.7459637813050253,0.0,0.0,True,False,False
2021-08-31,2021-09-01,2021-08-31,Extended Sentiment Momentum,extended,1.0,momentum,V,Financials,0.0,-0.4597038576418103,0.5402961423581897,0.0,0.0,True,False,False
2021-08-31,2021-09-01,2021-08-31,Extended Sentiment Momentum,extended,1.0,momentum,WFC,Financials,0.0,0.060882136413067035,1.060882136413067,0.0,0.0,True,False,False
2021-08-31,2021-09-01,2021-08-31,Extended Sentiment Momentum,extended,1.0,momentum,WMT,Consumer,0.1232710447180178,-1.1558768794955505,-0.1558768794955505,-0.019215105782801077,0.0,True,True,False
2021-08-31,2021-09-01,2021-08-31,Extended Sentiment Momentum,extended,1.0,momentum,XOM,Energy,0.0,-0.25983140212389944,0.7401685978761006,0.0,0.0,True,False,False
2021-09-30,2021-10-01,2021-09-30,Extended Sentiment Momentum,extended,1.0,momentum,ABBV,Healthcare,0.0,-0.5740707212920548,0.42592927870794517,0.0,0.0,True,False,False
2021-09-30,2021-10-01,2021-09-30,Extended Sentiment Momentum,extended,1.0,momentum,ABT,Healthcare,0.033425394216203,-0.5045670813128876,0.49543291868711237,0.016560040614800774,0.015505033857012067,True,False,False
2021-09-30,2021-10-01,2021-09-30,Extended Sentiment Momentum,extended,1.0,momentum,ADBE,Tech,0.0,0.46840194020170167,1.4684019402017017,0.0,0.0,True,False,False
2021-09-30,2021-10-01,2021-09-30,Extended Sentiment Momentum,extended,1.0,momentum,AEP,Utilities,0.0542110323973484,,1.0,0.0542110323973484,0.0507573569592104,False,False,False
2021-09-30,2021-10-01,2021-09-30,Extended Sentiment Momentum,extended,1.0,momentum,AMD,Tech,0.019672530720967,-0.009204919769762955,0.990795080230237,0.019491446654012298,0.018249685935099444,True,False,False
2021-09-30,2021-10-01,2021-09-30,Extended Sentiment Momentum,extended,1.0,momentum,AMGN,Healthcare,0.0,,1.0,0.0,0.0,False,False,False
2021-09-30,2021-10-01,2021-09-30,Extended Sentiment Momentum,extended,1.0,momentum,AMT,RealEstate,0.0,-0.34864445953591217,0.6513555404640878,0.0,0.0,True,False,False
2021-09-30,2021-10-01,2021-09-30,Extended Sentiment Momentum,extended,1.0,momentum,BA,Industrials,0.0,,1.0,0.0,0.0,False,False,False
2021-09-30,2021-10-01,2021-09-30,Extended Sentiment Momentum,extended,1.0,momentum,CAT,Industrials,0.0,-0.2535549593570153,0.7464450406429848,0.0,0.0,True,False,False
2021-09-30,2021-10-01,2021-09-30,Extended Sentiment Momentum,extended,1.0,momentum,CCI,RealEstate,0.0910151319725666,,1.0,0.0910151319725666,0.08521674164698562,False,False,False
2021-09-30,2021-10-01,2021-09-30,Extended Sentiment Momentum,extended,1.0,momentum,CMCSA,Comm,0.0,-0.9499938372441619,0.050006162755838135,0.0,0.0,True,False,False
2021-09-30,2021-10-01,2021-09-30,Extended Sentiment Momentum,extended,1.0,momentum,COP,Energy,0.0,-0.1888483086747057,0.8111516913252943,0.0,0.0,True,False,False
2021-09-30,2021-10-01,2021-09-30,Extended Sentiment Momentum,extended,1.0,momentum,CVX,Energy,0.0,-0.28670505909585237,0.7132949409041476,0.0,0.0,True,False,False
2021-09-30,2021-10-01,2021-09-30,Extended Sentiment Momentum,extended,1.0,momentum,D,Utilities,0.0,-0.3419575546727093,0.6580424453272907,0.0,0.0,True,False,False
2021-09-30,2021-10-01,2021-09-30,Extended Sentiment Momentum,extended,1.0,momentum,DD,Materials,0.0008496734161272,-0.026672215539114648,0.9733277844608853,0.0008270107436343994,0.0007743235586453515,True,False,False
2021-09-30,2021-10-01,2021-09-30,Extended Sentiment Momentum,extended,1.0,momentum,DIS,Consumer,0.0075360199163675,-0.6874979280232386,0.3125020719767614,0.0023550218383229836,0.002204988151089746,True,False,False
2021-09-30,2021-10-01,2021-09-30,Extended Sentiment Momentum,extended,1.0,momentum,DOW,Materials,0.0,,1.0,0.0,0.0,False,False,False
2021-09-30,2021-10-01,2021-09-30,Extended Sentiment Momentum,extended,1.0,momentum,DUK,Utilities,0.0435444554067294,-0.473179059367394,0.526820940632606,0.02294013095670775,0.02147866152273464,True,False,False
2021-09-30,2021-10-01,2021-09-30,Extended Sentiment Momentum,extended,1.0,momentum,EA,Comm,0.0454980741942913,-1.0920856077421894,-0.09208560774218943,-0.00418971781328054,0.0,True,True,False
2021-09-30,2021-10-01,2021-09-30,Extended Sentiment Momentum,extended,1.0,momentum,GE,Industrials,0.0,-0.8065661934395477,0.19343380656045228,0.0,0.0,True,False,False
2021-09-30,2021-10-01,2021-09-30,Extended Sentiment Momentum,extended,1.0,momentum,GILD,Healthcare,0.0062428576135706,-0.2915398812046624,0.7084601187953377,0.004422815646532605,0.004141046990036972,True,False,False
2021-09-30,2021-10-01,2021-09-30,Extended Sentiment Momentum,extended,1.0,momentum,GS,Financials,0.0441504020741525,0.1188943484572064,1.1188943484572065,0.04939963536288256,0.04625248431703556,True,False,False
2021-09-30,2021-10-01,2021-09-30,Extended Sentiment Momentum,extended,1.0,momentum,INTC,Tech,0.0020573316895507,-1.1388784616888266,-0.13887846168882656,-0.00028571906022847567,0.0,True,True,False
2021-09-30,2021-10-01,2021-09-30,Extended Sentiment Momentum,extended,1.0,momentum,KO,Consumer,0.0,-0.3566619723783325,0.6433380276216675,0.0,0.0,True,False,False
2021-09-30,2021-10-01,2021-09-30,Extended Sentiment Momentum,extended,1.0,momentum,MMM,Industrials,0.0828614343878076,-0.25341414773638765,0.7465858522636124,0.06186317461220674,0.05792199664095174,True,False,False
2021-09-30,2021-10-01,2021-09-30,Extended Sentiment Momentum,extended,1.0,momentum,MRK,Healthcare,0.1459564852602756,-0.43423967550118403,0.565760324498816,0.08257638846356018,0.0773156134516331,True,False,False
2021-09-30,2021-10-01,2021-09-30,Extended Sentiment Momentum,extended,1.0,momentum,MS,Financials,0.0,0.4419015580384618,1.4419015580384618,0.0,0.0,True,False,False
2021-09-30,2021-10-01,2021-09-30,Extended Sentiment Momentum,extended,1.0,momentum,NEE,Utilities,0.0,0.28215397218965776,1.2821539721896578,0.0,0.0,True,False,False
2021-09-30,2021-10-01,2021-09-30,Extended Sentiment Momentum,extended,1.0,momentum,NEM,Materials,0.0,,1.0,0.0,0.0,False,False,False
2021-09-30,2021-10-01,2021-09-30,Extended Sentiment Momentum,extended,1.0,momentum,NKE,Consumer,0.0,-0.8897000103072166,0.11029998969278343,0.0,0.0,True,False,False
2021-09-30,2021-10-01,2021-09-30,Extended Sentiment Momentum,extended,1.0,momentum,NUE,Materials,0.0,-1.4496847518005376,-0.4496847518005376,-0.0,-0.0,True,False,False
2021-09-30,2021-10-01,2021-09-30,Extended Sentiment Momentum,extended,1.0,momentum,NVDA,Tech,0.0,,1.0,0.0,0.0,False,False,False
2021-09-30,2021-10-01,2021-09-30,Extended Sentiment Momentum,extended,1.0,momentum,O,RealEstate,0.0,-0.6069777297079283,0.3930222702920717,0.0,0.0,True,False,False
2021-09-30,2021-10-01,2021-09-30,Extended Sentiment Momentum,extended,1.0,momentum,OXY,Energy,0.0025336662875486,-0.12382390012670534,0.8761760998732947,0.002219937846204782,0.002078510087415126,True,False,False
2021-09-30,2021-10-01,2021-09-30,Extended Sentiment Momentum,extended,1.0,momentum,PLD,RealEstate,0.0,,1.0,0.0,0.0,False,False,False
2021-09-30,2021-10-01,2021-09-30,Extended Sentiment Momentum,extended,1.0,momentum,PSA,RealEstate,0.0944486900928313,,1.0,0.0944486900928313,0.08843155471073748,False,False,False
2021-09-30,2021-10-01,2021-09-30,Extended Sentiment Momentum,extended,1.0,momentum,QCOM,Tech,0.0,-0.07469500939728518,0.9253049906027149,0.0,0.0,True,False,False
2021-09-30,2021-10-01,2021-09-30,Extended Sentiment Momentum,extended,1.0,momentum,SBUX,Consumer,0.0203326182579434,-0.3302272860714005,0.6697727139285995,0.013618232911896944,0.012750642784228366,True,False,False
2021-09-30,2021-10-01,2021-09-30,Extended Sentiment Momentum,extended,1.0,momentum,SHW,Materials,0.0,-0.053658897731282594,0.9463411022687174,0.0,0.0,True,False,False
2021-09-30,2021-10-01,2021-09-30,Extended Sentiment Momentum,extended,1.0,momentum,SLB,Energy,0.0019817726502436,-0.035824705519402596,0.9641752944805974,0.0019107762286422168,0.001789044532402424,True,False,False
2021-09-30,2021-10-01,2021-09-30,Extended Sentiment Momentum,extended,1.0,momentum,SO,Utilities,0.0,,1.0,0.0,0.0,False,False,False
2021-09-30,2021-10-01,2021-09-30,Extended Sentiment Momentum,extended,1.0,momentum,T,Comm,0.1346715392332834,0.9266751040589993,1.9266751040589993,0.2594683018660719,0.2429381001432569,True,False,False
2021-09-30,2021-10-01,2021-09-30,Extended Sentiment Momentum,extended,1.0,momentum,TMUS,Comm,0.0,-0.6063104608437717,0.3936895391562283,0.0,0.0,True,False,False
2021-09-30,2021-10-01,2021-09-30,Extended Sentiment Momentum,extended,1.0,momentum,TTWO,Comm,0.0405884623005616,-0.30133082973299613,0.6986691702670038,0.028357907277946938,0.02655128225142133,True,False,False
2021-09-30,2021-10-01,2021-09-30,Extended Sentiment Momentum,extended,1.0,momentum,UPS,Industrials,0.0,0.6408859512128439,1.640885951212844,0.0,0.0,True,False,False
2021-09-30,2021-10-01,2021-09-30,Extended Sentiment Momentum,extended,1.0,momentum,USB,Financials,0.0,-0.2562855302186464,0.7437144697813536,0.0,0.0,True,False,False
2021-09-30,2021-10-01,2021-09-30,Extended Sentiment Momentum,extended,1.0,momentum,V,Financials,0.0,-0.45846539402276665,0.5415346059772334,0.0,0.0,True,False,False
2021-09-30,2021-10-01,2021-09-30,Extended Sentiment Momentum,extended,1.0,momentum,WFC,Financials,0.0,0.019719610883404765,1.0197196108834048,0.0,0.0,True,False,False
2021-09-30,2021-10-01,2021-09-30,Extended Sentiment Momentum,extended,1.0,momentum,WMT,Consumer,0.1284224279116296,1.0429233659588597,2.0429233659588597,0.2623571786938354,0.24564293246010382,True,False,False
2021-09-30,2021-10-01,2021-09-30,Extended Sentiment Momentum,extended,1.0,momentum,XOM,Energy,0.0,1.6521359081020721,2.652135908102072,0.0,0.0,True,False,False
2021-10-29,2021-11-01,2021-10-29,Extended Sentiment Momentum,extended,1.0,momentum,ABBV,Healthcare,0.0159367332953659,0.5220749817300209,1.5220749817300208,0.024256903039380266,0.024054288093223075,True,False,False
2021-10-29,2021-11-01,2021-10-29,Extended Sentiment Momentum,extended,1.0,momentum,ABT,Healthcare,0.0557590411367918,-1.5931790919390105,-0.5931790919390105,-0.033075097388912095,0.0,True,True,False
2021-10-29,2021-11-01,2021-10-29,Extended Sentiment Momentum,extended,1.0,momentum,ADBE,Tech,0.0,-2.83472205970236,-1.8347220597023601,-0.0,-0.0,True,False,False
2021-10-29,2021-11-01,2021-10-29,Extended Sentiment Momentum,extended,1.0,momentum,AEP,Utilities,0.047988446267618,,1.0,0.047988446267618,0.04758760464159116,False,False,False
2021-10-29,2021-11-01,2021-10-29,Extended Sentiment Momentum,extended,1.0,momentum,AMD,Tech,0.0352516442538997,0.6242887743843156,1.6242887743843157,0.05725885004019865,0.05678057386458452,True,False,False
2021-10-29,2021-11-01,2021-10-29,Extended Sentiment Momentum,extended,1.0,momentum,AMGN,Healthcare,0.0,,1.0,0.0,0.0,False,False,False
2021-10-29,2021-11-01,2021-10-29,Extended Sentiment Momentum,extended,1.0,momentum,AMT,RealEstate,0.0,,1.0,0.0,0.0,False,False,False
2021-10-29,2021-11-01,2021-10-29,Extended Sentiment Momentum,extended,1.0,momentum,BA,Industrials,0.0,,1.0,0.0,0.0,False,False,False
2021-10-29,2021-11-01,2021-10-29,Extended Sentiment Momentum,extended,1.0,momentum,CAT,Industrials,0.0,0.9435639146816743,1.9435639146816743,0.0,0.0,True,False,False
2021-10-29,2021-11-01,2021-10-29,Extended Sentiment Momentum,extended,1.0,momentum,CCI,RealEstate,0.0553923039672434,-0.5492279859706756,0.45077201402932443,0.024969300421038846,0.024760734906629275,True,False,False
2021-10-29,2021-11-01,2021-10-29,Extended Sentiment Momentum,extended,1.0,momentum,CMCSA,Comm,0.0,-0.18363661823570915,0.8163633817642908,0.0,0.0,True,False,False
2021-10-29,2021-11-01,2021-10-29,Extended Sentiment Momentum,extended,1.0,momentum,COP,Energy,0.0004929559006653,2.4999549377741643,3.4999549377741643,0.0017253234386384274,0.00171091202284244,True,False,False
2021-10-29,2021-11-01,2021-10-29,Extended Sentiment Momentum,extended,1.0,momentum,CVX,Energy,0.0,0.8554498134684277,1.8554498134684279,0.0,0.0,True,False,False
2021-10-29,2021-11-01,2021-10-29,Extended Sentiment Momentum,extended,1.0,momentum,D,Utilities,0.0,,1.0,0.0,0.0,False,False,False
2021-10-29,2021-11-01,2021-10-29,Extended Sentiment Momentum,extended,1.0,momentum,DD,Materials,0.0,,1.0,0.0,0.0,False,False,False
2021-10-29,2021-11-01,2021-10-29,Extended Sentiment Momentum,extended,1.0,momentum,DIS,Consumer,0.0,-2.953378984169767,-1.9533789841697669,-0.0,-0.0,True,False,False
2021-10-29,2021-11-01,2021-10-29,Extended Sentiment Momentum,extended,1.0,momentum,DOW,Materials,0.0,,1.0,0.0,0.0,False,False,False
2021-10-29,2021-11-01,2021-10-29,Extended Sentiment Momentum,extended,1.0,momentum,DUK,Utilities,0.0532034114297078,,1.0,0.0532034114297078,0.05275900983710926,False,False,False
2021-10-29,2021-11-01,2021-10-29,Extended Sentiment Momentum,extended,1.0,momentum,EA,Comm,0.0526690453746588,0.28618950643134267,1.2861895064313427,0.06774237347464239,0.06717652970918553,True,False,False
2021-10-29,2021-11-01,2021-10-29,Extended Sentiment Momentum,extended,1.0,momentum,GE,Industrials,0.0,0.7951432056779707,1.7951432056779706,0.0,0.0,True,False,False
2021-10-29,2021-11-01,2021-10-29,Extended Sentiment Momentum,extended,1.0,momentum,GILD,Healthcare,0.0449847905517366,0.30604603006523795,1.306046030065238,0.05875220711341181,0.058261457108698754,True,False,False
2021-10-29,2021-11-01,2021-10-29,Extended Sentiment Momentum,extended,1.0,momentum,GS,Financials,0.0629529589257063,1.0979726183871215,2.0979726183871215,0.13207358407258096,0.13097038956822857,True,False,False
2021-10-29,2021-11-01,2021-10-29,Extended Sentiment Momentum,extended,1.0,momentum,INTC,Tech,7.130629310274483e-05,0.2879595373393288,1.2879595373393289,9.183962027399382e-05,9.107249515143788e-05,True,False,False
2021-10-29,2021-11-01,2021-10-29,Extended Sentiment Momentum,extended,1.0,momentum,KO,Consumer,0.0652291196592165,,1.0,0.0652291196592165,0.0646842687956839,False,False,False
2021-10-29,2021-11-01,2021-10-29,Extended Sentiment Momentum,extended,1.0,momentum,MMM,Industrials,0.0631881698962787,,1.0,0.0631881698962787,0.06266036683664983,False,False,False
2021-10-29,2021-11-01,2021-10-29,Extended Sentiment Momentum,extended,1.0,momentum,MRK,Healthcare,0.0729788230855259,0.8767636529760175,1.8767636529760177,0.1369640026038821,0.13581995903129554,True,False,False
2021-10-29,2021-11-01,2021-10-29,Extended Sentiment Momentum,extended,1.0,momentum,MS,Financials,0.0,-0.4797880458522233,0.5202119541477768,0.0,0.0,True,False,False
2021-10-29,2021-11-01,2021-10-29,Extended Sentiment Momentum,extended,1.0,momentum,NEE,Utilities,0.0,-0.2751942354353777,0.7248057645646223,0.0,0.0,True,False,False
2021-10-29,2021-11-01,2021-10-29,Extended Sentiment Momentum,extended,1.0,momentum,NEM,Materials,0.0012070375064333,-0.10821573243552633,0.8917842675644737,0.0010764170585974692,0.001067425878477883,True,False,False
2021-10-29,2021-11-01,2021-10-29,Extended Sentiment Momentum,extended,1.0,momentum,NKE,Consumer,0.0,0.7224417566302984,1.7224417566302983,0.0,0.0,True,False,False
2021-10-29,2021-11-01,2021-10-29,Extended Sentiment Momentum,extended,1.0,momentum,NUE,Materials,0.0,,1.0,0.0,0.0,False,False,False
2021-10-29,2021-11-01,2021-10-29,Extended Sentiment Momentum,extended,1.0,momentum,NVDA,Tech,0.0,,1.0,0.0,0.0,False,False,False
2021-10-29,2021-11-01,2021-10-29,Extended Sentiment Momentum,extended,1.0,momentum,O,RealEstate,0.0,0.09665936515321209,1.0966593651532122,0.0,0.0,True,False,False
2021-10-29,2021-11-01,2021-10-29,Extended Sentiment Momentum,extended,1.0,momentum,OXY,Energy,0.0043456929045424,2.2805364861042703,3.2805364861042703,0.014256204130755786,0.014137123800192995,True,False,False
2021-10-29,2021-11-01,2021-10-29,Extended Sentiment Momentum,extended,1.0,momentum,PLD,RealEstate,0.0,,1.0,0.0,0.0,False,False,False
2021-10-29,2021-11-01,2021-10-29,Extended Sentiment Momentum,extended,1.0,momentum,PSA,RealEstate,0.1025345362618677,,1.0,0.1025345362618677,0.10167807781330883,False,False,False
2021-10-29,2021-11-01,2021-10-29,Extended Sentiment Momentum,extended,1.0,momentum,QCOM,Tech,0.0,,1.0,0.0,0.0,False,False,False
2021-10-29,2021-11-01,2021-10-29,Extended Sentiment Momentum,extended,1.0,momentum,SBUX,Consumer,0.0129599856959429,0.34394961603417407,1.3439496160341742,0.017417567799870852,0.01727208098499466,True,False,False
2021-10-29,2021-11-01,2021-10-29,Extended Sentiment Momentum,extended,1.0,momentum,SHW,Materials,0.0,,1.0,0.0,0.0,False,False,False
2021-10-29,2021-11-01,2021-10-29,Extended Sentiment Momentum,extended,1.0,momentum,SLB,Energy,0.0,-0.3444034379871939,0.6555965620128061,0.0,0.0,True,False,False
2021-10-29,2021-11-01,2021-10-29,Extended Sentiment Momentum,extended,1.0,momentum,SO,Utilities,0.0,,1.0,0.0,0.0,False,False,False
2021-10-29,2021-11-01,2021-10-29,Extended Sentiment Momentum,extended,1.0,momentum,T,Comm,0.1105291817066741,-0.5211175155476205,0.47888248445237946,0.05293048914018059,0.05248836723410707,True,False,False
2021-10-29,2021-11-01,2021-10-29,Extended Sentiment Momentum,extended,1.0,momentum,TMUS,Comm,0.0008574545350995,,1.0,0.0008574545350995,0.0008502923221748173,False,False,False
2021-10-29,2021-11-01,2021-10-29,Extended Sentiment Momentum,extended,1.0,momentum,TTWO,Comm,0.0269457869058212,0.018928665365927737,1.0189286653659277,0.027455834689183084,0.02722649945796176,True,False,False
2021-10-29,2021-11-01,2021-10-29,Extended Sentiment Momentum,extended,1.0,momentum,UPS,Industrials,0.0076203147750571,-0.09876874486385417,0.9012312551361459,0.006867665849257227,0.006810301075855867,True,False,False
2021-10-29,2021-11-01,2021-10-29,Extended Sentiment Momentum,extended,1.0,momentum,USB,Financials,0.0,,1.0,0.0,0.0,False,False,False
2021-10-29,2021-11-01,2021-10-29,Extended Sentiment Momentum,extended,1.0,momentum,V,Financials,0.0,0.4770619456450451,1.4770619456450451,0.0,0.0,True,False,False
2021-10-29,2021-11-01,2021-10-29,Extended Sentiment Momentum,extended,1.0,momentum,WFC,Financials,0.0,1.8873477399821401,2.88734773998214,0.0,0.0,True,False,False
2021-10-29,2021-11-01,2021-10-29,Extended Sentiment Momentum,extended,1.0,momentum,WMT,Consumer,0.1069012596710434,-0.5174655972469467,0.48253440275305326,0.051583535488915984,0.051152664522052804,True,False,False
2021-10-29,2021-11-01,2021-10-29,Extended Sentiment Momentum,extended,1.0,momentum,XOM,Energy,0.0,0.48780601300395704,1.487806013003957,0.0,0.0,True,False,False
2021-11-30,2021-12-01,2021-11-30,Extended Sentiment Momentum,extended,1.0,momentum,ABBV,Healthcare,0.0311919914485535,,1.0,0.0311919914485535,0.03682795431404327,False,False,False
2021-11-30,2021-12-01,2021-11-30,Extended Sentiment Momentum,extended,1.0,momentum,ABT,Healthcare,0.0781962047670666,0.5305796013444303,1.5305796013444302,0.11968551591902422,0.14131103875135645,True,False,False
2021-11-30,2021-12-01,2021-11-30,Extended Sentiment Momentum,extended,1.0,momentum,ADBE,Tech,0.0,-3.7550848611165146,-2.7550848611165146,-0.0,-0.0,True,False,False
2021-11-30,2021-12-01,2021-11-30,Extended Sentiment Momentum,extended,1.0,momentum,AEP,Utilities,0.0564457337643357,,1.0,0.0564457337643357,0.06664469973724638,False,False,False
2021-11-30,2021-12-01,2021-11-30,Extended Sentiment Momentum,extended,1.0,momentum,AMD,Tech,0.025591075105492,-0.02795092494779623,0.9720490750522037,0.024875780885884973,0.029370491573214606,True,False,False
2021-11-30,2021-12-01,2021-11-30,Extended Sentiment Momentum,extended,1.0,momentum,AMGN,Healthcare,0.0,-0.2089670974022859,0.7910329025977141,0.0,0.0,True,False,False
2021-11-30,2021-12-01,2021-11-30,Extended Sentiment Momentum,extended,1.0,momentum,AMT,RealEstate,0.0,-0.4512378394312352,0.5487621605687648,0.0,0.0,True,False,False
2021-11-30,2021-12-01,2021-11-30,Extended Sentiment Momentum,extended,1.0,momentum,BA,Industrials,0.0,,1.0,0.0,0.0,False,False,False
2021-11-30,2021-12-01,2021-11-30,Extended Sentiment Momentum,extended,1.0,momentum,CAT,Industrials,0.0,,1.0,0.0,0.0,False,False,False
2021-11-30,2021-12-01,2021-11-30,Extended Sentiment Momentum,extended,1.0,momentum,CCI,RealEstate,0.0004490117140403,-0.6778470594338638,0.3221529405661362,0.00014465044402672372,0.0001707867852204511,True,False,False
2021-11-30,2021-12-01,2021-11-30,Extended Sentiment Momentum,extended,1.0,momentum,CMCSA,Comm,0.0,1.9568154209808206,2.9568154209808206,0.0,0.0,True,False,False
2021-11-30,2021-12-01,2021-11-30,Extended Sentiment Momentum,extended,1.0,momentum,COP,Energy,0.0119289067124564,,1.0,0.0119289067124564,0.014084295712488128,False,False,False
2021-11-30,2021-12-01,2021-11-30,Extended Sentiment Momentum,extended,1.0,momentum,CVX,Energy,0.0143728844133682,-1.0536563075533965,-0.053656307553396454,-0.0007711959065131023,0.0,True,True,False
2021-11-30,2021-12-01,2021-11-30,Extended Sentiment Momentum,extended,1.0,momentum,D,Utilities,0.0,-0.33035299639607296,0.669647003603927,0.0,0.0,True,False,False
2021-11-30,2021-12-01,2021-11-30,Extended Sentiment Momentum,extended,1.0,momentum,DD,Materials,0.0,,1.0,0.0,0.0,False,False,False
2021-11-30,2021-12-01,2021-11-30,Extended Sentiment Momentum,extended,1.0,momentum,DIS,Consumer,0.0049595197261634,1.1820807861209748,2.1820807861209746,0.010822072702849113,0.012777472055323499,True,False,False
2021-11-30,2021-12-01,2021-11-30,Extended Sentiment Momentum,extended,1.0,momentum,DOW,Materials,0.0,-0.09859392672272133,0.9014060732772786,0.0,0.0,True,False,False
2021-11-30,2021-12-01,2021-11-30,Extended Sentiment Momentum,extended,1.0,momentum,DUK,Utilities,0.065567119763145,,1.0,0.065567119763145,0.07741419444549402,False,False,False
2021-11-30,2021-12-01,2021-11-30,Extended Sentiment Momentum,extended,1.0,momentum,EA,Comm,0.0680995450540984,,1.0,0.0680995450540984,0.08040419407641804,False,False,False
2021-11-30,2021-12-01,2021-11-30,Extended Sentiment Momentum,extended,1.0,momentum,GE,Industrials,0.0,-0.2708624623526617,0.7291375376473384,0.0,0.0,True,False,False
2021-11-30,2021-12-01,2021-11-30,Extended Sentiment Momentum,extended,1.0,momentum,GILD,Healthcare,0.0393472756072492,,1.0,0.0393472756072492,0.046456785897619965,False,False,False
2021-11-30,2021-12-01,2021-11-30,Extended Sentiment Momentum,extended,1.0,momentum,GS,Financials,0.0515811814489076,0.12228386796462233,1.1222838679646223,0.057888727830665045,0.06834842293933378,True,False,False
2021-11-30,2021-12-01,2021-11-30,Extended Sentiment Momentum,extended,1.0,momentum,INTC,Tech,0.0065080526653956,0.5520410458261246,1.5520410458261247,0.010100764865092085,0.011925833834689495,True,False,False
2021-11-30,2021-12-01,2021-11-30,Extended Sentiment Momentum,extended,1.0,momentum,KO,Consumer,0.0328361888167695,-0.44428682040037204,0.555713179599628,0.018247502893300724,0.021544575119810623,True,False,False
2021-11-30,2021-12-01,2021-11-30,Extended Sentiment Momentum,extended,1.0,momentum,MMM,Industrials,0.0633040981488262,-0.24496546197008617,0.7550345380299138,0.047796780501199315,0.05643299984740644,True,False,False
2021-11-30,2021-12-01,2021-11-30,Extended Sentiment Momentum,extended,1.0,momentum,MRK,Healthcare,0.0331887012978593,0.3726624684170992,1.3726624684170992,0.04555688464707733,0.053788385689959146,True,False,False
2021-11-30,2021-12-01,2021-11-30,Extended Sentiment Momentum,extended,1.0,momentum,MS,Financials,0.0,-0.41364253433665216,0.5863574656633479,0.0,0.0,True,False,False
2021-11-30,2021-12-01,2021-11-30,Extended Sentiment Momentum,extended,1.0,momentum,NEE,Utilities,0.0,-0.322992015305417,0.677007984694583,0.0,0.0,True,False,False
2021-11-30,2021-12-01,2021-11-30,Extended Sentiment Momentum,extended,1.0,momentum,NEM,Materials,0.0144339967493738,,1.0,0.0144339967493738,0.017042020985795013,False,False,False
2021-11-30,2021-12-01,2021-11-30,Extended Sentiment Momentum,extended,1.0,momentum,NKE,Consumer,0.0007979193547045,0.6623428270388314,1.6623428270388314,0.0013264155158484788,0.0015660805145986038,True,False,False
2021-11-30,2021-12-01,2021-11-30,Extended Sentiment Momentum,extended,1.0,momentum,NUE,Materials,0.0,,1.0,0.0,0.0,False,False,False
2021-11-30,2021-12-01,2021-11-30,Extended Sentiment Momentum,extended,1.0,momentum,NVDA,Tech,0.0,-0.24126861365855962,0.7587313863414404,0.0,0.0,True,False,False
2021-11-30,2021-12-01,2021-11-30,Extended Sentiment Momentum,extended,1.0,momentum,O,RealEstate,0.0040974440594591,-0.7150178774942163,0.2849821225057837,0.001167698304913369,0.0013786852916032584,True,False,False
2021-11-30,2021-12-01,2021-11-30,Extended Sentiment Momentum,extended,1.0,momentum,OXY,Energy,0.0,-2.776362447199185,-1.776362447199185,-0.0,-0.0,True,False,False
2021-11-30,2021-12-01,2021-11-30,Extended Sentiment Momentum,extended,1.0,momentum,PLD,RealEstate,0.0,-0.20698433724295348,0.7930156627570465,0.0,0.0,True,False,False
2021-11-30,2021-12-01,2021-11-30,Extended Sentiment Momentum,extended,1.0,momentum,PSA,RealEstate,0.1270934868077994,,1.0,0.1270934868077994,0.15005752785903495,False,False,False
2021-11-30,2021-12-01,2021-11-30,Extended Sentiment Momentum,extended,1.0,momentum,QCOM,Tech,0.0,0.36684562185369723,1.3668456218536973,0.0,0.0,True,False,False
2021-11-30,2021-12-01,2021-11-30,Extended Sentiment Momentum,extended,1.0,momentum,SBUX,Consumer,0.0119212227210704,,1.0,0.0119212227210704,0.014075223329784387,False,False,False
2021-11-30,2021-12-01,2021-11-30,Extended Sentiment Momentum,extended,1.0,momentum,SHW,Materials,0.0273266329990524,-0.13772745436870426,0.8622725456312957,0.02356300539962508,0.02782051565352009,True,False,False
2021-11-30,2021-12-01,2021-11-30,Extended Sentiment Momentum,extended,1.0,momentum,SLB,Energy,0.0,1.1795808373593897,2.1795808373593895,0.0,0.0,True,False,False
2021-11-30,2021-12-01,2021-11-30,Extended Sentiment Momentum,extended,1.0,momentum,SO,Utilities,0.0085632755899585,,1.0,0.0085632755899585,0.010110541442206586,False,False,False
2021-11-30,2021-12-01,2021-11-30,Extended Sentiment Momentum,extended,1.0,momentum,T,Comm,0.0883032654229113,-0.6690976558639365,0.33090234413606345,0.029219757523310345,0.03449936490623778,True,False,False
2021-11-30,2021-12-01,2021-11-30,Extended Sentiment Momentum,extended,1.0,momentum,TMUS,Comm,0.0,-1.814489316714896,-0.8144893167148961,-0.0,-0.0,True,False,False
2021-11-30,2021-12-01,2021-11-30,Extended Sentiment Momentum,extended,1.0,momentum,TTWO,Comm,0.0215730761085101,,1.0,0.0215730761085101,0.025471033571164696,False,False,False
2021-11-30,2021-12-01,2021-11-30,Extended Sentiment Momentum,extended,1.0,momentum,UPS,Industrials,0.0004038970392566,,1.0,0.0004038970392566,0.0004768756664303717,False,False,False
2021-11-30,2021-12-01,2021-11-30,Extended Sentiment Momentum,extended,1.0,momentum,USB,Financials,0.0,,1.0,0.0,0.0,False,False,False
2021-11-30,2021-12-01,2021-11-30,Extended Sentiment Momentum,extended,1.0,momentum,V,Financials,0.0,-0.24853458494235225,0.7514654150576477,0.0,0.0,True,False,False
2021-11-30,2021-12-01,2021-11-30,Extended Sentiment Momentum,extended,1.0,momentum,WFC,Financials,0.0,0.2993023716959768,1.2993023716959768,0.0,0.0,True,False,False
2021-11-30,2021-12-01,2021-11-30,Extended Sentiment Momentum,extended,1.0,momentum,WMT,Consumer,0.1119182926941755,-1.4116110648073374,-0.41161106480733745,-0.04606680762726883,0.0,True,True,False
2021-11-30,2021-12-01,2021-11-30,Extended Sentiment Momentum,extended,1.0,momentum,XOM,Energy,0.0,-0.08772873472473032,0.9122712652752697,0.0,0.0,True,False,False
2021-12-31,2022-01-03,2021-12-31,Extended Sentiment Momentum,extended,1.0,momentum,ABBV,Healthcare,0.0217934685476679,-0.23132054269083527,0.7686794573091648,0.01675219157610571,0.017453253247774407,True,False,False
2021-12-31,2022-01-03,2021-12-31,Extended Sentiment Momentum,extended,1.0,momentum,ABT,Healthcare,0.0692230278734143,2.6301773120689464,3.6301773120689464,0.2512918652587849,0.26180816662357753,True,False,False
2021-12-31,2022-01-03,2021-12-31,Extended Sentiment Momentum,extended,1.0,momentum,ADBE,Tech,0.0112265034670803,-0.4880931633419886,0.5119068366580114,0.005746923876563274,0.00598742662162517,True,False,False
2021-12-31,2022-01-03,2021-12-31,Extended Sentiment Momentum,extended,1.0,momentum,AEP,Utilities,0.0557861080938168,-0.2784305203911193,0.7215694796088807,0.04025355298666016,0.04193812201867171,True,False,False
2021-12-31,2022-01-03,2021-12-31,Extended Sentiment Momentum,extended,1.0,momentum,AMD,Tech,0.0225380365559304,-0.5650920834515104,0.4349079165484896,0.009801970521633386,0.010212172721645537,True,False,False
2021-12-31,2022-01-03,2021-12-31,Extended Sentiment Momentum,extended,1.0,momentum,AMGN,Healthcare,0.0,-0.23374298296133933,0.7662570170386607,0.0,0.0,True,False,False
2021-12-31,2022-01-03,2021-12-31,Extended Sentiment Momentum,extended,1.0,momentum,AMT,RealEstate,0.0,,1.0,0.0,0.0,False,False,False
2021-12-31,2022-01-03,2021-12-31,Extended Sentiment Momentum,extended,1.0,momentum,BA,Industrials,0.0,-0.07499342843016613,0.9250065715698339,0.0,0.0,True,False,False
2021-12-31,2022-01-03,2021-12-31,Extended Sentiment Momentum,extended,1.0,momentum,CAT,Industrials,0.0,,1.0,0.0,0.0,False,False,False
2021-12-31,2022-01-03,2021-12-31,Extended Sentiment Momentum,extended,1.0,momentum,CCI,RealEstate,0.0,4.0685110436697345,5.0685110436697345,0.0,0.0,True,False,False
2021-12-31,2022-01-03,2021-12-31,Extended Sentiment Momentum,extended,1.0,momentum,CMCSA,Comm,0.0,-0.2006791702382453,0.7993208297617547,0.0,0.0,True,False,False
2021-12-31,2022-01-03,2021-12-31,Extended Sentiment Momentum,extended,1.0,momentum,COP,Energy,0.0,1.5930148630993044,2.593014863099304,0.0,0.0,True,False,False
2021-12-31,2022-01-03,2021-12-31,Extended Sentiment Momentum,extended,1.0,momentum,CVX,Energy,0.0180819958759964,-1.3390868126096593,-0.33908681260965934,-0.006131366347212624,0.0,True,True,False
2021-12-31,2022-01-03,2021-12-31,Extended Sentiment Momentum,extended,1.0,momentum,D,Utilities,0.0,-0.2502019189602619,0.7497980810397381,0.0,0.0,True,False,False
2021-12-31,2022-01-03,2021-12-31,Extended Sentiment Momentum,extended,1.0,momentum,DD,Materials,0.0,,1.0,0.0,0.0,False,False,False
2021-12-31,2022-01-03,2021-12-31,Extended Sentiment Momentum,extended,1.0,momentum,DIS,Consumer,0.0247836087660617,-0.5806616744586045,0.4193383255413955,0.010392717000833364,0.010827641322268185,True,False,False
2021-12-31,2022-01-03,2021-12-31,Extended Sentiment Momentum,extended,1.0,momentum,DOW,Materials,0.0,,1.0,0.0,0.0,False,False,False
2021-12-31,2022-01-03,2021-12-31,Extended Sentiment Momentum,extended,1.0,momentum,DUK,Utilities,0.0722160530357568,,1.0,0.0722160530357568,0.07523821921816695,False,False,False
2021-12-31,2022-01-03,2021-12-31,Extended Sentiment Momentum,extended,1.0,momentum,EA,Comm,0.0597715538411404,,1.0,0.0597715538411404,0.062272930766286955,False,False,False
2021-12-31,2022-01-03,2021-12-31,Extended Sentiment Momentum,extended,1.0,momentum,GE,Industrials,0.0,3.0113696322149726,4.011369632214972,0.0,0.0,True,False,False
2021-12-31,2022-01-03,2021-12-31,Extended Sentiment Momentum,extended,1.0,momentum,GILD,Healthcare,0.0695132888246081,-0.31003520908574805,0.6899647909142519,0.047961721789632726,0.04996886961272163,True,False,False
2021-12-31,2022-01-03,2021-12-31,Extended Sentiment Momentum,extended,1.0,momentum,GS,Financials,0.0446539727953807,-0.37793948042776115,0.6220605195722388,0.027777473518059138,0.028939931691417158,True,False,False
2021-12-31,2022-01-03,2021-12-31,Extended Sentiment Momentum,extended,1.0,momentum,INTC,Tech,0.0077571405407569,0.10285623893573663,1.1028562389357366,0.00855501084167508,0.008913029085112741,True,False,False
2021-12-31,2022-01-03,2021-12-31,Extended Sentiment Momentum,extended,1.0,momentum,KO,Consumer,0.0243479356344396,-0.45495967081943783,0.5450403291805621,0.013270606853062097,0.013825967850588877,True,False,False
2021-12-31,2022-01-03,2021-12-31,Extended Sentiment Momentum,extended,1.0,momentum,MMM,Industrials,0.0763027279145567,,1.0,0.0763027279145567,0.07949591716037213,False,False,False
2021-12-31,2022-01-03,2021-12-31,Extended Sentiment Momentum,extended,1.0,momentum,MRK,Healthcare,0.0484527153719486,,1.0,0.0484527153719486,0.05048041076220405,False,False,False
2021-12-31,2022-01-03,2021-12-31,Extended Sentiment Momentum,extended,1.0,momentum,MS,Financials,0.0,1.4531592528208708,2.4531592528208708,0.0,0.0,True,False,False
2021-12-31,2022-01-03,2021-12-31,Extended Sentiment Momentum,extended,1.0,momentum,NEE,Utilities,0.0,,1.0,0.0,0.0,False,False,False
2021-12-31,2022-01-03,2021-12-31,Extended Sentiment Momentum,extended,1.0,momentum,NEM,Materials,0.0140423458400766,,1.0,0.0140423458400766,0.014630003305911441,False,False,False
2021-12-31,2022-01-03,2021-12-31,Extended Sentiment Momentum,extended,1.0,momentum,NKE,Consumer,0.0091522539992574,0.3221219542538314,1.3221219542538314,0.012100395943325638,0.01260678483992713,True,False,False
2021-12-31,2022-01-03,2021-12-31,Extended Sentiment Momentum,extended,1.0,momentum,NUE,Materials,0.0,,1.0,0.0,0.0,False,False,False
2021-12-31,2022-01-03,2021-12-31,Extended Sentiment Momentum,extended,1.0,momentum,NVDA,Tech,0.0,0.3926843428962727,1.3926843428962727,0.0,0.0,True,False,False
2021-12-31,2022-01-03,2021-12-31,Extended Sentiment Momentum,extended,1.0,momentum,O,RealEstate,0.0063758227188533,,1.0,0.0063758227188533,0.006642644221773435,False,False,False
2021-12-31,2022-01-03,2021-12-31,Extended Sentiment Momentum,extended,1.0,momentum,OXY,Energy,0.0038461037199186,,1.0,0.0038461037199186,0.0040070591322924195,False,False,False
2021-12-31,2022-01-03,2021-12-31,Extended Sentiment Momentum,extended,1.0,momentum,PLD,RealEstate,0.0,,1.0,0.0,0.0,False,False,False
2021-12-31,2022-01-03,2021-12-31,Extended Sentiment Momentum,extended,1.0,momentum,PSA,RealEstate,0.1145158308220332,-0.7753290519880098,0.22467094801199017,0.025728380273166884,0.02680508604039088,True,False,False
2021-12-31,2022-01-03,2021-12-31,Extended Sentiment Momentum,extended,1.0,momentum,QCOM,Tech,0.0,1.9133148111124259,2.913314811112426,0.0,0.0,True,False,False
2021-12-31,2022-01-03,2021-12-31,Extended Sentiment Momentum,extended,1.0,momentum,SBUX,Consumer,0.0,-0.42790819036260913,0.5720918096373908,0.0,0.0,True,False,False
2021-12-31,2022-01-03,2021-12-31,Extended Sentiment Momentum,extended,1.0,momentum,SHW,Materials,0.0075112037454709,,1.0,0.0075112037454709,0.007825539755187672,False,False,False
2021-12-31,2022-01-03,2021-12-31,Extended Sentiment Momentum,extended,1.0,momentum,SLB,Energy,0.0,,1.0,0.0,0.0,False,False,False
2021-12-31,2022-01-03,2021-12-31,Extended Sentiment Momentum,extended,1.0,momentum,SO,Utilities,0.0080210256666577,,1.0,0.0080210256666577,0.00835669718980248,False,False,False
2021-12-31,2022-01-03,2021-12-31,Extended Sentiment Momentum,extended,1.0,momentum,T,Comm,0.0734324448923609,1.1515781656409163,2.1515781656409163,0.15799564508003355,0.16460759734627733,True,False,False
2021-12-31,2022-01-03,2021-12-31,Extended Sentiment Momentum,extended,1.0,momentum,TMUS,Comm,0.0,-0.44700275464466654,0.5529972453553335,0.0,0.0,True,False,False
2021-12-31,2022-01-03,2021-12-31,Extended Sentiment Momentum,extended,1.0,momentum,TTWO,Comm,0.0193739314385899,,1.0,0.0193739314385899,0.0201847101775643,False,False,False
2021-12-31,2022-01-03,2021-12-31,Extended Sentiment Momentum,extended,1.0,momentum,UPS,Industrials,0.0034023877746899,,1.0,0.0034023877746899,0.003544774139491951,False,False,False
2021-12-31,2022-01-03,2021-12-31,Extended Sentiment Momentum,extended,1.0,momentum,USB,Financials,0.0,-0.24814031860032618,0.7518596813996739,0.0,0.0,True,False,False
2021-12-31,2022-01-03,2021-12-31,Extended Sentiment Momentum,extended,1.0,momentum,V,Financials,0.0,0.18473861225586102,1.184738612255861,0.0,0.0,True,False,False
2021-12-31,2022-01-03,2021-12-31,Extended Sentiment Momentum,extended,1.0,momentum,WFC,Financials,0.0,-0.5326858713795127,0.46731412862048727,0.0,0.0,True,False,False
2021-12-31,2022-01-03,2021-12-31,Extended Sentiment Momentum,extended,1.0,momentum,WMT,Consumer,0.1138785122435349,-0.8868293252978565,0.11317067470214348,0.012887708064677152,0.013427045148947832,True,False,False
2021-12-31,2022-01-03,2021-12-31,Extended Sentiment Momentum,extended,1.0,momentum,XOM,Energy,0.0,0.8954022552723924,1.8954022552723924,0.0,0.0,True,False,False
2022-01-31,2022-02-01,2022-01-31,Extended Sentiment Momentum,extended,1.0,momentum,ABBV,Healthcare,0.0475046547633873,0.46378142384002213,1.4637814238400222,0.06953643118857974,0.06409986023576038,True,False,False
2022-01-31,2022-02-01,2022-01-31,Extended Sentiment Momentum,extended,1.0,momentum,ABT,Healthcare,0.0358372753500879,-0.4803891105404983,0.5196108894595017,0.01862143852046425,0.017165557480416076,True,False,False
2022-01-31,2022-02-01,2022-01-31,Extended Sentiment Momentum,extended,1.0,momentum,ADBE,Tech,0.0067106819425568,-0.5179765220296779,0.4820234779703221,0.003234706249503866,0.002981807017599595,True,False,False
2022-01-31,2022-02-01,2022-01-31,Extended Sentiment Momentum,extended,1.0,momentum,AEP,Utilities,0.0352205219571152,,1.0,0.0352205219571152,0.03246687378532584,False,False,False
2022-01-31,2022-02-01,2022-01-31,Extended Sentiment Momentum,extended,1.0,momentum,AMD,Tech,0.0086838789251392,0.30965270288135455,1.3096527028813545,0.011372865505802986,0.010483700082695618,True,False,False
2022-01-31,2022-02-01,2022-01-31,Extended Sentiment Momentum,extended,1.0,momentum,AMGN,Healthcare,0.0,-0.14506957953474983,0.8549304204652501,0.0,0.0,True,False,False
2022-01-31,2022-02-01,2022-01-31,Extended Sentiment Momentum,extended,1.0,momentum,AMT,RealEstate,0.0,0.6543476173556141,1.6543476173556142,0.0,0.0,True,False,False
2022-01-31,2022-02-01,2022-01-31,Extended Sentiment Momentum,extended,1.0,momentum,BA,Industrials,0.0,-0.22933662291908863,0.7706633770809114,0.0,0.0,True,False,False
2022-01-31,2022-02-01,2022-01-31,Extended Sentiment Momentum,extended,1.0,momentum,CAT,Industrials,0.0164324404039338,-0.21449871720712385,0.7855012827928761,0.012907703016707487,0.011898539300813828,True,False,False
2022-01-31,2022-02-01,2022-01-31,Extended Sentiment Momentum,extended,1.0,momentum,CCI,RealEstate,0.0,0.5776003044333898,1.57760030443339,0.0,0.0,True,False,False
2022-01-31,2022-02-01,2022-01-31,Extended Sentiment Momentum,extended,1.0,momentum,CMCSA,Comm,0.0,-0.1811388711501315,0.8188611288498685,0.0,0.0,True,False,False
2022-01-31,2022-02-01,2022-01-31,Extended Sentiment Momentum,extended,1.0,momentum,COP,Energy,0.0,0.9981503322060887,1.9981503322060887,0.0,0.0,True,False,False
2022-01-31,2022-02-01,2022-01-31,Extended Sentiment Momentum,extended,1.0,momentum,CVX,Energy,0.0763025010857808,0.17403035812131173,1.1740303581213118,0.08958145267529101,0.08257770061034703,True,False,False
2022-01-31,2022-02-01,2022-01-31,Extended Sentiment Momentum,extended,1.0,momentum,D,Utilities,0.0,-0.3804292048411606,0.6195707951588394,0.0,0.0,True,False,False
2022-01-31,2022-02-01,2022-01-31,Extended Sentiment Momentum,extended,1.0,momentum,DD,Materials,0.0,-1.9391758910961487,-0.9391758910961487,-0.0,-0.0,True,False,False
2022-01-31,2022-02-01,2022-01-31,Extended Sentiment Momentum,extended,1.0,momentum,DIS,Consumer,0.0146850367129432,0.27078106484447434,1.2707810648444744,0.018661466591354158,0.017202456034248845,True,False,False
2022-01-31,2022-02-01,2022-01-31,Extended Sentiment Momentum,extended,1.0,momentum,DOW,Materials,0.0,-0.18024963680100603,0.819750363198994,0.0,0.0,True,False,False
2022-01-31,2022-02-01,2022-01-31,Extended Sentiment Momentum,extended,1.0,momentum,DUK,Utilities,0.05556404980457,-0.12042820112801927,0.8795717988719807,0.04887257123921796,0.04505156408300997,True,False,False
2022-01-31,2022-02-01,2022-01-31,Extended Sentiment Momentum,extended,1.0,momentum,EA,Comm,0.0632771568362254,-0.04789589080687352,0.9521041091931265,0.060246441041828136,0.055536189943515515,True,False,False
2022-01-31,2022-02-01,2022-01-31,Extended Sentiment Momentum,extended,1.0,momentum,GE,Industrials,0.0,-0.2504997359723218,0.7495002640276782,0.0,0.0,True,False,False
2022-01-31,2022-02-01,2022-01-31,Extended Sentiment Momentum,extended,1.0,momentum,GILD,Healthcare,0.0683362615796874,0.10210341960729849,1.1021034196072985,0.07531362757015234,0.06942537772757786,True,False,False
2022-01-31,2022-02-01,2022-01-31,Extended Sentiment Momentum,extended,1.0,momentum,GS,Financials,0.0023730063121647,-0.42052270593848706,0.5794772940615129,0.0013751032765640901,0.0012675934949616823,True,False,False
2022-01-31,2022-02-01,2022-01-31,Extended Sentiment Momentum,extended,1.0,momentum,INTC,Tech,0.0137280704357672,1.1727216954137483,2.172721695413748,0.02982727647195946,0.02749528873405842,True,False,False
2022-01-31,2022-02-01,2022-01-31,Extended Sentiment Momentum,extended,1.0,momentum,KO,Consumer,0.0293165728989818,1.0679175020971212,2.067917502097121,0.060624254199310605,0.05588446451234089,True,False,False
2022-01-31,2022-02-01,2022-01-31,Extended Sentiment Momentum,extended,1.0,momentum,MMM,Industrials,0.0173504507702577,-0.3158101317836578,0.6841898682163422,0.01187100262599675,0.010942891318669035,True,False,False
2022-01-31,2022-02-01,2022-01-31,Extended Sentiment Momentum,extended,1.0,momentum,MRK,Healthcare,0.0628438753010418,-0.43098709432444593,0.5690129056755541,0.03575897608895798,0.0329632299256185,True,False,False
2022-01-31,2022-02-01,2022-01-31,Extended Sentiment Momentum,extended,1.0,momentum,MS,Financials,0.021323997109061,-0.46747676551453604,0.532523234485464,0.011355523912675847,0.0104677143083797,True,False,False
2022-01-31,2022-02-01,2022-01-31,Extended Sentiment Momentum,extended,1.0,momentum,NEE,Utilities,0.0,-0.06695821241795322,0.9330417875820468,0.0,0.0,True,False,False
2022-01-31,2022-02-01,2022-01-31,Extended Sentiment Momentum,extended,1.0,momentum,NEM,Materials,0.012808573079426,,1.0,0.012808573079426,0.011807159645339554,False,False,False
2022-01-31,2022-02-01,2022-01-31,Extended Sentiment Momentum,extended,1.0,momentum,NKE,Consumer,0.0173917696157133,-0.2796071368626722,0.7203928631373278,0.012528906708488488,0.011549358446984683,True,False,False
2022-01-31,2022-02-01,2022-01-31,Extended Sentiment Momentum,extended,1.0,momentum,NUE,Materials,0.0,-0.23862888527642526,0.7613711147235748,0.0,0.0,True,False,False
2022-01-31,2022-02-01,2022-01-31,Extended Sentiment Momentum,extended,1.0,momentum,NVDA,Tech,0.0,0.08653607412034181,1.0865360741203418,0.0,0.0,True,False,False
2022-01-31,2022-02-01,2022-01-31,Extended Sentiment Momentum,extended,1.0,momentum,O,RealEstate,0.0080700169762568,-0.45714189740035244,0.5428581025996475,0.004380874103677711,0.004038363961973396,True,False,False
2022-01-31,2022-02-01,2022-01-31,Extended Sentiment Momentum,extended,1.0,momentum,OXY,Energy,0.0,0.6717510355220415,1.6717510355220415,0.0,0.0,True,False,False
2022-01-31,2022-02-01,2022-01-31,Extended Sentiment Momentum,extended,1.0,momentum,PLD,RealEstate,0.0,-2.1136892846606465,-1.1136892846606465,-0.0,-0.0,True,False,False
2022-01-31,2022-02-01,2022-01-31,Extended Sentiment Momentum,extended,1.0,momentum,PSA,RealEstate,0.1047166216990264,-1.832824160274763,-0.832824160274763,-0.08721053253330169,0.0,True,True,False
2022-01-31,2022-02-01,2022-01-31,Extended Sentiment Momentum,extended,1.0,momentum,QCOM,Tech,0.0,0.8520572052444121,1.852057205244412,0.0,0.0,True,False,False
2022-01-31,2022-02-01,2022-01-31,Extended Sentiment Momentum,extended,1.0,momentum,SBUX,Consumer,0.0244740676232123,-0.025159821150660115,0.9748401788493399,0.02385830445898312,0.021992989216481417,True,False,False
2022-01-31,2022-02-01,2022-01-31,Extended Sentiment Momentum,extended,1.0,momentum,SHW,Materials,0.0113838259070828,,1.0,0.0113838259070828,0.010493803566267541,False,False,False
2022-01-31,2022-02-01,2022-01-31,Extended Sentiment Momentum,extended,1.0,momentum,SLB,Energy,0.0,-0.4171624659889112,0.5828375340110887,0.0,0.0,True,False,False
2022-01-31,2022-02-01,2022-01-31,Extended Sentiment Momentum,extended,1.0,momentum,SO,Utilities,0.1087508782702073,0.7887460507164401,1.78874605071644,0.19452770401777764,0.17931893291599896,True,False,False
2022-01-31,2022-02-01,2022-01-31,Extended Sentiment Momentum,extended,1.0,momentum,T,Comm,0.0090918080304907,-0.48496081816111875,0.5150391818388813,0.004682637369460101,0.004316534452323706,True,False,False
2022-01-31,2022-02-01,2022-01-31,Extended Sentiment Momentum,extended,1.0,momentum,TMUS,Comm,0.0,0.4896416331664737,1.4896416331664737,0.0,0.0,True,False,False
2022-01-31,2022-02-01,2022-01-31,Extended Sentiment Momentum,extended,1.0,momentum,TTWO,Comm,0.0313420280996543,-0.15576032569748477,0.8442396743025152,0.026460183594832425,0.024391445480450174,True,False,False
2022-01-31,2022-02-01,2022-01-31,Extended Sentiment Momentum,extended,1.0,momentum,UPS,Industrials,0.002394505662122,0.04142420874159485,1.0414242087415948,0.0024936961645026724,0.0022987313683323616,True,False,False
2022-01-31,2022-02-01,2022-01-31,Extended Sentiment Momentum,extended,1.0,momentum,USB,Financials,0.0,-0.3802406594351407,0.6197593405648594,0.0,0.0,True,False,False
2022-01-31,2022-02-01,2022-01-31,Extended Sentiment Momentum,extended,1.0,momentum,V,Financials,0.0,-0.025956270141886808,0.9740437298581132,0.0,0.0,True,False,False
2022-01-31,2022-02-01,2022-01-31,Extended Sentiment Momentum,extended,1.0,momentum,WFC,Financials,0.0,0.8679554736375759,1.8679554736375759,0.0,0.0,True,False,False
2022-01-31,2022-02-01,2022-01-31,Extended Sentiment Momentum,extended,1.0,momentum,WMT,Consumer,0.0940854728481054,1.0971145793379735,2.0971145793379735,0.19730801681366889,0.1818818723505093,True,False,False
2022-01-31,2022-02-01,2022-01-31,Extended Sentiment Momentum,extended,1.0,momentum,XOM,Energy,0.0,1.0123088069780686,2.0123088069780684,0.0,0.0,True,False,False
2022-02-28,2022-03-01,2022-02-28,Extended Sentiment Momentum,extended,1.0,momentum,ABBV,Healthcare,0.0345032180960608,-0.5948608006311682,0.4051391993688318,0.013978606155086263,0.013576241575230656,True,False,False
2022-02-28,2022-03-01,2022-02-28,Extended Sentiment Momentum,extended,1.0,momentum,ABT,Healthcare,0.012887117847273,-0.02025880534708618,0.9797411946529139,0.012626040235320136,0.012262608336734449,True,False,False
2022-02-28,2022-03-01,2022-02-28,Extended Sentiment Momentum,extended,1.0,momentum,ADBE,Tech,0.0101723166530344,-0.35585111254935153,0.6441488874506485,0.006552486454847813,0.006363877631467015,True,False,False
2022-02-28,2022-03-01,2022-02-28,Extended Sentiment Momentum,extended,1.0,momentum,AEP,Utilities,0.0415603801927616,,1.0,0.0415603801927616,0.04036409318607637,False,False,False
2022-02-28,2022-03-01,2022-02-28,Extended Sentiment Momentum,extended,1.0,momentum,AMD,Tech,0.0,-0.5271000787378065,0.4728999212621935,0.0,0.0,True,False,False
2022-02-28,2022-03-01,2022-02-28,Extended Sentiment Momentum,extended,1.0,momentum,AMGN,Healthcare,0.0,,1.0,0.0,0.0,False,False,False
2022-02-28,2022-03-01,2022-02-28,Extended Sentiment Momentum,extended,1.0,momentum,AMT,RealEstate,0.0,,1.0,0.0,0.0,False,False,False
2022-02-28,2022-03-01,2022-02-28,Extended Sentiment Momentum,extended,1.0,momentum,BA,Industrials,0.0,0.9852811368367985,1.9852811368367984,0.0,0.0,True,False,False
2022-02-28,2022-03-01,2022-02-28,Extended Sentiment Momentum,extended,1.0,momentum,CAT,Industrials,0.0131981193532598,,1.0,0.0131981193532598,0.012818220550078606,False,False,False
2022-02-28,2022-03-01,2022-02-28,Extended Sentiment Momentum,extended,1.0,momentum,CCI,RealEstate,0.0,,1.0,0.0,0.0,False,False,False
2022-02-28,2022-03-01,2022-02-28,Extended Sentiment Momentum,extended,1.0,momentum,CMCSA,Comm,0.0,-0.6339164831256574,0.3660835168743426,0.0,0.0,True,False,False
2022-02-28,2022-03-01,2022-02-28,Extended Sentiment Momentum,extended,1.0,momentum,COP,Energy,0.0,2.16267765198986,3.16267765198986,0.0,0.0,True,False,False
2022-02-28,2022-03-01,2022-02-28,Extended Sentiment Momentum,extended,1.0,momentum,CVX,Energy,0.0585322243410972,-0.3485578211591071,0.6514421788408928,0.0381303597571683,0.03703280353352052,True,False,False
2022-02-28,2022-03-01,2022-02-28,Extended Sentiment Momentum,extended,1.0,momentum,D,Utilities,0.0,-1.9398354903670019,-0.9398354903670019,-0.0,-0.0,True,False,False
2022-02-28,2022-03-01,2022-02-28,Extended Sentiment Momentum,extended,1.0,momentum,DD,Materials,0.0,,1.0,0.0,0.0,False,False,False
2022-02-28,2022-03-01,2022-02-28,Extended Sentiment Momentum,extended,1.0,momentum,DIS,Consumer,0.0678171294892451,-0.6876666996385571,0.3123333003614429,0.02118154787441526,0.02057185156302162,True,False,False
2022-02-28,2022-03-01,2022-02-28,Extended Sentiment Momentum,extended,1.0,momentum,DOW,Materials,0.0,-0.17775850941764026,0.8222414905823597,0.0,0.0,True,False,False
2022-02-28,2022-03-01,2022-02-28,Extended Sentiment Momentum,extended,1.0,momentum,DUK,Utilities,0.0037850044271799,,1.0,0.0037850044271799,0.003676055673692078,False,False,False
2022-02-28,2022-03-01,2022-02-28,Extended Sentiment Momentum,extended,1.0,momentum,EA,Comm,0.0682595091109604,1.5502636492452413,2.5502636492452413,0.1740797448010067,0.16906897887762867,True,False,False
2022-02-28,2022-03-01,2022-02-28,Extended Sentiment Momentum,extended,1.0,momentum,GE,Industrials,0.0,-0.5676249293874268,0.4323750706125732,0.0,0.0,True,False,False
2022-02-28,2022-03-01,2022-02-28,Extended Sentiment Momentum,extended,1.0,momentum,GILD,Healthcare,0.1410576210889674,,1.0,0.1410576210889674,0.13699737432221504,False,False,False
2022-02-28,2022-03-01,2022-02-28,Extended Sentiment Momentum,extended,1.0,momentum,GS,Financials,0.0011938543536069,-0.6565754752843326,0.3434245247156674,0.00040999886396718004,0.00039819732819092494,True,False,False
2022-02-28,2022-03-01,2022-02-28,Extended Sentiment Momentum,extended,1.0,momentum,INTC,Tech,8.433426530730637e-06,0.7293723473949467,1.7293723473949467,1.4584534636032463e-05,1.4164728820909652e-05,True,False,False
2022-02-28,2022-03-01,2022-02-28,Extended Sentiment Momentum,extended,1.0,momentum,KO,Consumer,0.0896030426554059,-0.11425962832364975,0.8857403716763502,0.07936503230493108,0.07708056434551434,True,False,False
2022-02-28,2022-03-01,2022-02-28,Extended Sentiment Momentum,extended,1.0,momentum,MMM,Industrials,0.0,-0.038648252219751454,0.9613517477802486,0.0,0.0,True,False,False
2022-02-28,2022-03-01,2022-02-28,Extended Sentiment Momentum,extended,1.0,momentum,MRK,Healthcare,0.047387985385904,1.0141345624380553,2.0141345624380556,0.09544577921005871,0.09269843799271764,True,False,False
2022-02-28,2022-03-01,2022-02-28,Extended Sentiment Momentum,extended,1.0,momentum,MS,Financials,0.0110293376663179,-0.8685235761959371,0.13147642380406288,0.0014500978732949262,0.0014083578017123584,True,False,False
2022-02-28,2022-03-01,2022-02-28,Extended Sentiment Momentum,extended,1.0,momentum,NEE,Utilities,0.0,-0.4186974913914031,0.5813025086085969,0.0,0.0,True,False,False
2022-02-28,2022-03-01,2022-02-28,Extended Sentiment Momentum,extended,1.0,momentum,NEM,Materials,0.0215760434708887,,1.0,0.0215760434708887,0.020954991874628397,False,False,False
2022-02-28,2022-03-01,2022-02-28,Extended Sentiment Momentum,extended,1.0,momentum,NKE,Consumer,0.0221084715965619,0.16684005014107842,1.1668400501410785,0.0257970501062749,0.025054499732341622,True,False,False
2022-02-28,2022-03-01,2022-02-28,Extended Sentiment Momentum,extended,1.0,momentum,NUE,Materials,0.0,-1.9300038186372164,-0.9300038186372164,-0.0,-0.0,True,False,False
2022-02-28,2022-03-01,2022-02-28,Extended Sentiment Momentum,extended,1.0,momentum,NVDA,Tech,0.0,-0.4266191652892746,0.5733808347107254,0.0,0.0,True,False,False
2022-02-28,2022-03-01,2022-02-28,Extended Sentiment Momentum,extended,1.0,momentum,O,RealEstate,0.0053457833962473,-0.6103300555166812,0.3896699444833188,0.002083091119235533,0.00202313077170924,True,False,False
2022-02-28,2022-03-01,2022-02-28,Extended Sentiment Momentum,extended,1.0,momentum,OXY,Energy,0.0041983831756479,0.3214410179076613,1.3214410179076612,0.00554791573719456,0.005388222792139494,True,False,False
2022-02-28,2022-03-01,2022-02-28,Extended Sentiment Momentum,extended,1.0,momentum,PLD,RealEstate,0.0,-0.0005306612009832368,0.9994693387990168,0.0,0.0,True,False,False
2022-02-28,2022-03-01,2022-02-28,Extended Sentiment Momentum,extended,1.0,momentum,PSA,RealEstate,0.0696750059756487,-0.7002263955882919,0.2997736044117081,0.02088672767872751,0.02028551756423038,True,False,False
2022-02-28,2022-03-01,2022-02-28,Extended Sentiment Momentum,extended,1.0,momentum,QCOM,Tech,0.0,-0.46281855853260323,0.5371814414673968,0.0,0.0,True,False,False
2022-02-28,2022-03-01,2022-02-28,Extended Sentiment Momentum,extended,1.0,momentum,SBUX,Consumer,0.0,0.22313483779099066,1.2231348377909907,0.0,0.0,True,False,False
2022-02-28,2022-03-01,2022-02-28,Extended Sentiment Momentum,extended,1.0,momentum,SHW,Materials,0.0,-0.25988545589257445,0.7401145441074255,0.0,0.0,True,False,False
2022-02-28,2022-03-01,2022-02-28,Extended Sentiment Momentum,extended,1.0,momentum,SLB,Energy,0.0,-0.41362674899501384,0.5863732510049862,0.0,0.0,True,False,False
2022-02-28,2022-03-01,2022-02-28,Extended Sentiment Momentum,extended,1.0,momentum,SO,Utilities,0.09242384668802,1.1180928795939042,2.1180928795939042,0.19576229157457384,0.19012740843049772,True,False,False
2022-02-28,2022-03-01,2022-02-28,Extended Sentiment Momentum,extended,1.0,momentum,T,Comm,0.0,-0.8786323647755409,0.12136763522445915,0.0,0.0,True,False,False
2022-02-28,2022-03-01,2022-02-28,Extended Sentiment Momentum,extended,1.0,momentum,TMUS,Comm,0.0,-0.5132403964757087,0.48675960352429126,0.0,0.0,True,False,False
2022-02-28,2022-03-01,2022-02-28,Extended Sentiment Momentum,extended,1.0,momentum,TTWO,Comm,0.0403854724570603,,1.0,0.0403854724570603,0.03922300436280452,False,False,False
2022-02-28,2022-03-01,2022-02-28,Extended Sentiment Momentum,extended,1.0,momentum,UPS,Industrials,0.0118631829869664,-0.9838990047742591,0.016100995225740933,0.00019100905263523708,0.00018551098821024934,True,False,False
2022-02-28,2022-03-01,2022-02-28,Extended Sentiment Momentum,extended,1.0,momentum,USB,Financials,0.0,,1.0,0.0,0.0,False,False,False
2022-02-28,2022-03-01,2022-02-28,Extended Sentiment Momentum,extended,1.0,momentum,V,Financials,0.0,0.28127709585569505,1.2812770958556952,0.0,0.0,True,False,False
2022-02-28,2022-03-01,2022-02-28,Extended Sentiment Momentum,extended,1.0,momentum,WFC,Financials,0.0,-0.3315684990839766,0.6684315009160233,0.0,0.0,True,False,False
2022-02-28,2022-03-01,2022-02-28,Extended Sentiment Momentum,extended,1.0,momentum,WMT,Consumer,0.1314285161653528,-0.43260105506452945,0.5673989449354706,0.07457240140665562,0.07242588603681706,True,False,False
2022-02-28,2022-03-01,2022-02-28,Extended Sentiment Momentum,extended,1.0,momentum,XOM,Energy,0.0,-0.4435908581171602,0.5564091418828399,0.0,0.0,True,False,False
2022-03-31,2022-04-01,2022-03-31,Extended Sentiment Momentum,extended,1.0,momentum,ABBV,Healthcare,0.0455119895922579,0.7889162632765362,1.788916263276536,0.0814171383556626,0.06841861950859145,True,False,False
2022-03-31,2022-04-01,2022-03-31,Extended Sentiment Momentum,extended,1.0,momentum,ABT,Healthcare,0.0,-0.4291303004428735,0.5708696995571265,0.0,0.0,True,False,False
2022-03-31,2022-04-01,2022-03-31,Extended Sentiment Momentum,extended,1.0,momentum,ADBE,Tech,0.0106202261323621,0.2837446210747555,1.2837446210747556,0.013633658172017402,0.011456998978601177,True,False,False
2022-03-31,2022-04-01,2022-03-31,Extended Sentiment Momentum,extended,1.0,momentum,AEP,Utilities,0.0119395258836568,-0.2993194911769568,0.7006805088230432,0.008365793071266541,0.0070301661860212895,True,False,False
2022-03-31,2022-04-01,2022-03-31,Extended Sentiment Momentum,extended,1.0,momentum,AMD,Tech,0.0028172180396562,-0.6379673218644953,0.36203267813550466,0.0010199249917883905,0.0008570905505870042,True,False,False
2022-03-31,2022-04-01,2022-03-31,Extended Sentiment Momentum,extended,1.0,momentum,AMGN,Healthcare,0.0,,1.0,0.0,0.0,False,False,False
2022-03-31,2022-04-01,2022-03-31,Extended Sentiment Momentum,extended,1.0,momentum,AMT,RealEstate,0.0,,1.0,0.0,0.0,False,False,False
2022-03-31,2022-04-01,2022-03-31,Extended Sentiment Momentum,extended,1.0,momentum,BA,Industrials,0.0,-0.17102101295655395,0.8289789870434461,0.0,0.0,True,False,False
2022-03-31,2022-04-01,2022-03-31,Extended Sentiment Momentum,extended,1.0,momentum,CAT,Industrials,0.0280384007437498,1.345422161108461,2.345422161108461,0.06576188646643073,0.05526278102110405,True,False,False
2022-03-31,2022-04-01,2022-03-31,Extended Sentiment Momentum,extended,1.0,momentum,CCI,RealEstate,0.0,1.550152326525746,2.5501523265257457,0.0,0.0,True,False,False
2022-03-31,2022-04-01,2022-03-31,Extended Sentiment Momentum,extended,1.0,momentum,CMCSA,Comm,0.0,0.8837809456795128,1.8837809456795127,0.0,0.0,True,False,False
2022-03-31,2022-04-01,2022-03-31,Extended Sentiment Momentum,extended,1.0,momentum,COP,Energy,0.0,-0.30919564165274577,0.6908043583472543,0.0,0.0,True,False,False
2022-03-31,2022-04-01,2022-03-31,Extended Sentiment Momentum,extended,1.0,momentum,CVX,Energy,0.0861626957760312,-0.9154700310640012,0.08452996893599884,0.0072833299973898355,0.0061205219676241235,True,False,False
2022-03-31,2022-04-01,2022-03-31,Extended Sentiment Momentum,extended,1.0,momentum,D,Utilities,0.0,-0.3639235362291474,0.6360764637708526,0.0,0.0,True,False,False
2022-03-31,2022-04-01,2022-03-31,Extended Sentiment Momentum,extended,1.0,momentum,DD,Materials,0.0,-0.1979178927157366,0.8020821072842634,0.0,0.0,True,False,False
2022-03-31,2022-04-01,2022-03-31,Extended Sentiment Momentum,extended,1.0,momentum,DIS,Consumer,0.0494118403196329,0.24095374596840044,1.2409537459684004,0.06131780833984089,0.05152821485296684,True,False,False
2022-03-31,2022-04-01,2022-03-31,Extended Sentiment Momentum,extended,1.0,momentum,DOW,Materials,0.0,,1.0,0.0,0.0,False,False,False
2022-03-31,2022-04-01,2022-03-31,Extended Sentiment Momentum,extended,1.0,momentum,DUK,Utilities,0.0123824209620771,-0.4032051772242991,0.596794822775701,0.007389764723596927,0.006209964033286674,True,False,False
2022-03-31,2022-04-01,2022-03-31,Extended Sentiment Momentum,extended,1.0,momentum,EA,Comm,0.0747762355958227,-0.2832129842604456,0.7167870157395544,0.05359863476096759,0.04504143319151125,True,False,False
2022-03-31,2022-04-01,2022-03-31,Extended Sentiment Momentum,extended,1.0,momentum,GE,Industrials,0.0,0.7300018825232966,1.7300018825232966,0.0,0.0,True,False,False
2022-03-31,2022-04-01,2022-03-31,Extended Sentiment Momentum,extended,1.0,momentum,GILD,Healthcare,0.1420211327984041,1.8055636228032417,2.8055636228032417,0.39844932384851084,0.3348355546808623,True,False,False
2022-03-31,2022-04-01,2022-03-31,Extended Sentiment Momentum,extended,1.0,momentum,GS,Financials,0.0,0.048512966279947924,1.048512966279948,0.0,0.0,True,False,False
2022-03-31,2022-04-01,2022-03-31,Extended Sentiment Momentum,extended,1.0,momentum,INTC,Tech,0.0014210833264733,-0.9268101545183132,0.07318984548168683,0.00010400886908118236,8.740350475225695e-05,True,False,False
2022-03-31,2022-04-01,2022-03-31,Extended Sentiment Momentum,extended,1.0,momentum,KO,Consumer,0.0869277446204713,-0.7653013022563292,0.2346986977436708,0.020401828460219,0.017144608210148335,True,False,False
2022-03-31,2022-04-01,2022-03-31,Extended Sentiment Momentum,extended,1.0,momentum,MMM,Industrials,0.0,1.2747629408418035,2.2747629408418035,0.0,0.0,True,False,False
2022-03-31,2022-04-01,2022-03-31,Extended Sentiment Momentum,extended,1.0,momentum,MRK,Healthcare,0.0511265169227657,0.6296249378311974,1.6296249378311973,0.08331704696178771,0.07001520134196083,True,False,False
2022-03-31,2022-04-01,2022-03-31,Extended Sentiment Momentum,extended,1.0,momentum,MS,Financials,0.0,0.42141754565124717,1.4214175456512472,0.0,0.0,True,False,False
2022-03-31,2022-04-01,2022-03-31,Extended Sentiment Momentum,extended,1.0,momentum,NEE,Utilities,0.018652348094651,-1.3321795625629265,-0.33217956256292647,-0.0061959288308526045,0.0,True,True,False
2022-03-31,2022-04-01,2022-03-31,Extended Sentiment Momentum,extended,1.0,momentum,NEM,Materials,0.0348064680844002,1.156998836397861,2.156998836397861,0.07507751115717053,0.06309113502706669,True,False,False
2022-03-31,2022-04-01,2022-03-31,Extended Sentiment Momentum,extended,1.0,momentum,NKE,Consumer,0.0131638382873256,-0.15360429177459567,0.8463957082254043,0.011141816230165644,0.009362987949248319,True,False,False
2022-03-31,2022-04-01,2022-03-31,Extended Sentiment Momentum,extended,1.0,momentum,NUE,Materials,0.0,1.3553874423815615,2.3553874423815615,0.0,0.0,True,False,False
2022-03-31,2022-04-01,2022-03-31,Extended Sentiment Momentum,extended,1.0,momentum,NVDA,Tech,0.0,0.027997954728151173,1.0279979547281513,0.0,0.0,True,False,False
2022-03-31,2022-04-01,2022-03-31,Extended Sentiment Momentum,extended,1.0,momentum,O,RealEstate,0.0083230102685824,-0.629550513590101,0.37044948640989905,0.003083254879380666,0.002591002910453951,True,False,False
2022-03-31,2022-04-01,2022-03-31,Extended Sentiment Momentum,extended,1.0,momentum,OXY,Energy,0.0,-0.025601149289356126,0.9743988507106439,0.0,0.0,True,False,False
2022-03-31,2022-04-01,2022-03-31,Extended Sentiment Momentum,extended,1.0,momentum,PLD,RealEstate,0.0,-0.33272237670646065,0.6672776232935393,0.0,0.0,True,False,False
2022-03-31,2022-04-01,2022-03-31,Extended Sentiment Momentum,extended,1.0,momentum,PSA,RealEstate,0.0482130751786451,-0.7225447856192998,0.2774552143807002,0.013376969109643791,0.01124129118482147,True,False,False
2022-03-31,2022-04-01,2022-03-31,Extended Sentiment Momentum,extended,1.0,momentum,QCOM,Tech,0.0,0.07123036654963913,1.0712303665496392,0.0,0.0,True,False,False
2022-03-31,2022-04-01,2022-03-31,Extended Sentiment Momentum,extended,1.0,momentum,SBUX,Consumer,0.0,-0.02187563247604434,0.9781243675239557,0.0,0.0,True,False,False
2022-03-31,2022-04-01,2022-03-31,Extended Sentiment Momentum,extended,1.0,momentum,SHW,Materials,0.0086511558884169,,1.0,0.0086511558884169,0.007269969873584231,False,False,False
2022-03-31,2022-04-01,2022-03-31,Extended Sentiment Momentum,extended,1.0,momentum,SLB,Energy,0.0,-0.2864032089733741,0.7135967910266259,0.0,0.0,True,False,False
2022-03-31,2022-04-01,2022-03-31,Extended Sentiment Momentum,extended,1.0,momentum,SO,Utilities,0.1002703761658736,,1.0,0.1002703761658736,0.08426187475304579,False,False,False
2022-03-31,2022-04-01,2022-03-31,Extended Sentiment Momentum,extended,1.0,momentum,T,Comm,0.0,0.47390110961478943,1.4739011096147894,0.0,0.0,True,False,False
2022-03-31,2022-04-01,2022-03-31,Extended Sentiment Momentum,extended,1.0,momentum,TMUS,Comm,0.0149430455532248,-0.5223607325334827,0.4776392674665173,0.007137385331761092,0.005997877856708044,True,False,False
2022-03-31,2022-04-01,2022-03-31,Extended Sentiment Momentum,extended,1.0,momentum,TTWO,Comm,0.0334416148867763,,1.0,0.0334416148867763,0.028102549056639274,False,False,False
2022-03-31,2022-04-01,2022-03-31,Extended Sentiment Momentum,extended,1.0,momentum,UPS,Industrials,0.0,1.5927157774309362,2.592715777430936,0.0,0.0,True,False,False
2022-03-31,2022-04-01,2022-03-31,Extended Sentiment Momentum,extended,1.0,momentum,USB,Financials,0.0,-0.5127284323344187,0.48727156766558133,0.0,0.0,True,False,False
2022-03-31,2022-04-01,2022-03-31,Extended Sentiment Momentum,extended,1.0,momentum,V,Financials,0.0,-0.4683292821250559,0.531670717874944,0.0,0.0,True,False,False
2022-03-31,2022-04-01,2022-03-31,Extended Sentiment Momentum,extended,1.0,momentum,WFC,Financials,0.0,,1.0,0.0,0.0,False,False,False
2022-03-31,2022-04-01,2022-03-31,Extended Sentiment Momentum,extended,1.0,momentum,WMT,Consumer,0.1163780368787419,0.166413194611398,1.166413194611398,0.13574487777833644,0.1140727533604146,True,False,False
2022-03-31,2022-04-01,2022-03-31,Extended Sentiment Momentum,extended,1.0,momentum,XOM,Energy,0.0,-0.8800808691745171,0.11991913082548289,0.0,0.0,True,False,False
2022-04-29,2022-05-02,2022-04-29,Extended Sentiment Momentum,extended,1.0,momentum,ABBV,Healthcare,0.0188086363067907,0.013393857891981454,1.0133938578919814,0.019060556508625818,0.01668204357732719,True,False,False
2022-04-29,2022-05-02,2022-04-29,Extended Sentiment Momentum,extended,1.0,momentum,ABT,Healthcare,0.0,-0.20492832522996868,0.7950716747700313,0.0,0.0,True,False,False
2022-04-29,2022-05-02,2022-04-29,Extended Sentiment Momentum,extended,1.0,momentum,ADBE,Tech,0.0163371083703754,-1.2014959670497143,-0.2014959670497143,-0.003291861449884773,0.0,True,True,False
2022-04-29,2022-05-02,2022-04-29,Extended Sentiment Momentum,extended,1.0,momentum,AEP,Utilities,0.0,1.7787286449219109,2.7787286449219106,0.0,0.0,True,False,False
2022-04-29,2022-05-02,2022-04-29,Extended Sentiment Momentum,extended,1.0,momentum,AMD,Tech,0.0,-0.1143470433167605,0.8856529566832395,0.0,0.0,True,False,False
2022-04-29,2022-05-02,2022-04-29,Extended Sentiment Momentum,extended,1.0,momentum,AMGN,Healthcare,0.0089443221694106,1.8774938496908011,2.877493849690801,0.025737232032132084,0.02252555564815263,True,False,False
2022-04-29,2022-05-02,2022-04-29,Extended Sentiment Momentum,extended,1.0,momentum,AMT,RealEstate,0.0,0.14960297822602212,1.1496029782260222,0.0,0.0,True,False,False
2022-04-29,2022-05-02,2022-04-29,Extended Sentiment Momentum,extended,1.0,momentum,BA,Industrials,0.0,-0.09065538773473321,0.9093446122652667,0.0,0.0,True,False,False
2022-04-29,2022-05-02,2022-04-29,Extended Sentiment Momentum,extended,1.0,momentum,CAT,Industrials,0.043109203528533,0.4061704484954652,1.4061704484954651,0.060618888059999536,0.05305442848787722,True,False,False
2022-04-29,2022-05-02,2022-04-29,Extended Sentiment Momentum,extended,1.0,momentum,CCI,RealEstate,0.0,-0.5846426959329475,0.4153573040670525,0.0,0.0,True,False,False
2022-04-29,2022-05-02,2022-04-29,Extended Sentiment Momentum,extended,1.0,momentum,CMCSA,Comm,0.0,-0.1597560360213111,0.840243963978689,0.0,0.0,True,False,False
2022-04-29,2022-05-02,2022-04-29,Extended Sentiment Momentum,extended,1.0,momentum,COP,Energy,0.0,-0.7333795918864118,0.2666204081135882,0.0,0.0,True,False,False
2022-04-29,2022-05-02,2022-04-29,Extended Sentiment Momentum,extended,1.0,momentum,CVX,Energy,0.0645866645800719,-0.44895230439888273,0.5510476956011172,0.035590332683410913,0.03114911574001244,True,False,False
2022-04-29,2022-05-02,2022-04-29,Extended Sentiment Momentum,extended,1.0,momentum,D,Utilities,0.0,-0.34568987025316844,0.6543101297468316,0.0,0.0,True,False,False
2022-04-29,2022-05-02,2022-04-29,Extended Sentiment Momentum,extended,1.0,momentum,DD,Materials,0.0,1.4429939486154566,2.442993948615457,0.0,0.0,True,False,False
2022-04-29,2022-05-02,2022-04-29,Extended Sentiment Momentum,extended,1.0,momentum,DIS,Consumer,0.0393745615310558,0.8953318439211578,1.895331843921158,0.07462786031024309,0.06531526071732291,True,False,False
2022-04-29,2022-05-02,2022-04-29,Extended Sentiment Momentum,extended,1.0,momentum,DOW,Materials,0.0,,1.0,0.0,0.0,False,False,False
2022-04-29,2022-05-02,2022-04-29,Extended Sentiment Momentum,extended,1.0,momentum,DUK,Utilities,0.0900460162049886,,1.0,0.0900460162049886,0.07880942855034345,False,False,False
2022-04-29,2022-05-02,2022-04-29,Extended Sentiment Momentum,extended,1.0,momentum,EA,Comm,0.0941939442740369,,1.0,0.0941939442740369,0.08243974840864181,False,False,False
2022-04-29,2022-05-02,2022-04-29,Extended Sentiment Momentum,extended,1.0,momentum,GE,Industrials,0.0,0.36862676760455115,1.3686267676045512,0.0,0.0,True,False,False
2022-04-29,2022-05-02,2022-04-29,Extended Sentiment Momentum,extended,1.0,momentum,GILD,Healthcare,0.1289642285940799,1.5664010040041316,2.5664010040041316,0.33097392574446505,0.28967262575620795,True,False,False
2022-04-29,2022-05-02,2022-04-29,Extended Sentiment Momentum,extended,1.0,momentum,GS,Financials,0.0,-0.2689556532314235,0.7310443467685765,0.0,0.0,True,False,False
2022-04-29,2022-05-02,2022-04-29,Extended Sentiment Momentum,extended,1.0,momentum,INTC,Tech,0.0,-0.6563317425102179,0.34366825748978214,0.0,0.0,True,False,False
2022-04-29,2022-05-02,2022-04-29,Extended Sentiment Momentum,extended,1.0,momentum,KO,Consumer,0.1107391759396876,-0.28300530499694243,0.7169946950030576,0.07939940167776624,0.06949137493455566,True,False,False
2022-04-29,2022-05-02,2022-04-29,Extended Sentiment Momentum,extended,1.0,momentum,MMM,Industrials,0.0,0.8983541469987869,1.8983541469987868,0.0,0.0,True,False,False
2022-04-29,2022-05-02,2022-04-29,Extended Sentiment Momentum,extended,1.0,momentum,MRK,Healthcare,0.0552436254906652,0.01870752083248382,1.0187075208324838,0.056277096765393754,0.04925443704756983,True,False,False
2022-04-29,2022-05-02,2022-04-29,Extended Sentiment Momentum,extended,1.0,momentum,MS,Financials,0.0,,1.0,0.0,0.0,False,False,False
2022-04-29,2022-05-02,2022-04-29,Extended Sentiment Momentum,extended,1.0,momentum,NEE,Utilities,0.0,0.5636261591918361,1.5636261591918361,0.0,0.0,True,False,False
2022-04-29,2022-05-02,2022-04-29,Extended Sentiment Momentum,extended,1.0,momentum,NEM,Materials,0.0480059615359872,,1.0,0.0480059615359872,0.04201543338739422,False,False,False
2022-04-29,2022-05-02,2022-04-29,Extended Sentiment Momentum,extended,1.0,momentum,NKE,Consumer,0.0,-0.23396328892490356,0.7660367110750964,0.0,0.0,True,False,False
2022-04-29,2022-05-02,2022-04-29,Extended Sentiment Momentum,extended,1.0,momentum,NUE,Materials,0.0,,1.0,0.0,0.0,False,False,False
2022-04-29,2022-05-02,2022-04-29,Extended Sentiment Momentum,extended,1.0,momentum,NVDA,Tech,0.0,-2.0039932433292695,-1.0039932433292695,-0.0,-0.0,True,False,False
2022-04-29,2022-05-02,2022-04-29,Extended Sentiment Momentum,extended,1.0,momentum,O,RealEstate,0.0,,1.0,0.0,0.0,False,False,False
2022-04-29,2022-05-02,2022-04-29,Extended Sentiment Momentum,extended,1.0,momentum,OXY,Energy,0.0,-0.2621632140936205,0.7378367859063795,0.0,0.0,True,False,False
2022-04-29,2022-05-02,2022-04-29,Extended Sentiment Momentum,extended,1.0,momentum,PLD,RealEstate,0.0,-0.3421498393536339,0.657850160646366,0.0,0.0,True,False,False
2022-04-29,2022-05-02,2022-04-29,Extended Sentiment Momentum,extended,1.0,momentum,PSA,RealEstate,0.0,-0.607636906500331,0.392363093499669,0.0,0.0,True,False,False
2022-04-29,2022-05-02,2022-04-29,Extended Sentiment Momentum,extended,1.0,momentum,QCOM,Tech,0.0,-0.5032530120604879,0.4967469879395121,0.0,0.0,True,False,False
2022-04-29,2022-05-02,2022-04-29,Extended Sentiment Momentum,extended,1.0,momentum,SBUX,Consumer,0.0,0.3016435840540338,1.301643584054034,0.0,0.0,True,False,False
2022-04-29,2022-05-02,2022-04-29,Extended Sentiment Momentum,extended,1.0,momentum,SHW,Materials,0.0681688530755733,,1.0,0.0681688530755733,0.059662254725274824,False,False,False
2022-04-29,2022-05-02,2022-04-29,Extended Sentiment Momentum,extended,1.0,momentum,SLB,Energy,0.0,0.7671559988383364,1.7671559988383363,0.0,0.0,True,False,False
2022-04-29,2022-05-02,2022-04-29,Extended Sentiment Momentum,extended,1.0,momentum,SO,Utilities,0.0672178088317423,,1.0,0.0672178088317423,0.05882988860247169,False,False,False
2022-04-29,2022-05-02,2022-04-29,Extended Sentiment Momentum,extended,1.0,momentum,T,Comm,0.0,0.3236455102731009,1.3236455102731008,0.0,0.0,True,False,False
2022-04-29,2022-05-02,2022-04-29,Extended Sentiment Momentum,extended,1.0,momentum,TMUS,Comm,0.0,-0.22692997993531924,0.7730700200646807,0.0,0.0,True,False,False
2022-04-29,2022-05-02,2022-04-29,Extended Sentiment Momentum,extended,1.0,momentum,TTWO,Comm,0.0386243452615427,-2.0281368551354872,-1.0281368551354872,-0.039711112868869775,0.0,True,True,False
2022-04-29,2022-05-02,2022-04-29,Extended Sentiment Momentum,extended,1.0,momentum,UPS,Industrials,0.0,1.1578045924482254,2.157804592448225,0.0,0.0,True,False,False
2022-04-29,2022-05-02,2022-04-29,Extended Sentiment Momentum,extended,1.0,momentum,USB,Financials,0.0,,1.0,0.0,0.0,False,False,False
2022-04-29,2022-05-02,2022-04-29,Extended Sentiment Momentum,extended,1.0,momentum,V,Financials,0.0,0.37407145570302325,1.3740714557030231,0.0,0.0,True,False,False
2022-04-29,2022-05-02,2022-04-29,Extended Sentiment Momentum,extended,1.0,momentum,WFC,Financials,0.0,-0.5555568774729612,0.44444312252703877,0.0,0.0,True,False,False
2022-04-29,2022-05-02,2022-04-29,Extended Sentiment Momentum,extended,1.0,momentum,WMT,Consumer,0.1076355443054582,-0.13911939511815358,0.8608806048818465,0.09266135248846964,0.08109840441684826,True,False,False
2022-04-29,2022-05-02,2022-04-29,Extended Sentiment Momentum,extended,1.0,momentum,XOM,Energy,0.0,-0.04207259685800868,0.9579274031419913,0.0,0.0,True,False,False
2022-05-31,2022-06-01,2022-05-31,Extended Sentiment Momentum,extended,1.0,momentum,ABBV,Healthcare,0.0672104658765383,2.193370464448553,3.193370464448553,0.21462791663196473,0.16937058796385154,True,False,False
2022-05-31,2022-06-01,2022-05-31,Extended Sentiment Momentum,extended,1.0,momentum,ABT,Healthcare,0.0,0.27107501866630457,1.2710750186663047,0.0,0.0,True,False,False
2022-05-31,2022-06-01,2022-05-31,Extended Sentiment Momentum,extended,1.0,momentum,ADBE,Tech,0.0046885349431934,-0.30592544035100505,0.694074559648995,0.003254192826095885,0.002568000290701803,True,False,False
2022-05-31,2022-06-01,2022-05-31,Extended Sentiment Momentum,extended,1.0,momentum,AEP,Utilities,0.0,-0.35079775761279125,0.6492022423872088,0.0,0.0,True,False,False
2022-05-31,2022-06-01,2022-05-31,Extended Sentiment Momentum,extended,1.0,momentum,AMD,Tech,0.0,1.8065549227181859,2.8065549227181856,0.0,0.0,True,False,False
2022-05-31,2022-06-01,2022-05-31,Extended Sentiment Momentum,extended,1.0,momentum,AMGN,Healthcare,0.0345795795918945,0.8093179280265045,1.8093179280265046,0.06256545329923416,0.04937264349300403,True,False,False
2022-05-31,2022-06-01,2022-05-31,Extended Sentiment Momentum,extended,1.0,momentum,AMT,RealEstate,0.0,,1.0,0.0,0.0,False,False,False
2022-05-31,2022-06-01,2022-05-31,Extended Sentiment Momentum,extended,1.0,momentum,BA,Industrials,0.0,0.5000284878339254,1.5000284878339254,0.0,0.0,True,False,False
2022-05-31,2022-06-01,2022-05-31,Extended Sentiment Momentum,extended,1.0,momentum,CAT,Industrials,0.0180935289689239,-0.15017497071617045,0.8498250292838295,0.015376333785863571,0.012134016557155956,True,False,False
2022-05-31,2022-06-01,2022-05-31,Extended Sentiment Momentum,extended,1.0,momentum,CCI,RealEstate,0.0,,1.0,0.0,0.0,False,False,False
2022-05-31,2022-06-01,2022-05-31,Extended Sentiment Momentum,extended,1.0,momentum,CMCSA,Comm,0.0,0.2915130951585989,1.291513095158599,0.0,0.0,True,False,False
2022-05-31,2022-06-01,2022-05-31,Extended Sentiment Momentum,extended,1.0,momentum,COP,Energy,0.0,0.5465813469900918,1.5465813469900918,0.0,0.0,True,False,False
2022-05-31,2022-06-01,2022-05-31,Extended Sentiment Momentum,extended,1.0,momentum,CVX,Energy,0.0361693053762772,0.6880834898711137,1.6880834898711137,0.06105680724580005,0.04818211677537468,True,False,False
2022-05-31,2022-06-01,2022-05-31,Extended Sentiment Momentum,extended,1.0,momentum,D,Utilities,0.0,-0.40182987643643675,0.5981701235635632,0.0,0.0,True,False,False
2022-05-31,2022-06-01,2022-05-31,Extended Sentiment Momentum,extended,1.0,momentum,DD,Materials,0.0,,1.0,0.0,0.0,False,False,False
2022-05-31,2022-06-01,2022-05-31,Extended Sentiment Momentum,extended,1.0,momentum,DIS,Consumer,0.0579531991718781,-0.35014700414246785,0.6498529958575321,0.03766106010137323,0.029719693471420262,True,False,False
2022-05-31,2022-06-01,2022-05-31,Extended Sentiment Momentum,extended,1.0,momentum,DOW,Materials,0.0,2.2144580034730805,3.2144580034730805,0.0,0.0,True,False,False
2022-05-31,2022-06-01,2022-05-31,Extended Sentiment Momentum,extended,1.0,momentum,DUK,Utilities,0.1696196883125103,-0.34312184322801254,0.6568781567719875,0.1114194682109608,0.08792509910940259,True,False,False
2022-05-31,2022-06-01,2022-05-31,Extended Sentiment Momentum,extended,1.0,momentum,EA,Comm,0.092504405028301,-0.966662874081117,0.03333712591888305,0.0030838309984798284,0.002433561661455795,True,False,False
2022-05-31,2022-06-01,2022-05-31,Extended Sentiment Momentum,extended,1.0,momentum,GE,Industrials,0.0,,1.0,0.0,0.0,False,False,False
2022-05-31,2022-06-01,2022-05-31,Extended Sentiment Momentum,extended,1.0,momentum,GILD,Healthcare,0.1702847588636646,1.9476600664906043,2.947660066490604,0.5019415836344061,0.39610010886628944,True,False,False
2022-05-31,2022-06-01,2022-05-31,Extended Sentiment Momentum,extended,1.0,momentum,GS,Financials,0.0,-1.3712022803499655,-0.3712022803499655,-0.0,-0.0,True,False,False
2022-05-31,2022-06-01,2022-05-31,Extended Sentiment Momentum,extended,1.0,momentum,INTC,Tech,0.0030989525528851,2.440539669049854,3.440539669049854,0.010662069190704502,0.008413821259037198,True,False,False
2022-05-31,2022-06-01,2022-05-31,Extended Sentiment Momentum,extended,1.0,momentum,KO,Consumer,0.0,0.9152952357904736,1.9152952357904736,0.0,0.0,True,False,False
2022-05-31,2022-06-01,2022-05-31,Extended Sentiment Momentum,extended,1.0,momentum,MMM,Industrials,0.0,0.24463818938873003,1.24463818938873,0.0,0.0,True,False,False
2022-05-31,2022-06-01,2022-05-31,Extended Sentiment Momentum,extended,1.0,momentum,MRK,Healthcare,0.073338631209647,-0.4066234177935699,0.5933765822064301,0.043517426330878156,0.03434116213769706,True,False,False
2022-05-31,2022-06-01,2022-05-31,Extended Sentiment Momentum,extended,1.0,momentum,MS,Financials,0.0,-0.34849560746503594,0.6515043925349641,0.0,0.0,True,False,False
2022-05-31,2022-06-01,2022-05-31,Extended Sentiment Momentum,extended,1.0,momentum,NEE,Utilities,0.0,-0.4056500565679945,0.5943499434320054,0.0,0.0,True,False,False
2022-05-31,2022-06-01,2022-05-31,Extended Sentiment Momentum,extended,1.0,momentum,NEM,Materials,0.0628206705349614,-1.1552960189874546,-0.1552960189874546,-0.009755800044201996,0.0,True,True,False
2022-05-31,2022-06-01,2022-05-31,Extended Sentiment Momentum,extended,1.0,momentum,NKE,Consumer,0.0,-0.26832141908457047,0.7316785809154296,0.0,0.0,True,False,False
2022-05-31,2022-06-01,2022-05-31,Extended Sentiment Momentum,extended,1.0,momentum,NUE,Materials,0.0,-0.42515636463378903,0.574843635366211,0.0,0.0,True,False,False
2022-05-31,2022-06-01,2022-05-31,Extended Sentiment Momentum,extended,1.0,momentum,NVDA,Tech,0.0,0.9979519995434947,1.9979519995434947,0.0,0.0,True,False,False
2022-05-31,2022-06-01,2022-05-31,Extended Sentiment Momentum,extended,1.0,momentum,O,RealEstate,0.0,-0.6167624797490002,0.3832375202509998,0.0,0.0,True,False,False
2022-05-31,2022-06-01,2022-05-31,Extended Sentiment Momentum,extended,1.0,momentum,OXY,Energy,0.0,-0.5091197429108923,0.49088025708910765,0.0,0.0,True,False,False
2022-05-31,2022-06-01,2022-05-31,Extended Sentiment Momentum,extended,1.0,momentum,PLD,RealEstate,0.0,0.6852770197952985,1.6852770197952984,0.0,0.0,True,False,False
2022-05-31,2022-06-01,2022-05-31,Extended Sentiment Momentum,extended,1.0,momentum,PSA,RealEstate,0.0,1.014316590707417,2.014316590707417,0.0,0.0,True,False,False
2022-05-31,2022-06-01,2022-05-31,Extended Sentiment Momentum,extended,1.0,momentum,QCOM,Tech,0.0,0.27136030308026415,1.271360303080264,0.0,0.0,True,False,False
2022-05-31,2022-06-01,2022-05-31,Extended Sentiment Momentum,extended,1.0,momentum,SBUX,Consumer,0.0,-0.1891561902294365,0.8108438097705635,0.0,0.0,True,False,False
2022-05-31,2022-06-01,2022-05-31,Extended Sentiment Momentum,extended,1.0,momentum,SHW,Materials,0.0529151636926018,,1.0,0.0529151636926018,0.04175725379745245,False,False,False
2022-05-31,2022-06-01,2022-05-31,Extended Sentiment Momentum,extended,1.0,momentum,SLB,Energy,0.0,0.80617403299219,1.80617403299219,0.0,0.0,True,False,False
2022-05-31,2022-06-01,2022-05-31,Extended Sentiment Momentum,extended,1.0,momentum,SO,Utilities,0.0449974871882794,-0.392663515635543,0.607336484364457,0.027328615674164305,0.0215659909372758,True,False,False
2022-05-31,2022-06-01,2022-05-31,Extended Sentiment Momentum,extended,1.0,momentum,T,Comm,0.0,1.7912338367563978,2.7912338367563976,0.0,0.0,True,False,False
2022-05-31,2022-06-01,2022-05-31,Extended Sentiment Momentum,extended,1.0,momentum,TMUS,Comm,0.0,,1.0,0.0,0.0,False,False,False
2022-05-31,2022-06-01,2022-05-31,Extended Sentiment Momentum,extended,1.0,momentum,TTWO,Comm,0.0262921259706589,,1.0,0.0262921259706589,0.020748059732165067,False,False,False
2022-05-31,2022-06-01,2022-05-31,Extended Sentiment Momentum,extended,1.0,momentum,UPS,Industrials,0.0,0.733814819723572,1.7338148197235719,0.0,0.0,True,False,False
2022-05-31,2022-06-01,2022-05-31,Extended Sentiment Momentum,extended,1.0,momentum,USB,Financials,0.0,-0.43181442107818896,0.5681855789218111,0.0,0.0,True,False,False
2022-05-31,2022-06-01,2022-05-31,Extended Sentiment Momentum,extended,1.0,momentum,V,Financials,0.0,-0.02909873262833096,0.970901267371669,0.0,0.0,True,False,False
2022-05-31,2022-06-01,2022-05-31,Extended Sentiment Momentum,extended,1.0,momentum,WFC,Financials,0.0,-0.38907489696351705,0.610925103036483,0.0,0.0,True,False,False
2022-05-31,2022-06-01,2022-05-31,Extended Sentiment Momentum,extended,1.0,momentum,WMT,Consumer,0.0854335027177844,0.11790866988148051,1.1179086698814804,0.0955068533865542,0.0753678839477163,True,False,False
2022-05-31,2022-06-01,2022-05-31,Extended Sentiment Momentum,extended,1.0,momentum,XOM,Energy,0.0,0.947213900413599,1.9472139004135989,0.0,0.0,True,False,False
2022-06-30,2022-07-01,2022-06-30,Extended Sentiment Momentum,extended,1.0,momentum,ABBV,Healthcare,0.043417294380612,0.7619242337185497,1.7619242337185497,0.0764979831316925,0.0686194848837181,True,False,False
2022-06-30,2022-07-01,2022-06-30,Extended Sentiment Momentum,extended,1.0,momentum,ABT,Healthcare,0.0,0.5643742048692008,1.5643742048692006,0.0,0.0,True,False,False
2022-06-30,2022-07-01,2022-06-30,Extended Sentiment Momentum,extended,1.0,momentum,ADBE,Tech,0.0,-0.05861619654180568,0.9413838034581943,0.0,0.0,True,False,False
2022-06-30,2022-07-01,2022-06-30,Extended Sentiment Momentum,extended,1.0,momentum,AEP,Utilities,0.0,-0.4715885811625405,0.5284114188374596,0.0,0.0,True,False,False
2022-06-30,2022-07-01,2022-06-30,Extended Sentiment Momentum,extended,1.0,momentum,AMD,Tech,0.0,-1.1717700032769676,-0.17177000327696756,-0.0,-0.0,True,False,False
2022-06-30,2022-07-01,2022-06-30,Extended Sentiment Momentum,extended,1.0,momentum,AMGN,Healthcare,0.0697782204148557,,1.0,0.0697782204148557,0.06259178797860684,False,False,False
2022-06-30,2022-07-01,2022-06-30,Extended Sentiment Momentum,extended,1.0,momentum,AMT,RealEstate,0.0,,1.0,0.0,0.0,False,False,False
2022-06-30,2022-07-01,2022-06-30,Extended Sentiment Momentum,extended,1.0,momentum,BA,Industrials,0.0,-0.306711683583422,0.693288316416578,0.0,0.0,True,False,False
2022-06-30,2022-07-01,2022-06-30,Extended Sentiment Momentum,extended,1.0,momentum,CAT,Industrials,0.0082103843282331,0.7432142818638331,1.7432142818638332,0.014312459220566934,0.012838424477725121,True,False,False
2022-06-30,2022-07-01,2022-06-30,Extended Sentiment Momentum,extended,1.0,momentum,CCI,RealEstate,0.0,0.5869494006160623,1.5869494006160623,0.0,0.0,True,False,False
2022-06-30,2022-07-01,2022-06-30,Extended Sentiment Momentum,extended,1.0,momentum,CMCSA,Comm,0.0,0.9015807752128984,1.9015807752128984,0.0,0.0,True,False,False
2022-06-30,2022-07-01,2022-06-30,Extended Sentiment Momentum,extended,1.0,momentum,COP,Energy,0.0,-3.148651674934573,-2.148651674934573,-0.0,-0.0,True,False,False
2022-06-30,2022-07-01,2022-06-30,Extended Sentiment Momentum,extended,1.0,momentum,CVX,Energy,0.0472789925405632,0.22167242889325853,1.2216724288932586,0.0577594416526561,0.0518108186794067,True,False,False
2022-06-30,2022-07-01,2022-06-30,Extended Sentiment Momentum,extended,1.0,momentum,D,Utilities,0.0,-0.44838234339241817,0.5516176566075819,0.0,0.0,True,False,False
2022-06-30,2022-07-01,2022-06-30,Extended Sentiment Momentum,extended,1.0,momentum,DD,Materials,0.0,,1.0,0.0,0.0,False,False,False
2022-06-30,2022-07-01,2022-06-30,Extended Sentiment Momentum,extended,1.0,momentum,DIS,Consumer,0.052606330128295,-0.013044658662966653,0.9869553413370333,0.05192009850826005,0.0465728672691332,True,False,False
2022-06-30,2022-07-01,2022-06-30,Extended Sentiment Momentum,extended,1.0,momentum,DOW,Materials,0.0,,1.0,0.0,0.0,False,False,False
2022-06-30,2022-07-01,2022-06-30,Extended Sentiment Momentum,extended,1.0,momentum,DUK,Utilities,0.1784729344495711,-0.47407440437100473,0.5259255956289952,0.0938634843540453,0.08419651972624523,True,False,False
2022-06-30,2022-07-01,2022-06-30,Extended Sentiment Momentum,extended,1.0,momentum,EA,Comm,0.0911656686957825,0.6701413560149653,1.6701413560149652,0.15225955353758525,0.1365783999087616,True,False,False
2022-06-30,2022-07-01,2022-06-30,Extended Sentiment Momentum,extended,1.0,momentum,GE,Industrials,0.0,,1.0,0.0,0.0,False,False,False
2022-06-30,2022-07-01,2022-06-30,Extended Sentiment Momentum,extended,1.0,momentum,GILD,Healthcare,0.1756407362498276,,1.0,0.1756407362498276,0.15755156348778246,False,False,False
2022-06-30,2022-07-01,2022-06-30,Extended Sentiment Momentum,extended,1.0,momentum,GS,Financials,0.0,-0.6219447947240347,0.37805520527596526,0.0,0.0,True,False,False
2022-06-30,2022-07-01,2022-06-30,Extended Sentiment Momentum,extended,1.0,momentum,INTC,Tech,0.0,0.13931174164209417,1.1393117416420941,0.0,0.0,True,False,False
2022-06-30,2022-07-01,2022-06-30,Extended Sentiment Momentum,extended,1.0,momentum,KO,Consumer,0.0296569958874038,1.816941348110868,2.816941348110868,0.08354201797598174,0.07493805725295273,True,False,False
2022-06-30,2022-07-01,2022-06-30,Extended Sentiment Momentum,extended,1.0,momentum,MMM,Industrials,0.0025679161598694,-0.5337461155811976,0.46625388441880244,0.0011973008844009222,0.0010739913207512253,True,False,False
2022-06-30,2022-07-01,2022-06-30,Extended Sentiment Momentum,extended,1.0,momentum,MRK,Healthcare,0.0616805833817453,-0.8944070205297586,0.10559297947024138,0.0065130365747411425,0.0058422614099272515,True,False,False
2022-06-30,2022-07-01,2022-06-30,Extended Sentiment Momentum,extended,1.0,momentum,MS,Financials,0.0,0.5201832083991007,1.5201832083991007,0.0,0.0,True,False,False
2022-06-30,2022-07-01,2022-06-30,Extended Sentiment Momentum,extended,1.0,momentum,NEE,Utilities,0.0,1.3302439422662806,2.3302439422662804,0.0,0.0,True,False,False
2022-06-30,2022-07-01,2022-06-30,Extended Sentiment Momentum,extended,1.0,momentum,NEM,Materials,0.0617696676719487,-0.283486308531202,0.716513691468798,0.044258812604428835,0.03970061429270159,True,False,False
2022-06-30,2022-07-01,2022-06-30,Extended Sentiment Momentum,extended,1.0,momentum,NKE,Consumer,0.0,-0.2689754979137305,0.7310245020862696,0.0,0.0,True,False,False
2022-06-30,2022-07-01,2022-06-30,Extended Sentiment Momentum,extended,1.0,momentum,NUE,Materials,0.0,1.3677443661538033,2.3677443661538033,0.0,0.0,True,False,False
2022-06-30,2022-07-01,2022-06-30,Extended Sentiment Momentum,extended,1.0,momentum,NVDA,Tech,0.0,-1.704164060636471,-0.704164060636471,-0.0,-0.0,True,False,False
2022-06-30,2022-07-01,2022-06-30,Extended Sentiment Momentum,extended,1.0,momentum,O,RealEstate,0.0,-0.5736992732032853,0.4263007267967147,0.0,0.0,True,False,False
2022-06-30,2022-07-01,2022-06-30,Extended Sentiment Momentum,extended,1.0,momentum,OXY,Energy,0.0,-0.2990322302863172,0.7009677697136828,0.0,0.0,True,False,False
2022-06-30,2022-07-01,2022-06-30,Extended Sentiment Momentum,extended,1.0,momentum,PLD,RealEstate,0.0,,1.0,0.0,0.0,False,False,False
2022-06-30,2022-07-01,2022-06-30,Extended Sentiment Momentum,extended,1.0,momentum,PSA,RealEstate,0.0,,1.0,0.0,0.0,False,False,False
2022-06-30,2022-07-01,2022-06-30,Extended Sentiment Momentum,extended,1.0,momentum,QCOM,Tech,0.0,-0.4364525956454743,0.5635474043545257,0.0,0.0,True,False,False
2022-06-30,2022-07-01,2022-06-30,Extended Sentiment Momentum,extended,1.0,momentum,SBUX,Consumer,0.0,0.6294753042970335,1.6294753042970336,0.0,0.0,True,False,False
2022-06-30,2022-07-01,2022-06-30,Extended Sentiment Momentum,extended,1.0,momentum,SHW,Materials,0.0272523322935322,,1.0,0.0272523322935322,0.02444562493422591,False,False,False
2022-06-30,2022-07-01,2022-06-30,Extended Sentiment Momentum,extended,1.0,momentum,SLB,Energy,0.0,-0.3360498672626705,0.6639501327373295,0.0,0.0,True,False,False
2022-06-30,2022-07-01,2022-06-30,Extended Sentiment Momentum,extended,1.0,momentum,SO,Utilities,0.0032851742618503,0.34457554771901305,1.344575547719013,0.004417164982479772,0.003962242837466211,True,False,False
2022-06-30,2022-07-01,2022-06-30,Extended Sentiment Momentum,extended,1.0,momentum,T,Comm,0.0,-1.9931974597484827,-0.9931974597484827,-0.0,-0.0,True,False,False
2022-06-30,2022-07-01,2022-06-30,Extended Sentiment Momentum,extended,1.0,momentum,TMUS,Comm,0.0,0.5596897501113491,1.5596897501113491,0.0,0.0,True,False,False
2022-06-30,2022-07-01,2022-06-30,Extended Sentiment Momentum,extended,1.0,momentum,TTWO,Comm,0.0274539972318897,0.2455137612243192,1.2455137612243192,0.03419433135293299,0.03067267014533014,True,False,False
2022-06-30,2022-07-01,2022-06-30,Extended Sentiment Momentum,extended,1.0,momentum,UPS,Industrials,0.0083646598434329,2.618410238107267,3.618410238107267,0.030266770815762335,0.0271496075771797,True,False,False
2022-06-30,2022-07-01,2022-06-30,Extended Sentiment Momentum,extended,1.0,momentum,USB,Financials,0.0,-0.406269929798235,0.5937300702017649,0.0,0.0,True,False,False
2022-06-30,2022-07-01,2022-06-30,Extended Sentiment Momentum,extended,1.0,momentum,V,Financials,0.0,-0.4894687199232902,0.5105312800767098,0.0,0.0,True,False,False
2022-06-30,2022-07-01,2022-06-30,Extended Sentiment Momentum,extended,1.0,momentum,WFC,Financials,0.0,-0.5764640345312801,0.42353596546871985,0.0,0.0,True,False,False
2022-06-30,2022-07-01,2022-06-30,Extended Sentiment Momentum,extended,1.0,momentum,WMT,Consumer,0.111398112080587,0.7158330037505037,1.7158330037505038,0.1911405572633689,0.1714550638180859,True,False,False
2022-06-30,2022-07-01,2022-06-30,Extended Sentiment Momentum,extended,1.0,momentum,XOM,Energy,0.0,1.2718606684697806,2.2718606684697806,0.0,0.0,True,False,False
2022-07-29,2022-08-01,2022-07-29,Extended Sentiment Momentum,extended,1.0,momentum,ABBV,Healthcare,0.0545086637184896,0.017411964759014086,1.017411964759014,0.05545776665021689,0.04260319653099729,True,False,False
2022-07-29,2022-08-01,2022-07-29,Extended Sentiment Momentum,extended,1.0,momentum,ABT,Healthcare,0.0,,1.0,0.0,0.0,False,False,False
2022-07-29,2022-08-01,2022-07-29,Extended Sentiment Momentum,extended,1.0,momentum,ADBE,Tech,0.0,0.5597311145843997,1.5597311145843997,0.0,0.0,True,False,False
2022-07-29,2022-08-01,2022-07-29,Extended Sentiment Momentum,extended,1.0,momentum,AEP,Utilities,0.0,0.7187569021545055,1.7187569021545055,0.0,0.0,True,False,False
2022-07-29,2022-08-01,2022-07-29,Extended Sentiment Momentum,extended,1.0,momentum,AMD,Tech,0.0,0.449291432732986,1.449291432732986,0.0,0.0,True,False,False
2022-07-29,2022-08-01,2022-07-29,Extended Sentiment Momentum,extended,1.0,momentum,AMGN,Healthcare,0.0751375385360182,1.7357329005586526,2.7357329005586526,0.20555623623997862,0.1579103029146174,True,False,False
2022-07-29,2022-08-01,2022-07-29,Extended Sentiment Momentum,extended,1.0,momentum,AMT,RealEstate,0.0,-0.20592711601805055,0.7940728839819494,0.0,0.0,True,False,False
2022-07-29,2022-08-01,2022-07-29,Extended Sentiment Momentum,extended,1.0,momentum,BA,Industrials,0.0,,1.0,0.0,0.0,False,False,False
2022-07-29,2022-08-01,2022-07-29,Extended Sentiment Momentum,extended,1.0,momentum,CAT,Industrials,0.0,,1.0,0.0,0.0,False,False,False
2022-07-29,2022-08-01,2022-07-29,Extended Sentiment Momentum,extended,1.0,momentum,CCI,RealEstate,0.0,-0.3914441302078576,0.6085558697921424,0.0,0.0,True,False,False
2022-07-29,2022-08-01,2022-07-29,Extended Sentiment Momentum,extended,1.0,momentum,CMCSA,Comm,0.0,-0.21405717670263066,0.7859428232973693,0.0,0.0,True,False,False
2022-07-29,2022-08-01,2022-07-29,Extended Sentiment Momentum,extended,1.0,momentum,COP,Energy,0.0,1.471986341280313,2.4719863412803127,0.0,0.0,True,False,False
2022-07-29,2022-08-01,2022-07-29,Extended Sentiment Momentum,extended,1.0,momentum,CVX,Energy,0.0480287322779029,1.718251156381096,2.718251156381096,0.13055415705392762,0.100292975120833,True,False,False
2022-07-29,2022-08-01,2022-07-29,Extended Sentiment Momentum,extended,1.0,momentum,D,Utilities,0.0,-0.41112163770078664,0.5888783622992133,0.0,0.0,True,False,False
2022-07-29,2022-08-01,2022-07-29,Extended Sentiment Momentum,extended,1.0,momentum,DD,Materials,0.0,,1.0,0.0,0.0,False,False,False
2022-07-29,2022-08-01,2022-07-29,Extended Sentiment Momentum,extended,1.0,momentum,DIS,Consumer,0.0518816306479453,-0.45132873055184664,0.5486712694481534,0.028465960148648366,0.021867827860890972,True,False,False
2022-07-29,2022-08-01,2022-07-29,Extended Sentiment Momentum,extended,1.0,momentum,DOW,Materials,0.0,,1.0,0.0,0.0,False,False,False
2022-07-29,2022-08-01,2022-07-29,Extended Sentiment Momentum,extended,1.0,momentum,DUK,Utilities,0.1642614616803114,-0.3583020110418167,0.6416979889581833,0.10540624962358751,0.08097410767787375,True,False,False
2022-07-29,2022-08-01,2022-07-29,Extended Sentiment Momentum,extended,1.0,momentum,EA,Comm,0.0956673599843583,,1.0,0.0956673599843583,0.07349259779467414,False,False,False
2022-07-29,2022-08-01,2022-07-29,Extended Sentiment Momentum,extended,1.0,momentum,GE,Industrials,0.0,,1.0,0.0,0.0,False,False,False
2022-07-29,2022-08-01,2022-07-29,Extended Sentiment Momentum,extended,1.0,momentum,GILD,Healthcare,0.1690246579855002,-0.28710841952516447,0.7128915804748355,0.12049625557050177,0.09256639723156408,True,False,False
2022-07-29,2022-08-01,2022-07-29,Extended Sentiment Momentum,extended,1.0,momentum,GS,Financials,0.0,0.6341054535153207,1.6341054535153208,0.0,0.0,True,False,False
2022-07-29,2022-08-01,2022-07-29,Extended Sentiment Momentum,extended,1.0,momentum,INTC,Tech,0.0,0.6348899926540231,1.6348899926540232,0.0,0.0,True,False,False
2022-07-29,2022-08-01,2022-07-29,Extended Sentiment Momentum,extended,1.0,momentum,KO,Consumer,0.0260631903696107,-0.8785323580972582,0.12146764190274184,0.0031658342746588622,0.002432024726825729,True,False,False
2022-07-29,2022-08-01,2022-07-29,Extended Sentiment Momentum,extended,1.0,momentum,MMM,Industrials,0.0321050016207246,-0.15935584584127518,0.8406441541587248,0.02698888193171852,0.020733121987060565,True,False,False
2022-07-29,2022-08-01,2022-07-29,Extended Sentiment Momentum,extended,1.0,momentum,MRK,Healthcare,0.0619976273882628,1.843454153141657,2.843454153141657,0.17628741108208482,0.13542570633326065,True,False,False
2022-07-29,2022-08-01,2022-07-29,Extended Sentiment Momentum,extended,1.0,momentum,MS,Financials,0.0,-1.321616146955726,-0.32161614695572593,-0.0,-0.0,True,False,False
2022-07-29,2022-08-01,2022-07-29,Extended Sentiment Momentum,extended,1.0,momentum,NEE,Utilities,0.0,0.40027331805790156,1.4002733180579017,0.0,0.0,True,False,False
2022-07-29,2022-08-01,2022-07-29,Extended Sentiment Momentum,extended,1.0,momentum,NEM,Materials,0.0594601836292725,,1.0,0.0594601836292725,0.04567789224013364,False,False,False
2022-07-29,2022-08-01,2022-07-29,Extended Sentiment Momentum,extended,1.0,momentum,NKE,Consumer,0.0,0.8837603514177068,1.8837603514177068,0.0,0.0,True,False,False
2022-07-29,2022-08-01,2022-07-29,Extended Sentiment Momentum,extended,1.0,momentum,NUE,Materials,0.0,-0.371761395681948,0.628238604318052,0.0,0.0,True,False,False
2022-07-29,2022-08-01,2022-07-29,Extended Sentiment Momentum,extended,1.0,momentum,NVDA,Tech,0.0,1.4630410214001546,2.4630410214001546,0.0,0.0,True,False,False
2022-07-29,2022-08-01,2022-07-29,Extended Sentiment Momentum,extended,1.0,momentum,O,RealEstate,0.0,-0.5285550251870357,0.4714449748129643,0.0,0.0,True,False,False
2022-07-29,2022-08-01,2022-07-29,Extended Sentiment Momentum,extended,1.0,momentum,OXY,Energy,0.0,0.3433051334479456,1.3433051334479456,0.0,0.0,True,False,False
2022-07-29,2022-08-01,2022-07-29,Extended Sentiment Momentum,extended,1.0,momentum,PLD,RealEstate,0.0,1.7092121011314814,2.7092121011314814,0.0,0.0,True,False,False
2022-07-29,2022-08-01,2022-07-29,Extended Sentiment Momentum,extended,1.0,momentum,PSA,RealEstate,0.0,-0.566589131626865,0.433410868373135,0.0,0.0,True,False,False
2022-07-29,2022-08-01,2022-07-29,Extended Sentiment Momentum,extended,1.0,momentum,QCOM,Tech,0.0,0.8209487624814923,1.8209487624814922,0.0,0.0,True,False,False
2022-07-29,2022-08-01,2022-07-29,Extended Sentiment Momentum,extended,1.0,momentum,SBUX,Consumer,0.0,-0.2734407828741628,0.7265592171258373,0.0,0.0,True,False,False
2022-07-29,2022-08-01,2022-07-29,Extended Sentiment Momentum,extended,1.0,momentum,SHW,Materials,0.0229969578391255,,1.0,0.0229969578391255,0.017666487015511483,False,False,False
2022-07-29,2022-08-01,2022-07-29,Extended Sentiment Momentum,extended,1.0,momentum,SLB,Energy,0.0,1.1535828486023274,2.153582848602327,0.0,0.0,True,False,False
2022-07-29,2022-08-01,2022-07-29,Extended Sentiment Momentum,extended,1.0,momentum,SO,Utilities,0.0025290269910985,0.07100502324810475,1.0710050232481048,0.0027086006113965335,0.002080773372990754,True,False,False
2022-07-29,2022-08-01,2022-07-29,Extended Sentiment Momentum,extended,1.0,momentum,T,Comm,0.0,-0.4551409816698898,0.5448590183301102,0.0,0.0,True,False,False
2022-07-29,2022-08-01,2022-07-29,Extended Sentiment Momentum,extended,1.0,momentum,TMUS,Comm,0.0,-0.3959591373631429,0.6040408626368571,0.0,0.0,True,False,False
2022-07-29,2022-08-01,2022-07-29,Extended Sentiment Momentum,extended,1.0,momentum,TTWO,Comm,0.0272890368585703,2.678174338043603,3.678174338043603,0.1003738350831193,0.0771081578092961,True,False,False
2022-07-29,2022-08-01,2022-07-29,Extended Sentiment Momentum,extended,1.0,momentum,UPS,Industrials,0.0,-0.5596675072413021,0.4403324927586979,0.0,0.0,True,False,False
2022-07-29,2022-08-01,2022-07-29,Extended Sentiment Momentum,extended,1.0,momentum,USB,Financials,0.0,-0.46298037641260564,0.5370196235873943,0.0,0.0,True,False,False
2022-07-29,2022-08-01,2022-07-29,Extended Sentiment Momentum,extended,1.0,momentum,V,Financials,0.0,-0.43007009691401854,0.5699299030859815,0.0,0.0,True,False,False
2022-07-29,2022-08-01,2022-07-29,Extended Sentiment Momentum,extended,1.0,momentum,WFC,Financials,0.0,-0.28830835654515236,0.7116916434548477,0.0,0.0,True,False,False
2022-07-29,2022-08-01,2022-07-29,Extended Sentiment Momentum,extended,1.0,momentum,WMT,Consumer,0.1090489304728087,0.5418962973719851,1.5418962973719852,0.16814214212839879,0.1291684313834704,True,False,False
2022-07-29,2022-08-01,2022-07-29,Extended Sentiment Momentum,extended,1.0,momentum,XOM,Energy,0.0,1.038409773654164,2.038409773654164,0.0,0.0,True,False,False
2022-08-31,2022-09-01,2022-08-31,Extended Sentiment Momentum,extended,1.0,momentum,ABBV,Healthcare,0.0536434278939202,-0.5690484760129444,0.4309515239870556,0.02311771700277464,0.048114789679259314,True,False,False
2022-08-31,2022-09-01,2022-08-31,Extended Sentiment Momentum,extended,1.0,momentum,ABT,Healthcare,0.0,-2.0763699945979646,-1.0763699945979646,-0.0,-0.0,True,False,False
2022-08-31,2022-09-01,2022-08-31,Extended Sentiment Momentum,extended,1.0,momentum,ADBE,Tech,0.0,-0.3009011316750994,0.6990988683249006,0.0,0.0,True,False,False
2022-08-31,2022-09-01,2022-08-31,Extended Sentiment Momentum,extended,1.0,momentum,AEP,Utilities,0.0,,1.0,0.0,0.0,False,False,False
2022-08-31,2022-09-01,2022-08-31,Extended Sentiment Momentum,extended,1.0,momentum,AMD,Tech,0.0,0.586284077248068,1.586284077248068,0.0,0.0,True,False,False
2022-08-31,2022-09-01,2022-08-31,Extended Sentiment Momentum,extended,1.0,momentum,AMGN,Healthcare,0.133770645598937,-0.2657326995487257,0.7342673004512743,0.09822341082355561,0.20443189752637062,True,False,False
2022-08-31,2022-09-01,2022-08-31,Extended Sentiment Momentum,extended,1.0,momentum,AMT,RealEstate,0.0,-0.3289291034695144,0.6710708965304857,0.0,0.0,True,False,False
2022-08-31,2022-09-01,2022-08-31,Extended Sentiment Momentum,extended,1.0,momentum,BA,Industrials,0.0,,1.0,0.0,0.0,False,False,False
2022-08-31,2022-09-01,2022-08-31,Extended Sentiment Momentum,extended,1.0,momentum,CAT,Industrials,0.0,-0.25026684486756934,0.7497331551324307,0.0,0.0,True,False,False
2022-08-31,2022-09-01,2022-08-31,Extended Sentiment Momentum,extended,1.0,momentum,CCI,RealEstate,0.0,1.5665814360511028,2.566581436051103,0.0,0.0,True,False,False
2022-08-31,2022-09-01,2022-08-31,Extended Sentiment Momentum,extended,1.0,momentum,CMCSA,Comm,0.0,0.7820654243869328,1.782065424386933,0.0,0.0,True,False,False
2022-08-31,2022-09-01,2022-08-31,Extended Sentiment Momentum,extended,1.0,momentum,COP,Energy,0.0,1.5291934003239933,2.5291934003239933,0.0,0.0,True,False,False
2022-08-31,2022-09-01,2022-08-31,Extended Sentiment Momentum,extended,1.0,momentum,CVX,Energy,0.0739686101433591,0.5476722795113182,1.5476722795113182,0.11447916747285661,0.23826492317351666,True,False,False
2022-08-31,2022-09-01,2022-08-31,Extended Sentiment Momentum,extended,1.0,momentum,D,Utilities,0.0,,1.0,0.0,0.0,False,False,False
2022-08-31,2022-09-01,2022-08-31,Extended Sentiment Momentum,extended,1.0,momentum,DD,Materials,0.0,,1.0,0.0,0.0,False,False,False
2022-08-31,2022-09-01,2022-08-31,Extended Sentiment Momentum,extended,1.0,momentum,DIS,Consumer,0.0298601514968296,-0.9846623892029517,0.015337610797048318,0.00045798338199927214,0.0009531985402730759,True,False,False
2022-08-31,2022-09-01,2022-08-31,Extended Sentiment Momentum,extended,1.0,momentum,DOW,Materials,0.0,-0.2209701111744077,0.7790298888255923,0.0,0.0,True,False,False
2022-08-31,2022-09-01,2022-08-31,Extended Sentiment Momentum,extended,1.0,momentum,DUK,Utilities,0.1168555060329907,-0.38767400931532353,0.6123259906846765,0.07155366349861023,0.1489242847640584,True,False,False
2022-08-31,2022-09-01,2022-08-31,Extended Sentiment Momentum,extended,1.0,momentum,EA,Comm,0.1019097386081632,-0.3107293827510767,0.6892706172489234,0.07024338843412509,0.14619721577441233,True,False,False
2022-08-31,2022-09-01,2022-08-31,Extended Sentiment Momentum,extended,1.0,momentum,GE,Industrials,0.0,,1.0,0.0,0.0,False,False,False
2022-08-31,2022-09-01,2022-08-31,Extended Sentiment Momentum,extended,1.0,momentum,GILD,Healthcare,0.142524244327737,-3.6582213784297433,-2.6582213784297433,-0.37886099321653455,0.0,True,True,False
2022-08-31,2022-09-01,2022-08-31,Extended Sentiment Momentum,extended,1.0,momentum,GS,Financials,0.0,2.246388947214713,3.246388947214713,0.0,0.0,True,False,False
2022-08-31,2022-09-01,2022-08-31,Extended Sentiment Momentum,extended,1.0,momentum,INTC,Tech,0.0,0.32517351893389407,1.325173518933894,0.0,0.0,True,False,False
2022-08-31,2022-09-01,2022-08-31,Extended Sentiment Momentum,extended,1.0,momentum,KO,Consumer,0.0323693398370629,-0.4387400499807146,0.5612599500192854,0.01816761405910719,0.037812164986835935,True,False,False
2022-08-31,2022-09-01,2022-08-31,Extended Sentiment Momentum,extended,1.0,momentum,MMM,Industrials,0.0,-0.5463767528616179,0.4536232471383821,0.0,0.0,True,False,False
2022-08-31,2022-09-01,2022-08-31,Extended Sentiment Momentum,extended,1.0,momentum,MRK,Healthcare,0.0646693637507676,-2.3576815367807398,-1.3576815367807398,-0.08780040115977482,0.0,True,True,False
2022-08-31,2022-09-01,2022-08-31,Extended Sentiment Momentum,extended,1.0,momentum,MS,Financials,0.0,0.6356799008120814,1.6356799008120815,0.0,0.0,True,False,False
2022-08-31,2022-09-01,2022-08-31,Extended Sentiment Momentum,extended,1.0,momentum,NEE,Utilities,0.0,0.5184358204749445,1.5184358204749446,0.0,0.0,True,False,False
2022-08-31,2022-09-01,2022-08-31,Extended Sentiment Momentum,extended,1.0,momentum,NEM,Materials,0.059496057592236,-3.449153265304661,-2.449153265304661,-0.14571496372477896,0.0,True,True,False
2022-08-31,2022-09-01,2022-08-31,Extended Sentiment Momentum,extended,1.0,momentum,NKE,Consumer,0.0,-0.24759899347595238,0.7524010065240476,0.0,0.0,True,False,False
2022-08-31,2022-09-01,2022-08-31,Extended Sentiment Momentum,extended,1.0,momentum,NUE,Materials,0.0,,1.0,0.0,0.0,False,False,False
2022-08-31,2022-09-01,2022-08-31,Extended Sentiment Momentum,extended,1.0,momentum,NVDA,Tech,0.0,-0.5188866025031033,0.48111339749689674,0.0,0.0,True,False,False
2022-08-31,2022-09-01,2022-08-31,Extended Sentiment Momentum,extended,1.0,momentum,O,RealEstate,0.0190629835490111,-0.4534419633502216,0.5465580366497784,0.010419026861234531,0.021685068903243537,True,False,False
2022-08-31,2022-09-01,2022-08-31,Extended Sentiment Momentum,extended,1.0,momentum,OXY,Energy,0.0,0.5726042240101812,1.5726042240101812,0.0,0.0,True,False,False
2022-08-31,2022-09-01,2022-08-31,Extended Sentiment Momentum,extended,1.0,momentum,PLD,RealEstate,0.0,-0.341625157046315,0.658374842953685,0.0,0.0,True,False,False
2022-08-31,2022-09-01,2022-08-31,Extended Sentiment Momentum,extended,1.0,momentum,PSA,RealEstate,0.0,-0.5709373601931365,0.42906263980686354,0.0,0.0,True,False,False
2022-08-31,2022-09-01,2022-08-31,Extended Sentiment Momentum,extended,1.0,momentum,QCOM,Tech,0.0,,1.0,0.0,0.0,False,False,False
2022-08-31,2022-09-01,2022-08-31,Extended Sentiment Momentum,extended,1.0,momentum,SBUX,Consumer,0.0,0.834413961655172,1.834413961655172,0.0,0.0,True,False,False
2022-08-31,2022-09-01,2022-08-31,Extended Sentiment Momentum,extended,1.0,momentum,SHW,Materials,0.0257172350229008,-0.12791020982347492,0.8720897901765251,0.022427738095041942,0.046678740002524394,True,False,False
2022-08-31,2022-09-01,2022-08-31,Extended Sentiment Momentum,extended,1.0,momentum,SLB,Energy,0.0,,1.0,0.0,0.0,False,False,False
2022-08-31,2022-09-01,2022-08-31,Extended Sentiment Momentum,extended,1.0,momentum,SO,Utilities,0.0306219679750949,-0.4529311109111762,0.5470688890888238,0.016752326001848707,0.0348665329764438,True,False,False
2022-08-31,2022-09-01,2022-08-31,Extended Sentiment Momentum,extended,1.0,momentum,T,Comm,0.0,0.6474768101218505,1.6474768101218507,0.0,0.0,True,False,False
2022-08-31,2022-09-01,2022-08-31,Extended Sentiment Momentum,extended,1.0,momentum,TMUS,Comm,0.0,0.7040722184497881,1.704072218449788,0.0,0.0,True,False,False
2022-08-31,2022-09-01,2022-08-31,Extended Sentiment Momentum,extended,1.0,momentum,TTWO,Comm,0.0121737302143287,0.5807270686693329,1.5807270686693329,0.019243344876467096,0.040051078198835084,True,False,False
2022-08-31,2022-09-01,2022-08-31,Extended Sentiment Momentum,extended,1.0,momentum,UPS,Industrials,0.0042261330727831,1.5387361487299778,2.5387361487299778,0.010729036801217754,0.022330291052947263,True,False,False
2022-08-31,2022-09-01,2022-08-31,Extended Sentiment Momentum,extended,1.0,momentum,USB,Financials,0.0,-0.42841364619243794,0.5715863538075621,0.0,0.0,True,False,False
2022-08-31,2022-09-01,2022-08-31,Extended Sentiment Momentum,extended,1.0,momentum,V,Financials,0.0,-0.47713020297813274,0.5228697970218672,0.0,0.0,True,False,False
2022-08-31,2022-09-01,2022-08-31,Extended Sentiment Momentum,extended,1.0,momentum,WFC,Financials,0.0,-0.41645116663570975,0.5835488333642902,0.0,0.0,True,False,False
2022-08-31,2022-09-01,2022-08-31,Extended Sentiment Momentum,extended,1.0,momentum,WMT,Consumer,0.0991308648838773,-0.9530351526022908,0.04696484739770923,0.004655665941674231,0.009689814421279601,True,False,False
2022-08-31,2022-09-01,2022-08-31,Extended Sentiment Momentum,extended,1.0,momentum,XOM,Energy,0.0,0.6577983616523081,1.6577983616523082,0.0,0.0,True,False,False
2022-09-30,2022-10-03,2022-09-30,Extended Sentiment Momentum,extended,1.0,momentum,ABBV,Healthcare,0.0732522211490264,-0.5588381905492912,0.4411618094507088,0.03231608242838797,0.029951329554663297,True,False,False
2022-09-30,2022-10-03,2022-09-30,Extended Sentiment Momentum,extended,1.0,momentum,ABT,Healthcare,0.0,-0.4083111804359292,0.5916888195640708,0.0,0.0,True,False,False
2022-09-30,2022-10-03,2022-09-30,Extended Sentiment Momentum,extended,1.0,momentum,ADBE,Tech,0.0,-0.1863744372940632,0.8136255627059368,0.0,0.0,True,False,False
2022-09-30,2022-10-03,2022-09-30,Extended Sentiment Momentum,extended,1.0,momentum,AEP,Utilities,0.0,-0.7415411791053781,0.2584588208946219,0.0,0.0,True,False,False
2022-09-30,2022-10-03,2022-09-30,Extended Sentiment Momentum,extended,1.0,momentum,AMD,Tech,0.0,-0.6993133610435593,0.30068663895644065,0.0,0.0,True,False,False
2022-09-30,2022-10-03,2022-09-30,Extended Sentiment Momentum,extended,1.0,momentum,AMGN,Healthcare,0.1648368203171335,,1.0,0.1648368203171335,0.15277476590802105,False,False,False
2022-09-30,2022-10-03,2022-09-30,Extended Sentiment Momentum,extended,1.0,momentum,AMT,RealEstate,0.0,,1.0,0.0,0.0,False,False,False
2022-09-30,2022-10-03,2022-09-30,Extended Sentiment Momentum,extended,1.0,momentum,BA,Industrials,0.0,,1.0,0.0,0.0,False,False,False
2022-09-30,2022-10-03,2022-09-30,Extended Sentiment Momentum,extended,1.0,momentum,CAT,Industrials,0.0,,1.0,0.0,0.0,False,False,False
2022-09-30,2022-10-03,2022-09-30,Extended Sentiment Momentum,extended,1.0,momentum,CCI,RealEstate,0.0,,1.0,0.0,0.0,False,False,False
2022-09-30,2022-10-03,2022-09-30,Extended Sentiment Momentum,extended,1.0,momentum,CMCSA,Comm,0.0,0.019013781237070544,1.0190137812370705,0.0,0.0,True,False,False
2022-09-30,2022-10-03,2022-09-30,Extended Sentiment Momentum,extended,1.0,momentum,COP,Energy,0.0,0.9595989667263067,1.9595989667263067,0.0,0.0,True,False,False
2022-09-30,2022-10-03,2022-09-30,Extended Sentiment Momentum,extended,1.0,momentum,CVX,Energy,0.0777440136202092,-0.011184835351829618,0.9888151646481704,0.07687445962827677,0.07124911504250153,True,False,False
2022-09-30,2022-10-03,2022-09-30,Extended Sentiment Momentum,extended,1.0,momentum,D,Utilities,0.0,,1.0,0.0,0.0,False,False,False
2022-09-30,2022-10-03,2022-09-30,Extended Sentiment Momentum,extended,1.0,momentum,DD,Materials,0.0,0.9727335381186739,1.972733538118674,0.0,0.0,True,False,False
2022-09-30,2022-10-03,2022-09-30,Extended Sentiment Momentum,extended,1.0,momentum,DIS,Consumer,0.0,-0.3030589284776005,0.6969410715223995,0.0,0.0,True,False,False
2022-09-30,2022-10-03,2022-09-30,Extended Sentiment Momentum,extended,1.0,momentum,DOW,Materials,0.0,-0.2475092574685141,0.752490742531486,0.0,0.0,True,False,False
2022-09-30,2022-10-03,2022-09-30,Extended Sentiment Momentum,extended,1.0,momentum,DUK,Utilities,0.0578576892474824,,1.0,0.0578576892474824,0.05362391068789856,False,False,False
2022-09-30,2022-10-03,2022-09-30,Extended Sentiment Momentum,extended,1.0,momentum,EA,Comm,0.0946902394116948,,1.0,0.0946902394116948,0.08776121216160396,False,False,False
2022-09-30,2022-10-03,2022-09-30,Extended Sentiment Momentum,extended,1.0,momentum,GE,Industrials,0.0,-0.32806926314286255,0.6719307368571374,0.0,0.0,True,False,False
2022-09-30,2022-10-03,2022-09-30,Extended Sentiment Momentum,extended,1.0,momentum,GILD,Healthcare,0.0974731682058417,,1.0,0.0974731682058417,0.09034049811389608,False,False,False
2022-09-30,2022-10-03,2022-09-30,Extended Sentiment Momentum,extended,1.0,momentum,GS,Financials,0.0,,1.0,0.0,0.0,False,False,False
2022-09-30,2022-10-03,2022-09-30,Extended Sentiment Momentum,extended,1.0,momentum,INTC,Tech,0.0,0.17238869323397085,1.1723886932339709,0.0,0.0,True,False,False
2022-09-30,2022-10-03,2022-09-30,Extended Sentiment Momentum,extended,1.0,momentum,KO,Consumer,0.0629928517538217,0.8483676627860661,1.8483676627860661,0.11643395016844056,0.10791381104359214,True,False,False
2022-09-30,2022-10-03,2022-09-30,Extended Sentiment Momentum,extended,1.0,momentum,MMM,Industrials,0.0204597539489337,2.054558174412519,3.054558174412519,0.06249550867118425,0.057922354296653836,True,False,False
2022-09-30,2022-10-03,2022-09-30,Extended Sentiment Momentum,extended,1.0,momentum,MRK,Healthcare,0.0784927707340805,-0.5484886785861562,0.45151132141384376,0.035440374635578566,0.03284699940356892,True,False,False
2022-09-30,2022-10-03,2022-09-30,Extended Sentiment Momentum,extended,1.0,momentum,MS,Financials,0.0,-1.5500414809790934,-0.5500414809790934,-0.0,-0.0,True,False,False
2022-09-30,2022-10-03,2022-09-30,Extended Sentiment Momentum,extended,1.0,momentum,NEE,Utilities,0.0,,1.0,0.0,0.0,False,False,False
2022-09-30,2022-10-03,2022-09-30,Extended Sentiment Momentum,extended,1.0,momentum,NEM,Materials,0.0556210288028257,,1.0,0.0556210288028257,0.051550919500670235,False,False,False
2022-09-30,2022-10-03,2022-09-30,Extended Sentiment Momentum,extended,1.0,momentum,NKE,Consumer,0.0,-0.7479205377587776,0.25207946224122235,0.0,0.0,True,False,False
2022-09-30,2022-10-03,2022-09-30,Extended Sentiment Momentum,extended,1.0,momentum,NUE,Materials,0.0,-0.37640452731451607,0.623595472685484,0.0,0.0,True,False,False
2022-09-30,2022-10-03,2022-09-30,Extended Sentiment Momentum,extended,1.0,momentum,NVDA,Tech,0.0,-0.6036836012019702,0.3963163987980298,0.0,0.0,True,False,False
2022-09-30,2022-10-03,2022-09-30,Extended Sentiment Momentum,extended,1.0,momentum,O,RealEstate,0.0727570623837457,0.5294819413948914,1.5294819413948915,0.1112806130248806,0.10313757309968023,True,False,False
2022-09-30,2022-10-03,2022-09-30,Extended Sentiment Momentum,extended,1.0,momentum,OXY,Energy,0.0,0.5675146493551831,1.567514649355183,0.0,0.0,True,False,False
2022-09-30,2022-10-03,2022-09-30,Extended Sentiment Momentum,extended,1.0,momentum,PLD,RealEstate,0.0,1.7416948935525547,2.7416948935525545,0.0,0.0,True,False,False
2022-09-30,2022-10-03,2022-09-30,Extended Sentiment Momentum,extended,1.0,momentum,PSA,RealEstate,0.0,,1.0,0.0,0.0,False,False,False
2022-09-30,2022-10-03,2022-09-30,Extended Sentiment Momentum,extended,1.0,momentum,QCOM,Tech,0.0,-2.7130550176481956,-1.7130550176481956,-0.0,-0.0,True,False,False
2022-09-30,2022-10-03,2022-09-30,Extended Sentiment Momentum,extended,1.0,momentum,SBUX,Consumer,0.0,0.7933547016578404,1.7933547016578404,0.0,0.0,True,False,False
2022-09-30,2022-10-03,2022-09-30,Extended Sentiment Momentum,extended,1.0,momentum,SHW,Materials,0.0135538873477348,,1.0,0.0135538873477348,0.012562071767157476,False,False,False
2022-09-30,2022-10-03,2022-09-30,Extended Sentiment Momentum,extended,1.0,momentum,SLB,Energy,0.0,,1.0,0.0,0.0,False,False,False
2022-09-30,2022-10-03,2022-09-30,Extended Sentiment Momentum,extended,1.0,momentum,SO,Utilities,0.0,,1.0,0.0,0.0,False,False,False
2022-09-30,2022-10-03,2022-09-30,Extended Sentiment Momentum,extended,1.0,momentum,T,Comm,0.0,-0.5497216744207342,0.45027832557926584,0.0,0.0,True,False,False
2022-09-30,2022-10-03,2022-09-30,Extended Sentiment Momentum,extended,1.0,momentum,TMUS,Comm,0.0,,1.0,0.0,0.0,False,False,False
2022-09-30,2022-10-03,2022-09-30,Extended Sentiment Momentum,extended,1.0,momentum,TTWO,Comm,0.0136338485998738,-0.21585634848998203,0.784143651510018,0.010690895825239789,0.009908581734989215,True,False,False
2022-09-30,2022-10-03,2022-09-30,Extended Sentiment Momentum,extended,1.0,momentum,UPS,Industrials,0.0009307205213781,-0.5950445383730655,0.4049554616269345,0.00037690035838032964,0.00034932040008672153,True,False,False
2022-09-30,2022-10-03,2022-09-30,Extended Sentiment Momentum,extended,1.0,momentum,USB,Financials,0.0,,1.0,0.0,0.0,False,False,False
2022-09-30,2022-10-03,2022-09-30,Extended Sentiment Momentum,extended,1.0,momentum,V,Financials,0.0,0.42038161018659725,1.4203816101865971,0.0,0.0,True,False,False
2022-09-30,2022-10-03,2022-09-30,Extended Sentiment Momentum,extended,1.0,momentum,WFC,Financials,0.0,2.5948923570984976,3.5948923570984976,0.0,0.0,True,False,False
2022-09-30,2022-10-03,2022-09-30,Extended Sentiment Momentum,extended,1.0,momentum,WMT,Consumer,0.1157039239562172,0.2878696087309344,1.2878696087309345,0.14901156727412723,0.13810753728501673,True,False,False
2022-09-30,2022-10-03,2022-09-30,Extended Sentiment Momentum,extended,1.0,momentum,XOM,Energy,0.0,,1.0,0.0,0.0,False,False,False
2022-10-31,2022-11-01,2022-10-31,Extended Sentiment Momentum,extended,1.0,momentum,ABBV,Healthcare,0.0884388985407528,,1.0,0.0884388985407528,0.054830145285400096,False,False,False
2022-10-31,2022-11-01,2022-10-31,Extended Sentiment Momentum,extended,1.0,momentum,ABT,Healthcare,0.0,,1.0,0.0,0.0,False,False,False
2022-10-31,2022-11-01,2022-10-31,Extended Sentiment Momentum,extended,1.0,momentum,ADBE,Tech,0.0,0.5779187734398302,1.5779187734398303,0.0,0.0,True,False,False
2022-10-31,2022-11-01,2022-10-31,Extended Sentiment Momentum,extended,1.0,momentum,AEP,Utilities,0.0,2.1210589727166123,3.1210589727166123,0.0,0.0,True,False,False
2022-10-31,2022-11-01,2022-10-31,Extended Sentiment Momentum,extended,1.0,momentum,AMD,Tech,0.0,-0.5823371821387626,0.4176628178612374,0.0,0.0,True,False,False
2022-10-31,2022-11-01,2022-10-31,Extended Sentiment Momentum,extended,1.0,momentum,AMGN,Healthcare,0.1762036129743767,0.7271536284499778,1.7271536284499778,0.3043307094946903,0.18867825461116064,True,False,False
2022-10-31,2022-11-01,2022-10-31,Extended Sentiment Momentum,extended,1.0,momentum,AMT,RealEstate,0.0,0.65394861149309,1.6539486114930901,0.0,0.0,True,False,False
2022-10-31,2022-11-01,2022-10-31,Extended Sentiment Momentum,extended,1.0,momentum,BA,Industrials,0.0,,1.0,0.0,0.0,False,False,False
2022-10-31,2022-11-01,2022-10-31,Extended Sentiment Momentum,extended,1.0,momentum,CAT,Industrials,0.0,0.36445076377204694,1.3644507637720469,0.0,0.0,True,False,False
2022-10-31,2022-11-01,2022-10-31,Extended Sentiment Momentum,extended,1.0,momentum,CCI,RealEstate,0.0,-0.4719796219671276,0.5280203780328724,0.0,0.0,True,False,False
2022-10-31,2022-11-01,2022-10-31,Extended Sentiment Momentum,extended,1.0,momentum,CMCSA,Comm,0.0,0.07607625561061031,1.0760762556106103,0.0,0.0,True,False,False
2022-10-31,2022-11-01,2022-10-31,Extended Sentiment Momentum,extended,1.0,momentum,COP,Energy,0.0,1.1722768712745528,2.172276871274553,0.0,0.0,True,False,False
2022-10-31,2022-11-01,2022-10-31,Extended Sentiment Momentum,extended,1.0,momentum,CVX,Energy,0.0715369700267971,-0.6532587063756421,0.3467412936243579,0.024804821529058545,0.01537843630639504,True,False,False
2022-10-31,2022-11-01,2022-10-31,Extended Sentiment Momentum,extended,1.0,momentum,D,Utilities,0.0,1.215885424747479,2.215885424747479,0.0,0.0,True,False,False
2022-10-31,2022-11-01,2022-10-31,Extended Sentiment Momentum,extended,1.0,momentum,DD,Materials,0.0,,1.0,0.0,0.0,False,False,False
2022-10-31,2022-11-01,2022-10-31,Extended Sentiment Momentum,extended,1.0,momentum,DIS,Consumer,0.0,0.9074629616580512,1.9074629616580512,0.0,0.0,True,False,False
2022-10-31,2022-11-01,2022-10-31,Extended Sentiment Momentum,extended,1.0,momentum,DOW,Materials,0.0,,1.0,0.0,0.0,False,False,False
2022-10-31,2022-11-01,2022-10-31,Extended Sentiment Momentum,extended,1.0,momentum,DUK,Utilities,0.0194134530647456,-0.22509805217776882,0.7749019478222312,0.015043522593826828,0.009326648601843868,True,False,False
2022-10-31,2022-11-01,2022-10-31,Extended Sentiment Momentum,extended,1.0,momentum,EA,Comm,0.1053449844994996,-0.1364897408684397,0.8635102591315603,0.0909664748633731,0.05639718625126363,True,False,False
2022-10-31,2022-11-01,2022-10-31,Extended Sentiment Momentum,extended,1.0,momentum,GE,Industrials,0.0,0.5617659444763264,1.5617659444763263,0.0,0.0,True,False,False
2022-10-31,2022-11-01,2022-10-31,Extended Sentiment Momentum,extended,1.0,momentum,GILD,Healthcare,0.0381392642550309,-0.2969421687126594,0.7030578312873406,0.02681410841403681,0.016624149376562248,True,False,False
2022-10-31,2022-11-01,2022-10-31,Extended Sentiment Momentum,extended,1.0,momentum,GS,Financials,0.0,0.07772583748193373,1.0777258374819336,0.0,0.0,True,False,False
2022-10-31,2022-11-01,2022-10-31,Extended Sentiment Momentum,extended,1.0,momentum,INTC,Tech,0.0,-0.25823016182620384,0.7417698381737962,0.0,0.0,True,False,False
2022-10-31,2022-11-01,2022-10-31,Extended Sentiment Momentum,extended,1.0,momentum,KO,Consumer,0.0817710001440314,-0.4037355485969717,0.5962644514030283,0.04875714054155783,0.03022834005968988,True,False,False
2022-10-31,2022-11-01,2022-10-31,Extended Sentiment Momentum,extended,1.0,momentum,MMM,Industrials,0.0,1.5051642663152178,2.5051642663152176,0.0,0.0,True,False,False
2022-10-31,2022-11-01,2022-10-31,Extended Sentiment Momentum,extended,1.0,momentum,MRK,Healthcare,0.13414195520691,3.3353805513860175,4.3353805513860175,0.5815564237289319,0.36055201648651847,True,False,False
2022-10-31,2022-11-01,2022-10-31,Extended Sentiment Momentum,extended,1.0,momentum,MS,Financials,0.0,-0.31702829566279417,0.6829717043372059,0.0,0.0,True,False,False
2022-10-31,2022-11-01,2022-10-31,Extended Sentiment Momentum,extended,1.0,momentum,NEE,Utilities,0.0,0.21561920104961543,1.2156192010496154,0.0,0.0,True,False,False
2022-10-31,2022-11-01,2022-10-31,Extended Sentiment Momentum,extended,1.0,momentum,NEM,Materials,0.0553090386081677,,1.0,0.0553090386081677,0.03429037078163304,False,False,False
2022-10-31,2022-11-01,2022-10-31,Extended Sentiment Momentum,extended,1.0,momentum,NKE,Consumer,0.0,-1.2990084905794677,-0.29900849057946766,-0.0,-0.0,True,False,False
2022-10-31,2022-11-01,2022-10-31,Extended Sentiment Momentum,extended,1.0,momentum,NUE,Materials,0.0,,1.0,0.0,0.0,False,False,False
2022-10-31,2022-11-01,2022-10-31,Extended Sentiment Momentum,extended,1.0,momentum,NVDA,Tech,0.0,-1.1421603887403267,-0.14216038874032666,-0.0,-0.0,True,False,False
2022-10-31,2022-11-01,2022-10-31,Extended Sentiment Momentum,extended,1.0,momentum,O,RealEstate,0.0827719555512988,0.5474699087908265,1.5474699087908266,0.1280871105074067,0.07941115271886816,True,False,False
2022-10-31,2022-11-01,2022-10-31,Extended Sentiment Momentum,extended,1.0,momentum,OXY,Energy,0.0,0.03413693803291121,1.0341369380329113,0.0,0.0,True,False,False
2022-10-31,2022-11-01,2022-10-31,Extended Sentiment Momentum,extended,1.0,momentum,PLD,RealEstate,0.0,1.5811124185027814,2.5811124185027814,0.0,0.0,True,False,False
2022-10-31,2022-11-01,2022-10-31,Extended Sentiment Momentum,extended,1.0,momentum,PSA,RealEstate,0.0,-0.5818880845515969,0.4181119154484031,0.0,0.0,True,False,False
2022-10-31,2022-11-01,2022-10-31,Extended Sentiment Momentum,extended,1.0,momentum,QCOM,Tech,0.0,0.17267696552194645,1.1726769655219464,0.0,0.0,True,False,False
2022-10-31,2022-11-01,2022-10-31,Extended Sentiment Momentum,extended,1.0,momentum,SBUX,Consumer,0.0,-0.3321772452873658,0.6678227547126342,0.0,0.0,True,False,False
2022-10-31,2022-11-01,2022-10-31,Extended Sentiment Momentum,extended,1.0,momentum,SHW,Materials,0.0,-0.1474049809456647,0.8525950190543353,0.0,0.0,True,False,False
2022-10-31,2022-11-01,2022-10-31,Extended Sentiment Momentum,extended,1.0,momentum,SLB,Energy,0.0,-0.3200018392401227,0.6799981607598773,0.0,0.0,True,False,False
2022-10-31,2022-11-01,2022-10-31,Extended Sentiment Momentum,extended,1.0,momentum,SO,Utilities,0.0,1.9863473180260833,2.986347318026083,0.0,0.0,True,False,False
2022-10-31,2022-11-01,2022-10-31,Extended Sentiment Momentum,extended,1.0,momentum,T,Comm,0.0,-0.4781436355626075,0.5218563644373925,0.0,0.0,True,False,False
2022-10-31,2022-11-01,2022-10-31,Extended Sentiment Momentum,extended,1.0,momentum,TMUS,Comm,0.0,,1.0,0.0,0.0,False,False,False
2022-10-31,2022-11-01,2022-10-31,Extended Sentiment Momentum,extended,1.0,momentum,TTWO,Comm,0.0199490792244301,2.6846750568550033,3.6846750568550033,0.07350587462548194,0.04557200340061215,True,False,False
2022-10-31,2022-11-01,2022-10-31,Extended Sentiment Momentum,extended,1.0,momentum,UPS,Industrials,0.0160948216448297,,1.0,0.0160948216448297,0.009978430573985106,False,False,False
2022-10-31,2022-11-01,2022-10-31,Extended Sentiment Momentum,extended,1.0,momentum,USB,Financials,0.0,1.451796559970892,2.4517965599708917,0.0,0.0,True,False,False
2022-10-31,2022-11-01,2022-10-31,Extended Sentiment Momentum,extended,1.0,momentum,V,Financials,0.0,1.1406601195657138,2.140660119565714,0.0,0.0,True,False,False
2022-10-31,2022-11-01,2022-10-31,Extended Sentiment Momentum,extended,1.0,momentum,WFC,Financials,0.0,0.15336679185283886,1.153366791852839,0.0,0.0,True,False,False
2022-10-31,2022-11-01,2022-10-31,Extended Sentiment Momentum,extended,1.0,momentum,WMT,Consumer,0.110884966259129,0.4361936478265753,1.4361936478265753,0.1592522841808252,0.09873286554606771,True,False,False
2022-10-31,2022-11-01,2022-10-31,Extended Sentiment Momentum,extended,1.0,momentum,XOM,Energy,0.0,0.22379939249140346,1.2237993924914035,0.0,0.0,True,False,False
2022-11-30,2022-12-01,2022-11-30,Extended Sentiment Momentum,extended,1.0,momentum,ABBV,Healthcare,0.0636545214473313,0.540472332066667,1.540472332066667,0.09805802910055812,0.08022287489237079,True,False,False
2022-11-30,2022-12-01,2022-11-30,Extended Sentiment Momentum,extended,1.0,momentum,ABT,Healthcare,0.0,-0.39923751990788897,0.600762480092111,0.0,0.0,True,False,False
2022-11-30,2022-12-01,2022-11-30,Extended Sentiment Momentum,extended,1.0,momentum,ADBE,Tech,0.0,0.010781051989313452,1.0107810519893135,0.0,0.0,True,False,False
2022-11-30,2022-12-01,2022-11-30,Extended Sentiment Momentum,extended,1.0,momentum,AEP,Utilities,0.0,1.3006322569973938,2.300632256997394,0.0,0.0,True,False,False
2022-11-30,2022-12-01,2022-11-30,Extended Sentiment Momentum,extended,1.0,momentum,AMD,Tech,0.0,0.6141175864323203,1.6141175864323203,0.0,0.0,True,False,False
2022-11-30,2022-12-01,2022-11-30,Extended Sentiment Momentum,extended,1.0,momentum,AMGN,Healthcare,0.1709019314852956,0.15213890998909924,1.1521389099890993,0.1969027650565002,0.16108936751003478,True,False,False
2022-11-30,2022-12-01,2022-11-30,Extended Sentiment Momentum,extended,1.0,momentum,AMT,RealEstate,0.0,,1.0,0.0,0.0,False,False,False
2022-11-30,2022-12-01,2022-11-30,Extended Sentiment Momentum,extended,1.0,momentum,BA,Industrials,0.0,,1.0,0.0,0.0,False,False,False
2022-11-30,2022-12-01,2022-11-30,Extended Sentiment Momentum,extended,1.0,momentum,CAT,Industrials,0.0,2.82215452200227,3.82215452200227,0.0,0.0,True,False,False
2022-11-30,2022-12-01,2022-11-30,Extended Sentiment Momentum,extended,1.0,momentum,CCI,RealEstate,0.0,-0.4042164156193878,0.5957835843806122,0.0,0.0,True,False,False
2022-11-30,2022-12-01,2022-11-30,Extended Sentiment Momentum,extended,1.0,momentum,CMCSA,Comm,0.0,0.9872005979025305,1.9872005979025305,0.0,0.0,True,False,False
2022-11-30,2022-12-01,2022-11-30,Extended Sentiment Momentum,extended,1.0,momentum,COP,Energy,0.0,0.13001215323243456,1.1300121532324345,0.0,0.0,True,False,False
2022-11-30,2022-12-01,2022-11-30,Extended Sentiment Momentum,extended,1.0,momentum,CVX,Energy,0.0605235864817061,-0.5008401913277565,0.4991598086722435,0.030210941848366403,0.024716064870086117,True,False,False
2022-11-30,2022-12-01,2022-11-30,Extended Sentiment Momentum,extended,1.0,momentum,D,Utilities,0.0069548754457917,-0.3584449144657317,0.6415550855342683,0.004461935711505076,0.0036503824688827627,True,False,False
2022-11-30,2022-12-01,2022-11-30,Extended Sentiment Momentum,extended,1.0,momentum,DD,Materials,0.0,-0.1384355928441086,0.8615644071558914,0.0,0.0,True,False,False
2022-11-30,2022-12-01,2022-11-30,Extended Sentiment Momentum,extended,1.0,momentum,DIS,Consumer,0.0,0.5365050533752104,1.5365050533752105,0.0,0.0,True,False,False
2022-11-30,2022-12-01,2022-11-30,Extended Sentiment Momentum,extended,1.0,momentum,DOW,Materials,0.0,-0.07808377983684131,0.9219162201631587,0.0,0.0,True,False,False
2022-11-30,2022-12-01,2022-11-30,Extended Sentiment Momentum,extended,1.0,momentum,DUK,Utilities,0.0099964961485953,,1.0,0.0099964961485953,0.00817829674170213,False,False,False
2022-11-30,2022-12-01,2022-11-30,Extended Sentiment Momentum,extended,1.0,momentum,EA,Comm,0.1055331721303579,,1.0,0.1055331721303579,0.08633841147395187,False,False,False
2022-11-30,2022-12-01,2022-11-30,Extended Sentiment Momentum,extended,1.0,momentum,GE,Industrials,0.0,-1.3063717154619536,-0.30637171546195363,-0.0,-0.0,True,False,False
2022-11-30,2022-12-01,2022-11-30,Extended Sentiment Momentum,extended,1.0,momentum,GILD,Healthcare,0.0271618217500063,-0.15392208910273783,0.8460779108972621,0.022981017402409147,0.01880114561636005,True,False,False
2022-11-30,2022-12-01,2022-11-30,Extended Sentiment Momentum,extended,1.0,momentum,GS,Financials,0.0,,1.0,0.0,0.0,False,False,False
2022-11-30,2022-12-01,2022-11-30,Extended Sentiment Momentum,extended,1.0,momentum,INTC,Tech,0.0,-0.665457878038899,0.334542121961101,0.0,0.0,True,False,False
2022-11-30,2022-12-01,2022-11-30,Extended Sentiment Momentum,extended,1.0,momentum,KO,Consumer,0.094522497493962,-0.37406358862287564,0.6259364113771244,0.05916507287577381,0.04840391228385588,True,False,False
2022-11-30,2022-12-01,2022-11-30,Extended Sentiment Momentum,extended,1.0,momentum,MMM,Industrials,0.0,-0.11125787168994614,0.8887421283100538,0.0,0.0,True,False,False
2022-11-30,2022-12-01,2022-11-30,Extended Sentiment Momentum,extended,1.0,momentum,MRK,Healthcare,0.2389892193193449,0.5782650432212156,1.5782650432212155,0.3771883305584504,0.30858393270603207,True,False,False
2022-11-30,2022-12-01,2022-11-30,Extended Sentiment Momentum,extended,1.0,momentum,MS,Financials,0.0,-0.19464480911250429,0.8053551908874957,0.0,0.0,True,False,False
2022-11-30,2022-12-01,2022-11-30,Extended Sentiment Momentum,extended,1.0,momentum,NEE,Utilities,0.0,0.41406229830439983,1.4140622983043998,0.0,0.0,True,False,False
2022-11-30,2022-12-01,2022-11-30,Extended Sentiment Momentum,extended,1.0,momentum,NEM,Materials,0.0152060566649274,-0.1876883897972803,0.8123116102027197,0.012352056374320974,0.010105419028608871,True,False,False
2022-11-30,2022-12-01,2022-11-30,Extended Sentiment Momentum,extended,1.0,momentum,NKE,Consumer,0.0,1.4166720495814193,2.416672049581419,0.0,0.0,True,False,False
2022-11-30,2022-12-01,2022-11-30,Extended Sentiment Momentum,extended,1.0,momentum,NUE,Materials,0.0,-0.37638126586759313,0.6236187341324069,0.0,0.0,True,False,False
2022-11-30,2022-12-01,2022-11-30,Extended Sentiment Momentum,extended,1.0,momentum,NVDA,Tech,0.0,0.6193630906041095,1.6193630906041094,0.0,0.0,True,False,False
2022-11-30,2022-12-01,2022-11-30,Extended Sentiment Momentum,extended,1.0,momentum,O,RealEstate,0.0420479540983302,-0.555616565320827,0.44438343467917296,0.01868541426344818,0.015286842541282446,True,False,False
2022-11-30,2022-12-01,2022-11-30,Extended Sentiment Momentum,extended,1.0,momentum,OXY,Energy,0.0,1.4378036472759628,2.4378036472759628,0.0,0.0,True,False,False
2022-11-30,2022-12-01,2022-11-30,Extended Sentiment Momentum,extended,1.0,momentum,PLD,RealEstate,0.0,,1.0,0.0,0.0,False,False,False
2022-11-30,2022-12-01,2022-11-30,Extended Sentiment Momentum,extended,1.0,momentum,PSA,RealEstate,0.0,-1.6087246007200322,-0.6087246007200322,-0.0,-0.0,True,False,False
2022-11-30,2022-12-01,2022-11-30,Extended Sentiment Momentum,extended,1.0,momentum,QCOM,Tech,0.0,-0.7240781051634202,0.2759218948365798,0.0,0.0,True,False,False
2022-11-30,2022-12-01,2022-11-30,Extended Sentiment Momentum,extended,1.0,momentum,SBUX,Consumer,0.0,,1.0,0.0,0.0,False,False,False
2022-11-30,2022-12-01,2022-11-30,Extended Sentiment Momentum,extended,1.0,momentum,SHW,Materials,0.0,-0.11215096020288377,0.8878490397971163,0.0,0.0,True,False,False
2022-11-30,2022-12-01,2022-11-30,Extended Sentiment Momentum,extended,1.0,momentum,SLB,Energy,0.0,,1.0,0.0,0.0,False,False,False
2022-11-30,2022-12-01,2022-11-30,Extended Sentiment Momentum,extended,1.0,momentum,SO,Utilities,0.0,,1.0,0.0,0.0,False,False,False
2022-11-30,2022-12-01,2022-11-30,Extended Sentiment Momentum,extended,1.0,momentum,T,Comm,0.0,-0.46399722562159035,0.5360027743784097,0.0,0.0,True,False,False
2022-11-30,2022-12-01,2022-11-30,Extended Sentiment Momentum,extended,1.0,momentum,TMUS,Comm,0.0,1.82845237325205,2.82845237325205,0.0,0.0,True,False,False
2022-11-30,2022-12-01,2022-11-30,Extended Sentiment Momentum,extended,1.0,momentum,TTWO,Comm,0.0365480005087775,,1.0,0.0365480005087775,0.02990051604418055,False,False,False
2022-11-30,2022-12-01,2022-11-30,Extended Sentiment Momentum,extended,1.0,momentum,UPS,Industrials,0.0,-0.04199754530560826,0.9580024546943917,0.0,0.0,True,False,False
2022-11-30,2022-12-01,2022-11-30,Extended Sentiment Momentum,extended,1.0,momentum,USB,Financials,0.0,-1.5072982503627352,-0.5072982503627352,-0.0,-0.0,True,False,False
2022-11-30,2022-12-01,2022-11-30,Extended Sentiment Momentum,extended,1.0,momentum,V,Financials,0.0,0.3453906569585684,1.3453906569585685,0.0,0.0,True,False,False
2022-11-30,2022-12-01,2022-11-30,Extended Sentiment Momentum,extended,1.0,momentum,WFC,Financials,0.0,,1.0,0.0,0.0,False,False,False
2022-11-30,2022-12-01,2022-11-30,Extended Sentiment Momentum,extended,1.0,momentum,WMT,Consumer,0.1123796898680799,1.03856164449172,2.03856164449172,0.22909292538494247,0.18742466333926008,True,False,False
2022-11-30,2022-12-01,2022-11-30,Extended Sentiment Momentum,extended,1.0,momentum,XOM,Energy,0.0155801771574935,0.3571027169203202,1.3571027169203203,0.02114390075053434,0.01729817048339152,True,False,False
2022-12-30,2023-01-03,2022-12-30,Extended Sentiment Momentum,extended,1.0,momentum,ABBV,Healthcare,0.0780299846514553,-0.6328939858725722,0.3671060141274278,0.028645276647820128,0.02643857399628749,True,False,False
2022-12-30,2023-01-03,2022-12-30,Extended Sentiment Momentum,extended,1.0,momentum,ABT,Healthcare,0.0,-0.5046208409907672,0.4953791590092328,0.0,0.0,True,False,False
2022-12-30,2023-01-03,2022-12-30,Extended Sentiment Momentum,extended,1.0,momentum,ADBE,Tech,0.0,-2.4947553358570236,-1.4947553358570236,-0.0,-0.0,True,False,False
2022-12-30,2023-01-03,2022-12-30,Extended Sentiment Momentum,extended,1.0,momentum,AEP,Utilities,0.0,-0.49955876905374746,0.5004412309462525,0.0,0.0,True,False,False
2022-12-30,2023-01-03,2022-12-30,Extended Sentiment Momentum,extended,1.0,momentum,AMD,Tech,0.0,-1.4318800378886043,-0.4318800378886043,-0.0,-0.0,True,False,False
2022-12-30,2023-01-03,2022-12-30,Extended Sentiment Momentum,extended,1.0,momentum,AMGN,Healthcare,0.1763114654714215,,1.0,0.1763114654714215,0.16272922700555567,False,False,False
2022-12-30,2023-01-03,2022-12-30,Extended Sentiment Momentum,extended,1.0,momentum,AMT,RealEstate,0.0,-0.47145569998631187,0.5285443000136881,0.0,0.0,True,False,False
2022-12-30,2023-01-03,2022-12-30,Extended Sentiment Momentum,extended,1.0,momentum,BA,Industrials,0.0,,1.0,0.0,0.0,False,False,False
2022-12-30,2023-01-03,2022-12-30,Extended Sentiment Momentum,extended,1.0,momentum,CAT,Industrials,0.0,0.6589478455481268,1.6589478455481268,0.0,0.0,True,False,False
2022-12-30,2023-01-03,2022-12-30,Extended Sentiment Momentum,extended,1.0,momentum,CCI,RealEstate,0.0,,1.0,0.0,0.0,False,False,False
2022-12-30,2023-01-03,2022-12-30,Extended Sentiment Momentum,extended,1.0,momentum,CMCSA,Comm,0.0,2.0133100066566656,3.0133100066566656,0.0,0.0,True,False,False
2022-12-30,2023-01-03,2022-12-30,Extended Sentiment Momentum,extended,1.0,momentum,COP,Energy,0.0,1.4768143758397634,2.4768143758397634,0.0,0.0,True,False,False
2022-12-30,2023-01-03,2022-12-30,Extended Sentiment Momentum,extended,1.0,momentum,CVX,Energy,0.0522800106494199,0.24353085960605939,1.2435308596060595,0.06501180658308707,0.06000359082271519,True,False,False
2022-12-30,2023-01-03,2022-12-30,Extended Sentiment Momentum,extended,1.0,momentum,D,Utilities,0.017383203564278,-0.4246348035791767,0.5753651964208233,0.010001690333183967,0.00923120531223637,True,False,False
2022-12-30,2023-01-03,2022-12-30,Extended Sentiment Momentum,extended,1.0,momentum,DD,Materials,0.0,,1.0,0.0,0.0,False,False,False
2022-12-30,2023-01-03,2022-12-30,Extended Sentiment Momentum,extended,1.0,momentum,DIS,Consumer,0.0,1.4767080300423308,2.4767080300423308,0.0,0.0,True,False,False
2022-12-30,2023-01-03,2022-12-30,Extended Sentiment Momentum,extended,1.0,momentum,DOW,Materials,0.0,,1.0,0.0,0.0,False,False,False
2022-12-30,2023-01-03,2022-12-30,Extended Sentiment Momentum,extended,1.0,momentum,DUK,Utilities,0.0171448605754869,1.1696143907034158,2.1696143907034156,0.03719773623118002,0.03433219074591402,True,False,False
2022-12-30,2023-01-03,2022-12-30,Extended Sentiment Momentum,extended,1.0,momentum,EA,Comm,0.1050361931431727,,1.0,0.1050361931431727,0.09694467953115206,False,False,False
2022-12-30,2023-01-03,2022-12-30,Extended Sentiment Momentum,extended,1.0,momentum,GE,Industrials,0.0,,1.0,0.0,0.0,False,False,False
2022-12-30,2023-01-03,2022-12-30,Extended Sentiment Momentum,extended,1.0,momentum,GILD,Healthcare,0.0099375847053083,,1.0,0.0099375847053083,0.0091720380922089,False,False,False
2022-12-30,2023-01-03,2022-12-30,Extended Sentiment Momentum,extended,1.0,momentum,GS,Financials,0.0,1.097566380384426,2.0975663803844258,0.0,0.0,True,False,False
2022-12-30,2023-01-03,2022-12-30,Extended Sentiment Momentum,extended,1.0,momentum,INTC,Tech,0.0,-0.17206650402306237,0.8279334959769377,0.0,0.0,True,False,False
2022-12-30,2023-01-03,2022-12-30,Extended Sentiment Momentum,extended,1.0,momentum,KO,Consumer,0.091981060358994,-0.49263112521448643,0.5073688747855136,0.0466683270959212,0.0430732100924693,True,False,False
2022-12-30,2023-01-03,2022-12-30,Extended Sentiment Momentum,extended,1.0,momentum,MMM,Industrials,0.0,-0.1497851893125464,0.8502148106874536,0.0,0.0,True,False,False
2022-12-30,2023-01-03,2022-12-30,Extended Sentiment Momentum,extended,1.0,momentum,MRK,Healthcare,0.2217544222570658,0.8139525112860289,1.8139525112860289,0.40225199114198695,0.37126431570947005,True,False,False
2022-12-30,2023-01-03,2022-12-30,Extended Sentiment Momentum,extended,1.0,momentum,MS,Financials,0.0,,1.0,0.0,0.0,False,False,False
2022-12-30,2023-01-03,2022-12-30,Extended Sentiment Momentum,extended,1.0,momentum,NEE,Utilities,0.0,1.1464303749931601,2.14643037499316,0.0,0.0,True,False,False
2022-12-30,2023-01-03,2022-12-30,Extended Sentiment Momentum,extended,1.0,momentum,NEM,Materials,0.0148006689189804,-0.9567332813271014,0.04326671867289855,0.0006403763782882385,0.0005910446762655575,True,False,False
2022-12-30,2023-01-03,2022-12-30,Extended Sentiment Momentum,extended,1.0,momentum,NKE,Consumer,0.0,0.44240940383884647,1.4424094038388464,0.0,0.0,True,False,False
2022-12-30,2023-01-03,2022-12-30,Extended Sentiment Momentum,extended,1.0,momentum,NUE,Materials,0.0,,1.0,0.0,0.0,False,False,False
2022-12-30,2023-01-03,2022-12-30,Extended Sentiment Momentum,extended,1.0,momentum,NVDA,Tech,0.0,-1.6856121234361081,-0.6856121234361081,-0.0,-0.0,True,False,False
2022-12-30,2023-01-03,2022-12-30,Extended Sentiment Momentum,extended,1.0,momentum,O,RealEstate,0.0607209536022291,0.6936952854073034,1.6936952854073035,0.10284279284153106,0.09492024887574609,True,False,False
2022-12-30,2023-01-03,2022-12-30,Extended Sentiment Momentum,extended,1.0,momentum,OXY,Energy,0.0,1.7093917515746997,2.7093917515746995,0.0,0.0,True,False,False
2022-12-30,2023-01-03,2022-12-30,Extended Sentiment Momentum,extended,1.0,momentum,PLD,RealEstate,0.0,,1.0,0.0,0.0,False,False,False
2022-12-30,2023-01-03,2022-12-30,Extended Sentiment Momentum,extended,1.0,momentum,PSA,RealEstate,0.0,,1.0,0.0,0.0,False,False,False
2022-12-30,2023-01-03,2022-12-30,Extended Sentiment Momentum,extended,1.0,momentum,QCOM,Tech,0.0,-0.4294259446517037,0.5705740553482963,0.0,0.0,True,False,False
2022-12-30,2023-01-03,2022-12-30,Extended Sentiment Momentum,extended,1.0,momentum,SBUX,Consumer,0.0,-0.22918331103451403,0.7708166889654859,0.0,0.0,True,False,False
2022-12-30,2023-01-03,2022-12-30,Extended Sentiment Momentum,extended,1.0,momentum,SHW,Materials,0.0,,1.0,0.0,0.0,False,False,False
2022-12-30,2023-01-03,2022-12-30,Extended Sentiment Momentum,extended,1.0,momentum,SLB,Energy,0.0,0.4782011633103659,1.478201163310366,0.0,0.0,True,False,False
2022-12-30,2023-01-03,2022-12-30,Extended Sentiment Momentum,extended,1.0,momentum,SO,Utilities,0.0,-0.4421658924340747,0.5578341075659252,0.0,0.0,True,False,False
2022-12-30,2023-01-03,2022-12-30,Extended Sentiment Momentum,extended,1.0,momentum,T,Comm,0.003471471912062,-0.6046723978213285,0.39532760217867147,0.0013723686670260784,0.0012666475872948682,True,False,False
2022-12-30,2023-01-03,2022-12-30,Extended Sentiment Momentum,extended,1.0,momentum,TMUS,Comm,0.0,-1.6712367850677647,-0.6712367850677647,-0.0,-0.0,True,False,False
2022-12-30,2023-01-03,2022-12-30,Extended Sentiment Momentum,extended,1.0,momentum,TTWO,Comm,0.0353227330228007,,1.0,0.0353227330228007,0.03260162931069096,False,False,False
2022-12-30,2023-01-03,2022-12-30,Extended Sentiment Momentum,extended,1.0,momentum,UPS,Industrials,0.0,0.4469576277436589,1.4469576277436589,0.0,0.0,True,False,False
2022-12-30,2023-01-03,2022-12-30,Extended Sentiment Momentum,extended,1.0,momentum,USB,Financials,0.0,,1.0,0.0,0.0,False,False,False
2022-12-30,2023-01-03,2022-12-30,Extended Sentiment Momentum,extended,1.0,momentum,V,Financials,0.0,,1.0,0.0,0.0,False,False,False
2022-12-30,2023-01-03,2022-12-30,Extended Sentiment Momentum,extended,1.0,momentum,WFC,Financials,0.0,-0.6067960334143586,0.3932039665856414,0.0,0.0,True,False,False
2022-12-30,2023-01-03,2022-12-30,Extended Sentiment Momentum,extended,1.0,momentum,WMT,Consumer,0.107154563576261,-0.6340892017922615,0.36591079820773853,0.03920901188979153,0.03618852681768237,True,False,False
2022-12-30,2023-01-03,2022-12-30,Extended Sentiment Momentum,extended,1.0,momentum,XOM,Energy,0.0086708235910638,1.6544091376075425,2.6544091376075425,0.023015913370702794,0.021242871424311246,True,False,False
2023-01-31,2023-02-01,2023-01-31,Extended Sentiment Momentum,extended,1.0,momentum,ABBV,Healthcare,0.0624553286858686,0.10883471014727611,1.1088347101472762,0.06925263628054798,0.09864490113847633,True,False,False
2023-01-31,2023-02-01,2023-01-31,Extended Sentiment Momentum,extended,1.0,momentum,ABT,Healthcare,0.0,-0.48051095128137405,0.5194890487186259,0.0,0.0,True,False,False
2023-01-31,2023-02-01,2023-01-31,Extended Sentiment Momentum,extended,1.0,momentum,ADBE,Tech,0.0,,1.0,0.0,0.0,False,False,False
2023-01-31,2023-02-01,2023-01-31,Extended Sentiment Momentum,extended,1.0,momentum,AEP,Utilities,0.0,-0.4698771762239753,0.5301228237760247,0.0,0.0,True,False,False
2023-01-31,2023-02-01,2023-01-31,Extended Sentiment Momentum,extended,1.0,momentum,AMD,Tech,0.0,-0.9726797449087233,0.02732025509127667,0.0,0.0,True,False,False
2023-01-31,2023-02-01,2023-01-31,Extended Sentiment Momentum,extended,1.0,momentum,AMGN,Healthcare,0.179484195163313,-1.3454064918770705,-0.3454064918770705,-0.061995006198739405,0.0,True,True,False
2023-01-31,2023-02-01,2023-01-31,Extended Sentiment Momentum,extended,1.0,momentum,AMT,RealEstate,0.0,0.9832597858489296,1.9832597858489296,0.0,0.0,True,False,False
2023-01-31,2023-02-01,2023-01-31,Extended Sentiment Momentum,extended,1.0,momentum,BA,Industrials,0.0,,1.0,0.0,0.0,False,False,False
2023-01-31,2023-02-01,2023-01-31,Extended Sentiment Momentum,extended,1.0,momentum,CAT,Industrials,0.0,-0.08371291612767902,0.9162870838723209,0.0,0.0,True,False,False
2023-01-31,2023-02-01,2023-01-31,Extended Sentiment Momentum,extended,1.0,momentum,CCI,RealEstate,0.0,0.5177144413793807,1.5177144413793808,0.0,0.0,True,False,False
2023-01-31,2023-02-01,2023-01-31,Extended Sentiment Momentum,extended,1.0,momentum,CMCSA,Comm,0.0,-0.2603121569543253,0.7396878430456747,0.0,0.0,True,False,False
2023-01-31,2023-02-01,2023-01-31,Extended Sentiment Momentum,extended,1.0,momentum,COP,Energy,0.0,-0.5164156350466897,0.48358436495331025,0.0,0.0,True,False,False
2023-01-31,2023-02-01,2023-01-31,Extended Sentiment Momentum,extended,1.0,momentum,CVX,Energy,0.0510855436894733,1.2278395653837564,2.227839565383756,0.11381039545054909,0.16211390368259174,True,False,False
2023-01-31,2023-02-01,2023-01-31,Extended Sentiment Momentum,extended,1.0,momentum,D,Utilities,0.0349854045843089,-1.2392363034143998,-0.23923630341439983,-0.008369778866207258,0.0,True,True,False
2023-01-31,2023-02-01,2023-01-31,Extended Sentiment Momentum,extended,1.0,momentum,DD,Materials,0.0,-1.8988800409849989,-0.8988800409849989,-0.0,-0.0,True,False,False
2023-01-31,2023-02-01,2023-01-31,Extended Sentiment Momentum,extended,1.0,momentum,DIS,Consumer,0.0,0.47790417692098064,1.4779041769209806,0.0,0.0,True,False,False
2023-01-31,2023-02-01,2023-01-31,Extended Sentiment Momentum,extended,1.0,momentum,DOW,Materials,0.0,0.5087931514051761,1.5087931514051762,0.0,0.0,True,False,False
2023-01-31,2023-02-01,2023-01-31,Extended Sentiment Momentum,extended,1.0,momentum,DUK,Utilities,0.005568490310553,-0.43428171295005563,0.5657182870499444,0.003150196799940256,0.004487206099100321,True,False,False
2023-01-31,2023-02-01,2023-01-31,Extended Sentiment Momentum,extended,1.0,momentum,EA,Comm,0.1339849158547454,-0.5548546502958971,0.4451453497041029,0.05964276222323544,0.08495639587354287,True,False,False
2023-01-31,2023-02-01,2023-01-31,Extended Sentiment Momentum,extended,1.0,momentum,GE,Industrials,0.0,1.2766441564593358,2.276644156459336,0.0,0.0,True,False,False
2023-01-31,2023-02-01,2023-01-31,Extended Sentiment Momentum,extended,1.0,momentum,GILD,Healthcare,0.0,0.35859048316623054,1.3585904831662305,0.0,0.0,True,False,False
2023-01-31,2023-02-01,2023-01-31,Extended Sentiment Momentum,extended,1.0,momentum,GS,Financials,0.0,0.5667115262084127,1.5667115262084126,0.0,0.0,True,False,False
2023-01-31,2023-02-01,2023-01-31,Extended Sentiment Momentum,extended,1.0,momentum,INTC,Tech,0.0,-1.0840416169422349,-0.08404161694223489,-0.0,-0.0,True,False,False
2023-01-31,2023-02-01,2023-01-31,Extended Sentiment Momentum,extended,1.0,momentum,KO,Consumer,0.0775456712325052,-0.7108244303989928,0.2891755696010072,0.022424313648752133,0.03194166058918207,True,False,False
2023-01-31,2023-02-01,2023-01-31,Extended Sentiment Momentum,extended,1.0,momentum,MMM,Industrials,0.0,,1.0,0.0,0.0,False,False,False
2023-01-31,2023-02-01,2023-01-31,Extended Sentiment Momentum,extended,1.0,momentum,MRK,Healthcare,0.213952211296794,0.5515303250815445,1.5515303250815444,0.3319533439452301,0.47284127442324636,True,False,False
2023-01-31,2023-02-01,2023-01-31,Extended Sentiment Momentum,extended,1.0,momentum,MS,Financials,0.0,-2.355853647940204,-1.355853647940204,-0.0,-0.0,True,False,False
2023-01-31,2023-02-01,2023-01-31,Extended Sentiment Momentum,extended,1.0,momentum,NEE,Utilities,0.0,-0.9895895245895813,0.01041047541041873,0.0,0.0,True,False,False
2023-01-31,2023-02-01,2023-01-31,Extended Sentiment Momentum,extended,1.0,momentum,NEM,Materials,0.0070908044111402,,1.0,0.0070908044111402,0.01010028986182679,False,False,False
2023-01-31,2023-02-01,2023-01-31,Extended Sentiment Momentum,extended,1.0,momentum,NKE,Consumer,0.0,-0.2757886818562136,0.7242113181437864,0.0,0.0,True,False,False
2023-01-31,2023-02-01,2023-01-31,Extended Sentiment Momentum,extended,1.0,momentum,NUE,Materials,0.0,-0.4584460379710027,0.5415539620289973,0.0,0.0,True,False,False
2023-01-31,2023-02-01,2023-01-31,Extended Sentiment Momentum,extended,1.0,momentum,NVDA,Tech,0.0,-1.1775061117080712,-0.17750611170807118,-0.0,-0.0,True,False,False
2023-01-31,2023-02-01,2023-01-31,Extended Sentiment Momentum,extended,1.0,momentum,O,RealEstate,0.0736320625993736,-2.888174059850022,-1.888174059850022,-0.13903015057339022,0.0,True,True,False
2023-01-31,2023-02-01,2023-01-31,Extended Sentiment Momentum,extended,1.0,momentum,OXY,Energy,0.0,-2.32878019600493,-1.3287801960049301,-0.0,-0.0,True,False,False
2023-01-31,2023-02-01,2023-01-31,Extended Sentiment Momentum,extended,1.0,momentum,PLD,RealEstate,0.0,-0.41189590849035074,0.5881040915096493,0.0,0.0,True,False,False
2023-01-31,2023-02-01,2023-01-31,Extended Sentiment Momentum,extended,1.0,momentum,PSA,RealEstate,0.0,,1.0,0.0,0.0,False,False,False
2023-01-31,2023-02-01,2023-01-31,Extended Sentiment Momentum,extended,1.0,momentum,QCOM,Tech,0.0,0.10567282687724237,1.1056728268772424,0.0,0.0,True,False,False
2023-01-31,2023-02-01,2023-01-31,Extended Sentiment Momentum,extended,1.0,momentum,SBUX,Consumer,0.0,0.7574190718691683,1.7574190718691685,0.0,0.0,True,False,False
2023-01-31,2023-02-01,2023-01-31,Extended Sentiment Momentum,extended,1.0,momentum,SHW,Materials,0.0,,1.0,0.0,0.0,False,False,False
2023-01-31,2023-02-01,2023-01-31,Extended Sentiment Momentum,extended,1.0,momentum,SLB,Energy,0.0,0.6062761305944872,1.606276130594487,0.0,0.0,True,False,False
2023-01-31,2023-02-01,2023-01-31,Extended Sentiment Momentum,extended,1.0,momentum,SO,Utilities,0.0,,1.0,0.0,0.0,False,False,False
2023-01-31,2023-02-01,2023-01-31,Extended Sentiment Momentum,extended,1.0,momentum,T,Comm,0.0293561880679352,-0.48502215407523647,0.5149778459247636,0.015117786495787518,0.021534090749530554,True,False,False
2023-01-31,2023-02-01,2023-01-31,Extended Sentiment Momentum,extended,1.0,momentum,TMUS,Comm,0.0,-0.36256612284631734,0.6374338771536827,0.0,0.0,True,False,False
2023-01-31,2023-02-01,2023-01-31,Extended Sentiment Momentum,extended,1.0,momentum,TTWO,Comm,0.0224902368443296,-0.25337925521514815,0.7466207447848519,0.016791677383101083,0.023918415880876103,True,False,False
2023-01-31,2023-02-01,2023-01-31,Extended Sentiment Momentum,extended,1.0,momentum,UPS,Industrials,0.0,0.8508271483411415,1.8508271483411414,0.0,0.0,True,False,False
2023-01-31,2023-02-01,2023-01-31,Extended Sentiment Momentum,extended,1.0,momentum,USB,Financials,0.0,,1.0,0.0,0.0,False,False,False
2023-01-31,2023-02-01,2023-01-31,Extended Sentiment Momentum,extended,1.0,momentum,V,Financials,0.0,-0.4767581841646902,0.5232418158353098,0.0,0.0,True,False,False
2023-01-31,2023-02-01,2023-01-31,Extended Sentiment Momentum,extended,1.0,momentum,WFC,Financials,0.0,0.7507222710428163,1.7507222710428163,0.0,0.0,True,False,False
2023-01-31,2023-02-01,2023-01-31,Extended Sentiment Momentum,extended,1.0,momentum,WMT,Consumer,0.1009349645166784,-0.499661727821222,0.500338272178778,0.05050162574870114,0.07193557020893149,True,False,False
2023-01-31,2023-02-01,2023-01-31,Extended Sentiment Momentum,extended,1.0,momentum,XOM,Energy,0.0074339827429809,0.6551225304704037,1.6551225304704036,0.01230415232903586,0.017526291492695384,True,False,False
2023-02-28,2023-03-01,2023-02-28,Extended Sentiment Momentum,extended,1.0,momentum,ABBV,Healthcare,0.0481755568067205,,1.0,0.0481755568067205,0.05014053427774182,False,False,False
2023-02-28,2023-03-01,2023-02-28,Extended Sentiment Momentum,extended,1.0,momentum,ABT,Healthcare,0.0,-0.40008291640902827,0.5999170835909717,0.0,0.0,True,False,False
2023-02-28,2023-03-01,2023-02-28,Extended Sentiment Momentum,extended,1.0,momentum,ADBE,Tech,0.0,3.0045814677079408,4.004581467707941,0.0,0.0,True,False,False
2023-02-28,2023-03-01,2023-02-28,Extended Sentiment Momentum,extended,1.0,momentum,AEP,Utilities,0.0,-0.4617294331150756,0.5382705668849244,0.0,0.0,True,False,False
2023-02-28,2023-03-01,2023-02-28,Extended Sentiment Momentum,extended,1.0,momentum,AMD,Tech,0.0,-0.4465088115898225,0.5534911884101775,0.0,0.0,True,False,False
2023-02-28,2023-03-01,2023-02-28,Extended Sentiment Momentum,extended,1.0,momentum,AMGN,Healthcare,0.2012722097173386,-1.3194632250885014,-0.31946322508850145,-0.06429906923699022,0.0,True,True,False
2023-02-28,2023-03-01,2023-02-28,Extended Sentiment Momentum,extended,1.0,momentum,AMT,RealEstate,0.0,,1.0,0.0,0.0,False,False,False
2023-02-28,2023-03-01,2023-02-28,Extended Sentiment Momentum,extended,1.0,momentum,BA,Industrials,0.0,,1.0,0.0,0.0,False,False,False
2023-02-28,2023-03-01,2023-02-28,Extended Sentiment Momentum,extended,1.0,momentum,CAT,Industrials,0.0,0.7600337321174355,1.7600337321174355,0.0,0.0,True,False,False
2023-02-28,2023-03-01,2023-02-28,Extended Sentiment Momentum,extended,1.0,momentum,CCI,RealEstate,0.0,,1.0,0.0,0.0,False,False,False
2023-02-28,2023-03-01,2023-02-28,Extended Sentiment Momentum,extended,1.0,momentum,CMCSA,Comm,0.0,-0.2424069958910733,0.7575930041089267,0.0,0.0,True,False,False
2023-02-28,2023-03-01,2023-02-28,Extended Sentiment Momentum,extended,1.0,momentum,COP,Energy,0.0,,1.0,0.0,0.0,False,False,False
2023-02-28,2023-03-01,2023-02-28,Extended Sentiment Momentum,extended,1.0,momentum,CVX,Energy,0.0609743809176407,0.02630881101714051,1.0263088110171406,0.06257854438209005,0.06513098877569509,True,False,False
2023-02-28,2023-03-01,2023-02-28,Extended Sentiment Momentum,extended,1.0,momentum,D,Utilities,0.0050160221447582,-0.38837706690698465,0.6116229330930154,0.0030679141766365285,0.0031930478053832285,True,False,False
2023-02-28,2023-03-01,2023-02-28,Extended Sentiment Momentum,extended,1.0,momentum,DD,Materials,0.0,,1.0,0.0,0.0,False,False,False
2023-02-28,2023-03-01,2023-02-28,Extended Sentiment Momentum,extended,1.0,momentum,DIS,Consumer,0.0,0.7975849795800152,1.7975849795800152,0.0,0.0,True,False,False
2023-02-28,2023-03-01,2023-02-28,Extended Sentiment Momentum,extended,1.0,momentum,DOW,Materials,0.0,,1.0,0.0,0.0,False,False,False
2023-02-28,2023-03-01,2023-02-28,Extended Sentiment Momentum,extended,1.0,momentum,DUK,Utilities,0.0480720016187202,,1.0,0.0480720016187202,0.050032755296081095,False,False,False
2023-02-28,2023-03-01,2023-02-28,Extended Sentiment Momentum,extended,1.0,momentum,EA,Comm,0.0943244599228959,0.7243949562625296,1.7243949562625296,0.1626526229432288,0.16928687402138937,True,False,False
2023-02-28,2023-03-01,2023-02-28,Extended Sentiment Momentum,extended,1.0,momentum,GE,Industrials,0.0,1.8345257755676752,2.834525775567675,0.0,0.0,True,False,False
2023-02-28,2023-03-01,2023-02-28,Extended Sentiment Momentum,extended,1.0,momentum,GILD,Healthcare,0.0,,1.0,0.0,0.0,False,False,False
2023-02-28,2023-03-01,2023-02-28,Extended Sentiment Momentum,extended,1.0,momentum,GS,Financials,0.0,-0.7841105568361789,0.21588944316382108,0.0,0.0,True,False,False
2023-02-28,2023-03-01,2023-02-28,Extended Sentiment Momentum,extended,1.0,momentum,INTC,Tech,0.0,1.6317861862463747,2.6317861862463747,0.0,0.0,True,False,False
2023-02-28,2023-03-01,2023-02-28,Extended Sentiment Momentum,extended,1.0,momentum,KO,Consumer,0.0828562039232986,-0.15656802039449505,0.843431979605505,0.06988357209762514,0.07273397287902662,True,False,False
2023-02-28,2023-03-01,2023-02-28,Extended Sentiment Momentum,extended,1.0,momentum,MMM,Industrials,0.0,,1.0,0.0,0.0,False,False,False
2023-02-28,2023-03-01,2023-02-28,Extended Sentiment Momentum,extended,1.0,momentum,MRK,Healthcare,0.2056323240410586,0.738721454582158,1.738721454582158,0.3575373335657791,0.3721205133373056,True,False,False
2023-02-28,2023-03-01,2023-02-28,Extended Sentiment Momentum,extended,1.0,momentum,MS,Financials,0.0,-0.6651054272306206,0.3348945727693794,0.0,0.0,True,False,False
2023-02-28,2023-03-01,2023-02-28,Extended Sentiment Momentum,extended,1.0,momentum,NEE,Utilities,0.0,-0.6374032192759908,0.36259678072400925,0.0,0.0,True,False,False
2023-02-28,2023-03-01,2023-02-28,Extended Sentiment Momentum,extended,1.0,momentum,NEM,Materials,0.0009364520535057,,1.0,0.0009364520535057,0.0009746479210742438,False,False,False
2023-02-28,2023-03-01,2023-02-28,Extended Sentiment Momentum,extended,1.0,momentum,NKE,Consumer,0.0,-0.2527400634183006,0.7472599365816994,0.0,0.0,True,False,False
2023-02-28,2023-03-01,2023-02-28,Extended Sentiment Momentum,extended,1.0,momentum,NUE,Materials,0.0,-0.3647069916648792,0.6352930083351208,0.0,0.0,True,False,False
2023-02-28,2023-03-01,2023-02-28,Extended Sentiment Momentum,extended,1.0,momentum,NVDA,Tech,0.0,0.196528202019786,1.196528202019786,0.0,0.0,True,False,False
2023-02-28,2023-03-01,2023-02-28,Extended Sentiment Momentum,extended,1.0,momentum,O,RealEstate,0.0864999533384704,-0.6383917122341728,0.3616082877658272,0.03127910001854823,0.03255490731428655,True,False,False
2023-02-28,2023-03-01,2023-02-28,Extended Sentiment Momentum,extended,1.0,momentum,OXY,Energy,0.0,0.5010526331808105,1.5010526331808105,0.0,0.0,True,False,False
2023-02-28,2023-03-01,2023-02-28,Extended Sentiment Momentum,extended,1.0,momentum,PLD,RealEstate,0.0,1.4043047949142031,2.404304794914203,0.0,0.0,True,False,False
2023-02-28,2023-03-01,2023-02-28,Extended Sentiment Momentum,extended,1.0,momentum,PSA,RealEstate,0.0,,1.0,0.0,0.0,False,False,False
2023-02-28,2023-03-01,2023-02-28,Extended Sentiment Momentum,extended,1.0,momentum,QCOM,Tech,0.0,,1.0,0.0,0.0,False,False,False
2023-02-28,2023-03-01,2023-02-28,Extended Sentiment Momentum,extended,1.0,momentum,SBUX,Consumer,0.0,,1.0,0.0,0.0,False,False,False
2023-02-28,2023-03-01,2023-02-28,Extended Sentiment Momentum,extended,1.0,momentum,SHW,Materials,0.0,,1.0,0.0,0.0,False,False,False
2023-02-28,2023-03-01,2023-02-28,Extended Sentiment Momentum,extended,1.0,momentum,SLB,Energy,0.0,,1.0,0.0,0.0,False,False,False
2023-02-28,2023-03-01,2023-02-28,Extended Sentiment Momentum,extended,1.0,momentum,SO,Utilities,0.0,2.656051678465275,3.656051678465275,0.0,0.0,True,False,False
2023-02-28,2023-03-01,2023-02-28,Extended Sentiment Momentum,extended,1.0,momentum,T,Comm,0.043012514385467,-0.5018076629425978,0.4981923370574022,0.021428505064410935,0.022302527753098572,True,False,False
2023-02-28,2023-03-01,2023-02-28,Extended Sentiment Momentum,extended,1.0,momentum,TMUS,Comm,0.0,-0.4004370525807568,0.5995629474192432,0.0,0.0,True,False,False
2023-02-28,2023-03-01,2023-02-28,Extended Sentiment Momentum,extended,1.0,momentum,TTWO,Comm,0.0277761142671922,,1.0,0.0277761142671922,0.028909042299275326,False,False,False
2023-02-28,2023-03-01,2023-02-28,Extended Sentiment Momentum,extended,1.0,momentum,UPS,Industrials,0.0,-0.013692930732795676,0.9863070692672044,0.0,0.0,True,False,False
2023-02-28,2023-03-01,2023-02-28,Extended Sentiment Momentum,extended,1.0,momentum,USB,Financials,0.0,,1.0,0.0,0.0,False,False,False
2023-02-28,2023-03-01,2023-02-28,Extended Sentiment Momentum,extended,1.0,momentum,V,Financials,0.0,1.6117863218949737,2.6117863218949737,0.0,0.0,True,False,False
2023-02-28,2023-03-01,2023-02-28,Extended Sentiment Momentum,extended,1.0,momentum,WFC,Financials,0.0,,1.0,0.0,0.0,False,False,False
2023-02-28,2023-03-01,2023-02-28,Extended Sentiment Momentum,extended,1.0,momentum,WMT,Consumer,0.0954518068629328,0.33494468941304384,1.334944689413044,0.12742288266655166,0.1326201883196425,True,False,False
2023-02-28,2023-03-01,2023-02-28,Extended Sentiment Momentum,extended,1.0,momentum,XOM,Energy,0.0,2.716285955191876,3.716285955191876,0.0,0.0,True,False,False
2023-03-31,2023-04-03,2023-03-31,Extended Sentiment Momentum,extended,1.0,momentum,ABBV,Healthcare,0.0554095832491057,0.8289028577039443,1.8289028577039443,0.10133874514847402,0.13650177356119395,True,False,False
2023-03-31,2023-04-03,2023-03-31,Extended Sentiment Momentum,extended,1.0,momentum,ABT,Healthcare,0.0,-0.43155926363324504,0.568440736366755,0.0,0.0,True,False,False
2023-03-31,2023-04-03,2023-03-31,Extended Sentiment Momentum,extended,1.0,momentum,ADBE,Tech,0.0,0.20406813030247498,1.204068130302475,0.0,0.0,True,False,False
2023-03-31,2023-04-03,2023-03-31,Extended Sentiment Momentum,extended,1.0,momentum,AEP,Utilities,0.0,,1.0,0.0,0.0,False,False,False
2023-03-31,2023-04-03,2023-03-31,Extended Sentiment Momentum,extended,1.0,momentum,AMD,Tech,0.0,0.06809527669747915,1.0680952766974792,0.0,0.0,True,False,False
2023-03-31,2023-04-03,2023-03-31,Extended Sentiment Momentum,extended,1.0,momentum,AMGN,Healthcare,0.1905756817920871,-0.7860044658105075,0.21399553418949246,0.04078234482862441,0.054933208329501854,True,False,False
2023-03-31,2023-04-03,2023-03-31,Extended Sentiment Momentum,extended,1.0,momentum,AMT,RealEstate,0.0,0.5650839090458215,1.5650839090458215,0.0,0.0,True,False,False
2023-03-31,2023-04-03,2023-03-31,Extended Sentiment Momentum,extended,1.0,momentum,BA,Industrials,0.0,,1.0,0.0,0.0,False,False,False
2023-03-31,2023-04-03,2023-03-31,Extended Sentiment Momentum,extended,1.0,momentum,CAT,Industrials,0.0,1.4849419185859538,2.484941918585954,0.0,0.0,True,False,False
2023-03-31,2023-04-03,2023-03-31,Extended Sentiment Momentum,extended,1.0,momentum,CCI,RealEstate,0.0,,1.0,0.0,0.0,False,False,False
2023-03-31,2023-04-03,2023-03-31,Extended Sentiment Momentum,extended,1.0,momentum,CMCSA,Comm,0.0,1.160217163427152,2.160217163427152,0.0,0.0,True,False,False
2023-03-31,2023-04-03,2023-03-31,Extended Sentiment Momentum,extended,1.0,momentum,COP,Energy,0.0,0.58951688315297,1.58951688315297,0.0,0.0,True,False,False
2023-03-31,2023-04-03,2023-03-31,Extended Sentiment Momentum,extended,1.0,momentum,CVX,Energy,0.0322288970268308,-0.3388108608679018,0.6611891391320982,0.021309396680347297,0.028703438513321928,True,False,False
2023-03-31,2023-04-03,2023-03-31,Extended Sentiment Momentum,extended,1.0,momentum,D,Utilities,0.0165129140363905,,1.0,0.0165129140363905,0.022242648153264398,False,False,False
2023-03-31,2023-04-03,2023-03-31,Extended Sentiment Momentum,extended,1.0,momentum,DD,Materials,0.0,,1.0,0.0,0.0,False,False,False
2023-03-31,2023-04-03,2023-03-31,Extended Sentiment Momentum,extended,1.0,momentum,DIS,Consumer,0.0,0.19933511810485474,1.1993351181048548,0.0,0.0,True,False,False
2023-03-31,2023-04-03,2023-03-31,Extended Sentiment Momentum,extended,1.0,momentum,DOW,Materials,0.0,-0.13302595560517927,0.8669740443948207,0.0,0.0,True,False,False
2023-03-31,2023-04-03,2023-03-31,Extended Sentiment Momentum,extended,1.0,momentum,DUK,Utilities,0.0082318477813332,-0.382807909902037,0.617192090097963,0.005080631337529317,0.0068435343990814745,True,False,False
2023-03-31,2023-04-03,2023-03-31,Extended Sentiment Momentum,extended,1.0,momentum,EA,Comm,0.1057898838162727,,1.0,0.1057898838162727,0.14249739075214235,False,False,False
2023-03-31,2023-04-03,2023-03-31,Extended Sentiment Momentum,extended,1.0,momentum,GE,Industrials,0.0,-0.24124151366512447,0.7587584863348755,0.0,0.0,True,False,False
2023-03-31,2023-04-03,2023-03-31,Extended Sentiment Momentum,extended,1.0,momentum,GILD,Healthcare,0.0,,1.0,0.0,0.0,False,False,False
2023-03-31,2023-04-03,2023-03-31,Extended Sentiment Momentum,extended,1.0,momentum,GS,Financials,0.0,-1.2783714830385104,-0.27837148303851045,-0.0,-0.0,True,False,False
2023-03-31,2023-04-03,2023-03-31,Extended Sentiment Momentum,extended,1.0,momentum,INTC,Tech,0.0,-0.3547827566706064,0.6452172433293937,0.0,0.0,True,False,False
2023-03-31,2023-04-03,2023-03-31,Extended Sentiment Momentum,extended,1.0,momentum,KO,Consumer,0.1357551516752095,-0.4046345961037329,0.595365403896267,0.08082392070811009,0.10886861196733962,True,False,False
2023-03-31,2023-04-03,2023-03-31,Extended Sentiment Momentum,extended,1.0,momentum,MMM,Industrials,0.0,-0.2057781414931961,0.7942218585068039,0.0,0.0,True,False,False
2023-03-31,2023-04-03,2023-03-31,Extended Sentiment Momentum,extended,1.0,momentum,MRK,Healthcare,0.189031149812908,-0.49374610809067904,0.5062538919093209,0.09569775528487857,0.12890344461116263,True,False,False
2023-03-31,2023-04-03,2023-03-31,Extended Sentiment Momentum,extended,1.0,momentum,MS,Financials,0.0,-0.6489296937250949,0.3510703062749051,0.0,0.0,True,False,False
2023-03-31,2023-04-03,2023-03-31,Extended Sentiment Momentum,extended,1.0,momentum,NEE,Utilities,0.0,-0.4231751336113678,0.5768248663886322,0.0,0.0,True,False,False
2023-03-31,2023-04-03,2023-03-31,Extended Sentiment Momentum,extended,1.0,momentum,NEM,Materials,0.0055487602971601,-2.6354743792124604,-1.6354743792124604,-0.009074855302396663,0.0,True,True,False
2023-03-31,2023-04-03,2023-03-31,Extended Sentiment Momentum,extended,1.0,momentum,NKE,Consumer,0.0,-0.2650628137360172,0.7349371862639829,0.0,0.0,True,False,False
2023-03-31,2023-04-03,2023-03-31,Extended Sentiment Momentum,extended,1.0,momentum,NUE,Materials,0.0,1.2506067663075433,2.250606766307543,0.0,0.0,True,False,False
2023-03-31,2023-04-03,2023-03-31,Extended Sentiment Momentum,extended,1.0,momentum,NVDA,Tech,0.0,0.46013976110128324,1.4601397611012832,0.0,0.0,True,False,False
2023-03-31,2023-04-03,2023-03-31,Extended Sentiment Momentum,extended,1.0,momentum,O,RealEstate,0.0728025789191719,-0.504184495902456,0.49581550409754405,0.036096647366410446,0.048621643951767664,True,False,False
2023-03-31,2023-04-03,2023-03-31,Extended Sentiment Momentum,extended,1.0,momentum,OXY,Energy,0.0,-0.33398907026919983,0.6660109297308001,0.0,0.0,True,False,False
2023-03-31,2023-04-03,2023-03-31,Extended Sentiment Momentum,extended,1.0,momentum,PLD,RealEstate,0.0,,1.0,0.0,0.0,False,False,False
2023-03-31,2023-04-03,2023-03-31,Extended Sentiment Momentum,extended,1.0,momentum,PSA,RealEstate,0.0,-0.4905998274636703,0.5094001725363297,0.0,0.0,True,False,False
2023-03-31,2023-04-03,2023-03-31,Extended Sentiment Momentum,extended,1.0,momentum,QCOM,Tech,0.0,-0.05442680070595578,0.9455731992940443,0.0,0.0,True,False,False
2023-03-31,2023-04-03,2023-03-31,Extended Sentiment Momentum,extended,1.0,momentum,SBUX,Consumer,0.0,,1.0,0.0,0.0,False,False,False
2023-03-31,2023-04-03,2023-03-31,Extended Sentiment Momentum,extended,1.0,momentum,SHW,Materials,0.0,,1.0,0.0,0.0,False,False,False
2023-03-31,2023-04-03,2023-03-31,Extended Sentiment Momentum,extended,1.0,momentum,SLB,Energy,0.0,-1.2130063539125742,-0.21300635391257416,-0.0,-0.0,True,False,False
2023-03-31,2023-04-03,2023-03-31,Extended Sentiment Momentum,extended,1.0,momentum,SO,Utilities,0.0,-0.3320689842979427,0.6679310157020573,0.0,0.0,True,False,False
2023-03-31,2023-04-03,2023-03-31,Extended Sentiment Momentum,extended,1.0,momentum,T,Comm,0.0510181184708709,0.042391365102593476,1.0423913651025936,0.05318084615781696,0.07163380412290742,True,False,False
2023-03-31,2023-04-03,2023-03-31,Extended Sentiment Momentum,extended,1.0,momentum,TMUS,Comm,0.0,1.82458673378854,2.82458673378854,0.0,0.0,True,False,False
2023-03-31,2023-04-03,2023-03-31,Extended Sentiment Momentum,extended,1.0,momentum,TTWO,Comm,0.023163302988587,,1.0,0.023163302988587,0.031200622573774206,False,False,False
2023-03-31,2023-04-03,2023-03-31,Extended Sentiment Momentum,extended,1.0,momentum,UPS,Industrials,0.0,,1.0,0.0,0.0,False,False,False
2023-03-31,2023-04-03,2023-03-31,Extended Sentiment Momentum,extended,1.0,momentum,USB,Financials,0.0,-0.38998844391880355,0.6100115560811965,0.0,0.0,True,False,False
2023-03-31,2023-04-03,2023-03-31,Extended Sentiment Momentum,extended,1.0,momentum,V,Financials,0.0,-0.4677540982528807,0.5322459017471193,0.0,0.0,True,False,False
2023-03-31,2023-04-03,2023-03-31,Extended Sentiment Momentum,extended,1.0,momentum,WFC,Financials,0.0,1.6064141583848666,2.6064141583848666,0.0,0.0,True,False,False
2023-03-31,2023-04-03,2023-03-31,Extended Sentiment Momentum,extended,1.0,momentum,WMT,Consumer,0.1042625291078759,0.4424442470574462,1.4424442470574461,0.1503928852953151,0.2025769664279768,True,False,False
2023-03-31,2023-04-03,2023-03-31,Extended Sentiment Momentum,extended,1.0,momentum,XOM,Energy,0.0096696010261962,0.2647336334307437,1.2647336334307437,0.012229469639686769,0.016472912636565806,True,False,False
2023-04-28,2023-05-01,2023-04-28,Extended Sentiment Momentum,extended,1.0,momentum,ABBV,Healthcare,0.0768000035182413,0.3188352217787726,1.3188352217787727,0.10128654967259029,0.09745862161856945,True,False,False
2023-04-28,2023-05-01,2023-04-28,Extended Sentiment Momentum,extended,1.0,momentum,ABT,Healthcare,0.0,-0.3940449359489504,0.6059550640510496,0.0,0.0,True,False,False
2023-04-28,2023-05-01,2023-04-28,Extended Sentiment Momentum,extended,1.0,momentum,ADBE,Tech,0.0,0.06549032528958017,1.0654903252895802,0.0,0.0,True,False,False
2023-04-28,2023-05-01,2023-04-28,Extended Sentiment Momentum,extended,1.0,momentum,AEP,Utilities,0.0,0.5380847568595637,1.5380847568595637,0.0,0.0,True,False,False
2023-04-28,2023-05-01,2023-04-28,Extended Sentiment Momentum,extended,1.0,momentum,AMD,Tech,0.0,0.48930991004240343,1.4893099100424034,0.0,0.0,True,False,False
2023-04-28,2023-05-01,2023-04-28,Extended Sentiment Momentum,extended,1.0,momentum,AMGN,Healthcare,0.1791905061581246,0.31974883127838083,1.319748831278381,0.23648646107836646,0.2275489154547449,True,False,False
2023-04-28,2023-05-01,2023-04-28,Extended Sentiment Momentum,extended,1.0,momentum,AMT,RealEstate,0.0,3.1771237191457846,4.177123719145785,0.0,0.0,True,False,False
2023-04-28,2023-05-01,2023-04-28,Extended Sentiment Momentum,extended,1.0,momentum,BA,Industrials,0.0,,1.0,0.0,0.0,False,False,False
2023-04-28,2023-05-01,2023-04-28,Extended Sentiment Momentum,extended,1.0,momentum,CAT,Industrials,0.0,-0.32037115923480236,0.6796288407651976,0.0,0.0,True,False,False
2023-04-28,2023-05-01,2023-04-28,Extended Sentiment Momentum,extended,1.0,momentum,CCI,RealEstate,0.0,3.079177074487271,4.079177074487271,0.0,0.0,True,False,False
2023-04-28,2023-05-01,2023-04-28,Extended Sentiment Momentum,extended,1.0,momentum,CMCSA,Comm,0.0,0.2696558034253954,1.2696558034253953,0.0,0.0,True,False,False
2023-04-28,2023-05-01,2023-04-28,Extended Sentiment Momentum,extended,1.0,momentum,COP,Energy,0.0,0.4410864956484986,1.4410864956484986,0.0,0.0,True,False,False
2023-04-28,2023-05-01,2023-04-28,Extended Sentiment Momentum,extended,1.0,momentum,CVX,Energy,0.0416425335208768,0.5874025354094072,1.5874025354094072,0.06610346329191107,0.06360521152579804,True,False,False
2023-04-28,2023-05-01,2023-04-28,Extended Sentiment Momentum,extended,1.0,momentum,D,Utilities,0.0072310026701476,-1.2982328365772196,-0.29823283657721955,-0.0021565224376155676,0.0,True,True,False
2023-04-28,2023-05-01,2023-04-28,Extended Sentiment Momentum,extended,1.0,momentum,DD,Materials,0.0,-0.18720303322078682,0.8127969667792132,0.0,0.0,True,False,False
2023-04-28,2023-05-01,2023-04-28,Extended Sentiment Momentum,extended,1.0,momentum,DIS,Consumer,0.0,-1.124990984684671,-0.12499098468467107,-0.0,-0.0,True,False,False
2023-04-28,2023-05-01,2023-04-28,Extended Sentiment Momentum,extended,1.0,momentum,DOW,Materials,0.0,0.5281082359997386,1.5281082359997384,0.0,0.0,True,False,False
2023-04-28,2023-05-01,2023-04-28,Extended Sentiment Momentum,extended,1.0,momentum,DUK,Utilities,0.0,0.5236234458641121,1.523623445864112,0.0,0.0,True,False,False
2023-04-28,2023-05-01,2023-04-28,Extended Sentiment Momentum,extended,1.0,momentum,EA,Comm,0.0795251325477336,,1.0,0.0795251325477336,0.07651963490897284,False,False,False
2023-04-28,2023-05-01,2023-04-28,Extended Sentiment Momentum,extended,1.0,momentum,GE,Industrials,0.0,-0.3498302108354289,0.650169789164571,0.0,0.0,True,False,False
2023-04-28,2023-05-01,2023-04-28,Extended Sentiment Momentum,extended,1.0,momentum,GILD,Healthcare,0.0,-0.28198867947428385,0.7180113205257161,0.0,0.0,True,False,False
2023-04-28,2023-05-01,2023-04-28,Extended Sentiment Momentum,extended,1.0,momentum,GS,Financials,0.0,-1.6812330745379298,-0.6812330745379298,-0.0,-0.0,True,False,False
2023-04-28,2023-05-01,2023-04-28,Extended Sentiment Momentum,extended,1.0,momentum,INTC,Tech,0.0,0.27418152226462955,1.2741815222646296,0.0,0.0,True,False,False
2023-04-28,2023-05-01,2023-04-28,Extended Sentiment Momentum,extended,1.0,momentum,KO,Consumer,0.1546285727788381,-0.6622549995066732,0.3377450004933268,0.05222502738947109,0.05025128410260441,True,False,False
2023-04-28,2023-05-01,2023-04-28,Extended Sentiment Momentum,extended,1.0,momentum,MMM,Industrials,0.0,-0.15970522296122025,0.8402947770387797,0.0,0.0,True,False,False
2023-04-28,2023-05-01,2023-04-28,Extended Sentiment Momentum,extended,1.0,momentum,MRK,Healthcare,0.1770376462135133,-0.6836877837733343,0.3163122162266657,0.05599917022934877,0.05388279055785501,True,False,False
2023-04-28,2023-05-01,2023-04-28,Extended Sentiment Momentum,extended,1.0,momentum,MS,Financials,0.0,-1.6861696051547612,-0.6861696051547612,-0.0,-0.0,True,False,False
2023-04-28,2023-05-01,2023-04-28,Extended Sentiment Momentum,extended,1.0,momentum,NEE,Utilities,0.0,-0.16194543458941904,0.838054565410581,0.0,0.0,True,False,False
2023-04-28,2023-05-01,2023-04-28,Extended Sentiment Momentum,extended,1.0,momentum,NEM,Materials,0.0043945837817411,-0.14078492571158777,0.8592150742884123,0.003775892630495331,0.003633190115936727,True,False,False
2023-04-28,2023-05-01,2023-04-28,Extended Sentiment Momentum,extended,1.0,momentum,NKE,Consumer,0.0,1.8202869821987628,2.8202869821987626,0.0,0.0,True,False,False
2023-04-28,2023-05-01,2023-04-28,Extended Sentiment Momentum,extended,1.0,momentum,NUE,Materials,0.0,-0.11340864031153873,0.8865913596884613,0.0,0.0,True,False,False
2023-04-28,2023-05-01,2023-04-28,Extended Sentiment Momentum,extended,1.0,momentum,NVDA,Tech,0.0,0.28281625145770056,1.2828162514577006,0.0,0.0,True,False,False
2023-04-28,2023-05-01,2023-04-28,Extended Sentiment Momentum,extended,1.0,momentum,O,RealEstate,0.1025399556071953,1.6054172317499158,2.605417231749916,0.267159367281858,0.2570625988538835,True,False,False
2023-04-28,2023-05-01,2023-04-28,Extended Sentiment Momentum,extended,1.0,momentum,OXY,Energy,0.0,,1.0,0.0,0.0,False,False,False
2023-04-28,2023-05-01,2023-04-28,Extended Sentiment Momentum,extended,1.0,momentum,PLD,RealEstate,0.0,,1.0,0.0,0.0,False,False,False
2023-04-28,2023-05-01,2023-04-28,Extended Sentiment Momentum,extended,1.0,momentum,PSA,RealEstate,0.0,,1.0,0.0,0.0,False,False,False
2023-04-28,2023-05-01,2023-04-28,Extended Sentiment Momentum,extended,1.0,momentum,QCOM,Tech,0.0,-1.5921105048499622,-0.5921105048499622,-0.0,-0.0,True,False,False
2023-04-28,2023-05-01,2023-04-28,Extended Sentiment Momentum,extended,1.0,momentum,SBUX,Consumer,0.0,-0.13626518149544925,0.8637348185045508,0.0,0.0,True,False,False
2023-04-28,2023-05-01,2023-04-28,Extended Sentiment Momentum,extended,1.0,momentum,SHW,Materials,0.0,,1.0,0.0,0.0,False,False,False
2023-04-28,2023-05-01,2023-04-28,Extended Sentiment Momentum,extended,1.0,momentum,SLB,Energy,0.0,2.7102736313995037,3.7102736313995037,0.0,0.0,True,False,False
2023-04-28,2023-05-01,2023-04-28,Extended Sentiment Momentum,extended,1.0,momentum,SO,Utilities,0.0,0.2500694919697016,1.2500694919697015,0.0,0.0,True,False,False
2023-04-28,2023-05-01,2023-04-28,Extended Sentiment Momentum,extended,1.0,momentum,T,Comm,0.0357423999068589,0.0798126182955232,1.0798126182955232,0.03859509442759097,0.037136467934887576,True,False,False
2023-04-28,2023-05-01,2023-04-28,Extended Sentiment Momentum,extended,1.0,momentum,TMUS,Comm,0.0,0.874354009665906,1.8743540096659062,0.0,0.0,True,False,False
2023-04-28,2023-05-01,2023-04-28,Extended Sentiment Momentum,extended,1.0,momentum,TTWO,Comm,0.0221535836815711,,1.0,0.0221535836815711,0.021316332094406677,False,False,False
2023-04-28,2023-05-01,2023-04-28,Extended Sentiment Momentum,extended,1.0,momentum,UPS,Industrials,0.0,-0.6913397525406045,0.30866024745939546,0.0,0.0,True,False,False
2023-04-28,2023-05-01,2023-04-28,Extended Sentiment Momentum,extended,1.0,momentum,USB,Financials,0.0,-0.3460502789869523,0.6539497210130477,0.0,0.0,True,False,False
2023-04-28,2023-05-01,2023-04-28,Extended Sentiment Momentum,extended,1.0,momentum,V,Financials,0.0,0.22028053337800085,1.220280533378001,0.0,0.0,True,False,False
2023-04-28,2023-05-01,2023-04-28,Extended Sentiment Momentum,extended,1.0,momentum,WFC,Financials,0.0,-0.5040708003349303,0.49592919966506965,0.0,0.0,True,False,False
2023-04-28,2023-05-01,2023-04-28,Extended Sentiment Momentum,extended,1.0,momentum,WMT,Consumer,0.119114079615158,-0.026414611885206118,0.9735853881147939,0.11596772743206006,0.11158495283234088,True,False,False
2023-04-28,2023-05-01,2023-04-28,Extended Sentiment Momentum,extended,1.0,momentum,XOM,Energy,0.0,0.8093802111485188,1.8093802111485187,0.0,0.0,True,False,False
2023-05-31,2023-06-01,2023-05-31,Extended Sentiment Momentum,extended,1.0,momentum,ABBV,Healthcare,0.05013759260392,-0.48207271936969076,0.5179272806303092,0.02596762699469859,0.02602050155516538,True,False,False
2023-05-31,2023-06-01,2023-05-31,Extended Sentiment Momentum,extended,1.0,momentum,ABT,Healthcare,0.0,-0.5458460287755412,0.4541539712244588,0.0,0.0,True,False,False
2023-05-31,2023-06-01,2023-05-31,Extended Sentiment Momentum,extended,1.0,momentum,ADBE,Tech,0.0,0.2626906910774389,1.262690691077439,0.0,0.0,True,False,False
2023-05-31,2023-06-01,2023-05-31,Extended Sentiment Momentum,extended,1.0,momentum,AEP,Utilities,0.0,,1.0,0.0,0.0,False,False,False
2023-05-31,2023-06-01,2023-05-31,Extended Sentiment Momentum,extended,1.0,momentum,AMD,Tech,0.0,-0.9815616753108125,0.01843832468918749,0.0,0.0,True,False,False
2023-05-31,2023-06-01,2023-05-31,Extended Sentiment Momentum,extended,1.0,momentum,AMGN,Healthcare,0.0806695813007045,-0.24067670600643898,0.759323293993561,0.06125429219833231,0.06137901648589822,True,False,False
2023-05-31,2023-06-01,2023-05-31,Extended Sentiment Momentum,extended,1.0,momentum,AMT,RealEstate,0.0,-0.4113968240058125,0.5886031759941874,0.0,0.0,True,False,False
2023-05-31,2023-06-01,2023-05-31,Extended Sentiment Momentum,extended,1.0,momentum,BA,Industrials,0.0,,1.0,0.0,0.0,False,False,False
2023-05-31,2023-06-01,2023-05-31,Extended Sentiment Momentum,extended,1.0,momentum,CAT,Industrials,0.0,-0.36499403929323687,0.6350059607067631,0.0,0.0,True,False,False
2023-05-31,2023-06-01,2023-05-31,Extended Sentiment Momentum,extended,1.0,momentum,CCI,RealEstate,0.0,0.38316909533166416,1.3831690953316642,0.0,0.0,True,False,False
2023-05-31,2023-06-01,2023-05-31,Extended Sentiment Momentum,extended,1.0,momentum,CMCSA,Comm,0.0,-0.7342160238434493,0.2657839761565507,0.0,0.0,True,False,False
2023-05-31,2023-06-01,2023-05-31,Extended Sentiment Momentum,extended,1.0,momentum,COP,Energy,0.0,,1.0,0.0,0.0,False,False,False
2023-05-31,2023-06-01,2023-05-31,Extended Sentiment Momentum,extended,1.0,momentum,CVX,Energy,0.0399309199946683,0.2235314782241102,1.2235314782241102,0.04885673756792518,0.048956218299270896,True,False,False
2023-05-31,2023-06-01,2023-05-31,Extended Sentiment Momentum,extended,1.0,momentum,D,Utilities,0.0,,1.0,0.0,0.0,False,False,False
2023-05-31,2023-06-01,2023-05-31,Extended Sentiment Momentum,extended,1.0,momentum,DD,Materials,0.0,,1.0,0.0,0.0,False,False,False
2023-05-31,2023-06-01,2023-05-31,Extended Sentiment Momentum,extended,1.0,momentum,DIS,Consumer,0.0,-0.26804792178612924,0.7319520782138708,0.0,0.0,True,False,False
2023-05-31,2023-06-01,2023-05-31,Extended Sentiment Momentum,extended,1.0,momentum,DOW,Materials,0.0,0.01779479090516265,1.0177947909051626,0.0,0.0,True,False,False
2023-05-31,2023-06-01,2023-05-31,Extended Sentiment Momentum,extended,1.0,momentum,DUK,Utilities,0.0,,1.0,0.0,0.0,False,False,False
2023-05-31,2023-06-01,2023-05-31,Extended Sentiment Momentum,extended,1.0,momentum,EA,Comm,0.1245113838855593,,1.0,0.1245113838855593,0.12476491050535418,False,False,False
2023-05-31,2023-06-01,2023-05-31,Extended Sentiment Momentum,extended,1.0,momentum,GE,Industrials,0.0,1.3744734527944567,2.3744734527944567,0.0,0.0,True,False,False
2023-05-31,2023-06-01,2023-05-31,Extended Sentiment Momentum,extended,1.0,momentum,GILD,Healthcare,0.0,-0.2060999258143802,0.7939000741856198,0.0,0.0,True,False,False
2023-05-31,2023-06-01,2023-05-31,Extended Sentiment Momentum,extended,1.0,momentum,GS,Financials,0.0,-0.2866186199828012,0.7133813800171989,0.0,0.0,True,False,False
2023-05-31,2023-06-01,2023-05-31,Extended Sentiment Momentum,extended,1.0,momentum,INTC,Tech,0.0,-0.4529106288854604,0.5470893711145396,0.0,0.0,True,False,False
2023-05-31,2023-06-01,2023-05-31,Extended Sentiment Momentum,extended,1.0,momentum,KO,Consumer,0.2862103584396383,-0.6434249856528785,0.35657501434712147,0.10205546266690882,0.10226326516395058,True,False,False
2023-05-31,2023-06-01,2023-05-31,Extended Sentiment Momentum,extended,1.0,momentum,MMM,Industrials,0.0,-0.5088198885610478,0.49118011143895224,0.0,0.0,True,False,False
2023-05-31,2023-06-01,2023-05-31,Extended Sentiment Momentum,extended,1.0,momentum,MRK,Healthcare,0.1567673873262752,1.020716935410323,2.0207169354103227,0.3167825144902339,0.3174275382431034,True,False,False
2023-05-31,2023-06-01,2023-05-31,Extended Sentiment Momentum,extended,1.0,momentum,MS,Financials,0.0,-0.5352465462499214,0.4647534537500786,0.0,0.0,True,False,False
2023-05-31,2023-06-01,2023-05-31,Extended Sentiment Momentum,extended,1.0,momentum,NEE,Utilities,0.0,0.18584743971608464,1.1858474397160848,0.0,0.0,True,False,False
2023-05-31,2023-06-01,2023-05-31,Extended Sentiment Momentum,extended,1.0,momentum,NEM,Materials,0.0,0.6891683783977329,1.689168378397733,0.0,0.0,True,False,False
2023-05-31,2023-06-01,2023-05-31,Extended Sentiment Momentum,extended,1.0,momentum,NKE,Consumer,0.0,0.8086223694881752,1.8086223694881753,0.0,0.0,True,False,False
2023-05-31,2023-06-01,2023-05-31,Extended Sentiment Momentum,extended,1.0,momentum,NUE,Materials,0.0,0.4480344555565844,1.4480344555565843,0.0,0.0,True,False,False
2023-05-31,2023-06-01,2023-05-31,Extended Sentiment Momentum,extended,1.0,momentum,NVDA,Tech,0.0,-0.4982087961102006,0.5017912038897994,0.0,0.0,True,False,False
2023-05-31,2023-06-01,2023-05-31,Extended Sentiment Momentum,extended,1.0,momentum,O,RealEstate,0.0847773712820634,-0.5794573312617698,0.4205426687382302,0.03565250196757074,0.035725096601322275,True,False,False
2023-05-31,2023-06-01,2023-05-31,Extended Sentiment Momentum,extended,1.0,momentum,OXY,Energy,0.0,1.4161757195392486,2.4161757195392486,0.0,0.0,True,False,False
2023-05-31,2023-06-01,2023-05-31,Extended Sentiment Momentum,extended,1.0,momentum,PLD,RealEstate,0.0,2.8356079463567325,3.8356079463567325,0.0,0.0,True,False,False
2023-05-31,2023-06-01,2023-05-31,Extended Sentiment Momentum,extended,1.0,momentum,PSA,RealEstate,0.0,,1.0,0.0,0.0,False,False,False
2023-05-31,2023-06-01,2023-05-31,Extended Sentiment Momentum,extended,1.0,momentum,QCOM,Tech,0.0,-0.24313349785379246,0.7568665021462075,0.0,0.0,True,False,False
2023-05-31,2023-06-01,2023-05-31,Extended Sentiment Momentum,extended,1.0,momentum,SBUX,Consumer,0.0,-0.37585071469356085,0.6241492853064392,0.0,0.0,True,False,False
2023-05-31,2023-06-01,2023-05-31,Extended Sentiment Momentum,extended,1.0,momentum,SHW,Materials,0.0,,1.0,0.0,0.0,False,False,False
2023-05-31,2023-06-01,2023-05-31,Extended Sentiment Momentum,extended,1.0,momentum,SLB,Energy,0.0,-0.2984326840633179,0.7015673159366821,0.0,0.0,True,False,False
2023-05-31,2023-06-01,2023-05-31,Extended Sentiment Momentum,extended,1.0,momentum,SO,Utilities,0.0,,1.0,0.0,0.0,False,False,False
2023-05-31,2023-06-01,2023-05-31,Extended Sentiment Momentum,extended,1.0,momentum,T,Comm,0.0238801160012578,-1.1801220722421828,-0.1801220722421828,-0.004301335979530262,0.0,True,True,False
2023-05-31,2023-06-01,2023-05-31,Extended Sentiment Momentum,extended,1.0,momentum,TMUS,Comm,0.0,0.15406202297728216,1.1540620229772822,0.0,0.0,True,False,False
2023-05-31,2023-06-01,2023-05-31,Extended Sentiment Momentum,extended,1.0,momentum,TTWO,Comm,0.0,-0.3017631692020889,0.6982368307979111,0.0,0.0,True,False,False
2023-05-31,2023-06-01,2023-05-31,Extended Sentiment Momentum,extended,1.0,momentum,UPS,Industrials,0.0,0.04526758808407546,1.0452675880840754,0.0,0.0,True,False,False
2023-05-31,2023-06-01,2023-05-31,Extended Sentiment Momentum,extended,1.0,momentum,USB,Financials,0.0,1.5668142901249655,2.5668142901249658,0.0,0.0,True,False,False
2023-05-31,2023-06-01,2023-05-31,Extended Sentiment Momentum,extended,1.0,momentum,V,Financials,0.0,-0.14271381460253044,0.8572861853974696,0.0,0.0,True,False,False
2023-05-31,2023-06-01,2023-05-31,Extended Sentiment Momentum,extended,1.0,momentum,WFC,Financials,0.0,-0.4893954131316348,0.5106045868683652,0.0,0.0,True,False,False
2023-05-31,2023-06-01,2023-05-31,Extended Sentiment Momentum,extended,1.0,momentum,WMT,Consumer,0.1531152891659129,0.8475453831649078,1.8475453831649078,0.2828874455904422,0.2834634531459351,True,False,False
2023-05-31,2023-06-01,2023-05-31,Extended Sentiment Momentum,extended,1.0,momentum,XOM,Energy,0.0,0.10429284935829686,1.1042928493582969,0.0,0.0,True,False,False
2023-06-30,2023-07-03,2023-06-30,Extended Sentiment Momentum,extended,1.0,momentum,ABBV,Healthcare,0.0869798072006141,-0.143279801440419,0.856720198559581,0.0745173576955842,0.11458598985283466,True,False,False
2023-06-30,2023-07-03,2023-06-30,Extended Sentiment Momentum,extended,1.0,momentum,ABT,Healthcare,0.0,1.594858069560423,2.594858069560423,0.0,0.0,True,False,False
2023-06-30,2023-07-03,2023-06-30,Extended Sentiment Momentum,extended,1.0,momentum,ADBE,Tech,0.0,-0.12248601100531073,0.8775139889946892,0.0,0.0,True,False,False
2023-06-30,2023-07-03,2023-06-30,Extended Sentiment Momentum,extended,1.0,momentum,AEP,Utilities,0.0,-0.2837981286243923,0.7162018713756078,0.0,0.0,True,False,False
2023-06-30,2023-07-03,2023-06-30,Extended Sentiment Momentum,extended,1.0,momentum,AMD,Tech,0.0,0.6025696692817409,1.602569669281741,0.0,0.0,True,False,False
2023-06-30,2023-07-03,2023-06-30,Extended Sentiment Momentum,extended,1.0,momentum,AMGN,Healthcare,0.012611719440015,-1.0856615156850353,-0.08566151568503533,-0.0010803390026261099,0.0,True,True,False
2023-06-30,2023-07-03,2023-06-30,Extended Sentiment Momentum,extended,1.0,momentum,AMT,RealEstate,0.0,-0.3236746850787599,0.67632531492124,0.0,0.0,True,False,False
2023-06-30,2023-07-03,2023-06-30,Extended Sentiment Momentum,extended,1.0,momentum,BA,Industrials,0.0,,1.0,0.0,0.0,False,False,False
2023-06-30,2023-07-03,2023-06-30,Extended Sentiment Momentum,extended,1.0,momentum,CAT,Industrials,0.0,-0.236724658982806,0.763275341017194,0.0,0.0,True,False,False
2023-06-30,2023-07-03,2023-06-30,Extended Sentiment Momentum,extended,1.0,momentum,CCI,RealEstate,0.0,,1.0,0.0,0.0,False,False,False
2023-06-30,2023-07-03,2023-06-30,Extended Sentiment Momentum,extended,1.0,momentum,CMCSA,Comm,0.0,0.7906973934390195,1.7906973934390193,0.0,0.0,True,False,False
2023-06-30,2023-07-03,2023-06-30,Extended Sentiment Momentum,extended,1.0,momentum,COP,Energy,0.0,-1.8995706307380913,-0.8995706307380913,-0.0,-0.0,True,False,False
2023-06-30,2023-07-03,2023-06-30,Extended Sentiment Momentum,extended,1.0,momentum,CVX,Energy,0.0144705422712277,0.1484466337604663,1.1484466337604662,0.016618645560079984,0.025554635998963033,True,False,False
2023-06-30,2023-07-03,2023-06-30,Extended Sentiment Momentum,extended,1.0,momentum,D,Utilities,0.0,-2.144487933613219,-1.144487933613219,-0.0,-0.0,True,False,False
2023-06-30,2023-07-03,2023-06-30,Extended Sentiment Momentum,extended,1.0,momentum,DD,Materials,0.0,,1.0,0.0,0.0,False,False,False
2023-06-30,2023-07-03,2023-06-30,Extended Sentiment Momentum,extended,1.0,momentum,DIS,Consumer,0.0,0.1596184037636955,1.1596184037636954,0.0,0.0,True,False,False
2023-06-30,2023-07-03,2023-06-30,Extended Sentiment Momentum,extended,1.0,momentum,DOW,Materials,0.0,-2.441985390912118,-1.441985390912118,-0.0,-0.0,True,False,False
2023-06-30,2023-07-03,2023-06-30,Extended Sentiment Momentum,extended,1.0,momentum,DUK,Utilities,0.0,0.8900624261483909,1.890062426148391,0.0,0.0,True,False,False
2023-06-30,2023-07-03,2023-06-30,Extended Sentiment Momentum,extended,1.0,momentum,EA,Comm,0.126278600603295,,1.0,0.126278600603295,0.19417970382780736,False,False,False
2023-06-30,2023-07-03,2023-06-30,Extended Sentiment Momentum,extended,1.0,momentum,GE,Industrials,0.0,-0.394018617304274,0.605981382695726,0.0,0.0,True,False,False
2023-06-30,2023-07-03,2023-06-30,Extended Sentiment Momentum,extended,1.0,momentum,GILD,Healthcare,0.0,-0.3073245770256104,0.6926754229743897,0.0,0.0,True,False,False
2023-06-30,2023-07-03,2023-06-30,Extended Sentiment Momentum,extended,1.0,momentum,GS,Financials,0.0,0.2867082299158656,1.2867082299158656,0.0,0.0,True,False,False
2023-06-30,2023-07-03,2023-06-30,Extended Sentiment Momentum,extended,1.0,momentum,INTC,Tech,0.0,-0.3895014348576883,0.6104985651423117,0.0,0.0,True,False,False
2023-06-30,2023-07-03,2023-06-30,Extended Sentiment Momentum,extended,1.0,momentum,KO,Consumer,0.2385543788828388,-0.6228004825312649,0.37719951746873515,0.08998259660466063,0.13836702240026366,True,False,False
2023-06-30,2023-07-03,2023-06-30,Extended Sentiment Momentum,extended,1.0,momentum,MMM,Industrials,0.0,-0.05799083652223131,0.9420091634777686,0.0,0.0,True,False,False
2023-06-30,2023-07-03,2023-06-30,Extended Sentiment Momentum,extended,1.0,momentum,MRK,Healthcare,0.1763117318158618,-0.4588269943575158,0.5411730056424842,0.09541514983682153,0.14672070681401284,True,False,False
2023-06-30,2023-07-03,2023-06-30,Extended Sentiment Momentum,extended,1.0,momentum,MS,Financials,0.0,0.4674292987404737,1.4674292987404738,0.0,0.0,True,False,False
2023-06-30,2023-07-03,2023-06-30,Extended Sentiment Momentum,extended,1.0,momentum,NEE,Utilities,0.0,0.919138863079414,1.919138863079414,0.0,0.0,True,False,False
2023-06-30,2023-07-03,2023-06-30,Extended Sentiment Momentum,extended,1.0,momentum,NEM,Materials,0.0,-0.11003421433318682,0.8899657856668132,0.0,0.0,True,False,False
2023-06-30,2023-07-03,2023-06-30,Extended Sentiment Momentum,extended,1.0,momentum,NKE,Consumer,0.0,0.8631651264112652,1.8631651264112652,0.0,0.0,True,False,False
2023-06-30,2023-07-03,2023-06-30,Extended Sentiment Momentum,extended,1.0,momentum,NUE,Materials,0.0,,1.0,0.0,0.0,False,False,False
2023-06-30,2023-07-03,2023-06-30,Extended Sentiment Momentum,extended,1.0,momentum,NVDA,Tech,0.0,1.3616923033913044,2.3616923033913046,0.0,0.0,True,False,False
2023-06-30,2023-07-03,2023-06-30,Extended Sentiment Momentum,extended,1.0,momentum,O,RealEstate,0.1170582847115573,-0.5251100552569562,0.4748899447430438,0.05558980235838693,0.08548092318276976,True,False,False
2023-06-30,2023-07-03,2023-06-30,Extended Sentiment Momentum,extended,1.0,momentum,OXY,Energy,0.0045486095107736,0.08376198532475064,1.0837619853247507,0.00492961007386304,0.007580304339422048,True,False,False
2023-06-30,2023-07-03,2023-06-30,Extended Sentiment Momentum,extended,1.0,momentum,PLD,RealEstate,0.0,,1.0,0.0,0.0,False,False,False
2023-06-30,2023-07-03,2023-06-30,Extended Sentiment Momentum,extended,1.0,momentum,PSA,RealEstate,0.0,,1.0,0.0,0.0,False,False,False
2023-06-30,2023-07-03,2023-06-30,Extended Sentiment Momentum,extended,1.0,momentum,QCOM,Tech,0.0,0.7520614462553712,1.7520614462553712,0.0,0.0,True,False,False
2023-06-30,2023-07-03,2023-06-30,Extended Sentiment Momentum,extended,1.0,momentum,SBUX,Consumer,0.0,-0.29708638784447416,0.7029136121555258,0.0,0.0,True,False,False
2023-06-30,2023-07-03,2023-06-30,Extended Sentiment Momentum,extended,1.0,momentum,SHW,Materials,0.0,,1.0,0.0,0.0,False,False,False
2023-06-30,2023-07-03,2023-06-30,Extended Sentiment Momentum,extended,1.0,momentum,SLB,Energy,0.0,0.5002759619791202,1.5002759619791202,0.0,0.0,True,False,False
2023-06-30,2023-07-03,2023-06-30,Extended Sentiment Momentum,extended,1.0,momentum,SO,Utilities,0.0,0.8187125936180244,1.8187125936180244,0.0,0.0,True,False,False
2023-06-30,2023-07-03,2023-06-30,Extended Sentiment Momentum,extended,1.0,momentum,T,Comm,0.0439759475588243,-0.49028177431319325,0.5097182256868067,0.02241534196257998,0.03446826653683419,True,False,False
2023-06-30,2023-07-03,2023-06-30,Extended Sentiment Momentum,extended,1.0,momentum,TMUS,Comm,0.0299148698096306,-0.2550099645769814,0.7449900354230186,0.022286279919151688,0.034269806708735154,True,False,False
2023-06-30,2023-07-03,2023-06-30,Extended Sentiment Momentum,extended,1.0,momentum,TTWO,Comm,0.0006271379537452,,1.0,0.0006271379537452,0.0009643554928200762,False,False,False
2023-06-30,2023-07-03,2023-06-30,Extended Sentiment Momentum,extended,1.0,momentum,UPS,Industrials,0.0,1.0817724277835745,2.0817724277835747,0.0,0.0,True,False,False
2023-06-30,2023-07-03,2023-06-30,Extended Sentiment Momentum,extended,1.0,momentum,USB,Financials,0.0,-0.3311920679105701,0.6688079320894299,0.0,0.0,True,False,False
2023-06-30,2023-07-03,2023-06-30,Extended Sentiment Momentum,extended,1.0,momentum,V,Financials,0.0,-0.5013583408306319,0.4986416591693681,0.0,0.0,True,False,False
2023-06-30,2023-07-03,2023-06-30,Extended Sentiment Momentum,extended,1.0,momentum,WFC,Financials,0.0,-0.21491562784963025,0.7850843721503697,0.0,0.0,True,False,False
2023-06-30,2023-07-03,2023-06-30,Extended Sentiment Momentum,extended,1.0,momentum,WMT,Consumer,0.1394268701487069,-0.021555285277486767,0.9784447147225133,0.1364214841873044,0.20977650424286903,True,False,False
2023-06-30,2023-07-03,2023-06-30,Extended Sentiment Momentum,extended,1.0,momentum,XOM,Energy,0.009241500092909,-0.43340154427937666,0.5665984557206234,0.005236219681184237,0.008051780602668165,True,False,False
2023-07-31,2023-08-01,2023-07-31,Extended Sentiment Momentum,extended,1.0,momentum,ABBV,Healthcare,0.0875430552463232,-0.26980323478870155,0.7301967652112984,0.06392365575757919,0.06253192392952177,True,False,False
2023-07-31,2023-08-01,2023-07-31,Extended Sentiment Momentum,extended,1.0,momentum,ABT,Healthcare,0.0,0.7876709263374159,1.787670926337416,0.0,0.0,True,False,False
2023-07-31,2023-08-01,2023-07-31,Extended Sentiment Momentum,extended,1.0,momentum,ADBE,Tech,0.0,1.5252124466167147,2.525212446616715,0.0,0.0,True,False,False
2023-07-31,2023-08-01,2023-07-31,Extended Sentiment Momentum,extended,1.0,momentum,AEP,Utilities,0.0,-0.3881016675651269,0.6118983324348731,0.0,0.0,True,False,False
2023-07-31,2023-08-01,2023-07-31,Extended Sentiment Momentum,extended,1.0,momentum,AMD,Tech,0.0,1.2893793633308628,2.2893793633308626,0.0,0.0,True,False,False
2023-07-31,2023-08-01,2023-07-31,Extended Sentiment Momentum,extended,1.0,momentum,AMGN,Healthcare,0.0156056079016828,-0.3091335772280115,0.6908664227719885,0.010781390506217873,0.010546660434221944,True,False,False
2023-07-31,2023-08-01,2023-07-31,Extended Sentiment Momentum,extended,1.0,momentum,AMT,RealEstate,0.0,-1.3214339566362299,-0.32143395663622987,-0.0,-0.0,True,False,False
2023-07-31,2023-08-01,2023-07-31,Extended Sentiment Momentum,extended,1.0,momentum,BA,Industrials,0.0,,1.0,0.0,0.0,False,False,False
2023-07-31,2023-08-01,2023-07-31,Extended Sentiment Momentum,extended,1.0,momentum,CAT,Industrials,0.0,0.1901893637087673,1.1901893637087673,0.0,0.0,True,False,False
2023-07-31,2023-08-01,2023-07-31,Extended Sentiment Momentum,extended,1.0,momentum,CCI,RealEstate,0.0,,1.0,0.0,0.0,False,False,False
2023-07-31,2023-08-01,2023-07-31,Extended Sentiment Momentum,extended,1.0,momentum,CMCSA,Comm,0.0,0.020161826075711327,1.0201618260757113,0.0,0.0,True,False,False
2023-07-31,2023-08-01,2023-07-31,Extended Sentiment Momentum,extended,1.0,momentum,COP,Energy,0.0,0.22171501684067088,1.221715016840671,0.0,0.0,True,False,False
2023-07-31,2023-08-01,2023-07-31,Extended Sentiment Momentum,extended,1.0,momentum,CVX,Energy,0.0119871567644702,0.7455914078364079,1.7455914078364079,0.020924677852447254,0.020469110350652017,True,False,False
2023-07-31,2023-08-01,2023-07-31,Extended Sentiment Momentum,extended,1.0,momentum,D,Utilities,0.0,0.48301442224226415,1.483014422242264,0.0,0.0,True,False,False
2023-07-31,2023-08-01,2023-07-31,Extended Sentiment Momentum,extended,1.0,momentum,DD,Materials,0.0,,1.0,0.0,0.0,False,False,False
2023-07-31,2023-08-01,2023-07-31,Extended Sentiment Momentum,extended,1.0,momentum,DIS,Consumer,0.0,-0.29213267538852944,0.7078673246114706,0.0,0.0,True,False,False
2023-07-31,2023-08-01,2023-07-31,Extended Sentiment Momentum,extended,1.0,momentum,DOW,Materials,0.0,,1.0,0.0,0.0,False,False,False
2023-07-31,2023-08-01,2023-07-31,Extended Sentiment Momentum,extended,1.0,momentum,DUK,Utilities,0.0,,1.0,0.0,0.0,False,False,False
2023-07-31,2023-08-01,2023-07-31,Extended Sentiment Momentum,extended,1.0,momentum,EA,Comm,0.1152156909713553,0.34086466173434754,1.3408646617343476,0.15448864850079544,0.15112515549270603,True,False,False
2023-07-31,2023-08-01,2023-07-31,Extended Sentiment Momentum,extended,1.0,momentum,GE,Industrials,0.0,-0.376935124986462,0.623064875013538,0.0,0.0,True,False,False
2023-07-31,2023-08-01,2023-07-31,Extended Sentiment Momentum,extended,1.0,momentum,GILD,Healthcare,0.0,-0.09053019241761216,0.9094698075823878,0.0,0.0,True,False,False
2023-07-31,2023-08-01,2023-07-31,Extended Sentiment Momentum,extended,1.0,momentum,GS,Financials,0.0,0.24889680182164053,1.2488968018216404,0.0,0.0,True,False,False
2023-07-31,2023-08-01,2023-07-31,Extended Sentiment Momentum,extended,1.0,momentum,INTC,Tech,0.0,0.811017663777662,1.811017663777662,0.0,0.0,True,False,False
2023-07-31,2023-08-01,2023-07-31,Extended Sentiment Momentum,extended,1.0,momentum,KO,Consumer,0.2329936574415961,0.19428808404308015,1.19428808404308,0.27826154874011355,0.2722032992655401,True,False,False
2023-07-31,2023-08-01,2023-07-31,Extended Sentiment Momentum,extended,1.0,momentum,MMM,Industrials,0.0,-0.15306349594607932,0.8469365040539207,0.0,0.0,True,False,False
2023-07-31,2023-08-01,2023-07-31,Extended Sentiment Momentum,extended,1.0,momentum,MRK,Healthcare,0.1597897419160972,0.18451409884164519,1.1845140988416452,0.18927320214988494,0.1851523874607296,True,False,False
2023-07-31,2023-08-01,2023-07-31,Extended Sentiment Momentum,extended,1.0,momentum,MS,Financials,0.0,1.0235198550602846,2.0235198550602846,0.0,0.0,True,False,False
2023-07-31,2023-08-01,2023-07-31,Extended Sentiment Momentum,extended,1.0,momentum,NEE,Utilities,0.0,0.6394205092590098,1.63942050925901,0.0,0.0,True,False,False
2023-07-31,2023-08-01,2023-07-31,Extended Sentiment Momentum,extended,1.0,momentum,NEM,Materials,0.0,,1.0,0.0,0.0,False,False,False
2023-07-31,2023-08-01,2023-07-31,Extended Sentiment Momentum,extended,1.0,momentum,NKE,Consumer,0.0,0.1542950897742564,1.1542950897742563,0.0,0.0,True,False,False
2023-07-31,2023-08-01,2023-07-31,Extended Sentiment Momentum,extended,1.0,momentum,NUE,Materials,0.0,,1.0,0.0,0.0,False,False,False
2023-07-31,2023-08-01,2023-07-31,Extended Sentiment Momentum,extended,1.0,momentum,NVDA,Tech,0.0,0.18434907619970783,1.1843490761997078,0.0,0.0,True,False,False
2023-07-31,2023-08-01,2023-07-31,Extended Sentiment Momentum,extended,1.0,momentum,O,RealEstate,0.1223155510239102,-0.5640289401712061,0.4359710598287939,0.05332604041343705,0.05216503754481032,True,False,False
2023-07-31,2023-08-01,2023-07-31,Extended Sentiment Momentum,extended,1.0,momentum,OXY,Energy,0.0131526081157773,0.40089483180296526,1.4008948318029653,0.018425420734122157,0.018024266510742393,True,False,False
2023-07-31,2023-08-01,2023-07-31,Extended Sentiment Momentum,extended,1.0,momentum,PLD,RealEstate,0.0,-0.39770201431387403,0.6022979856861259,0.0,0.0,True,False,False
2023-07-31,2023-08-01,2023-07-31,Extended Sentiment Momentum,extended,1.0,momentum,PSA,RealEstate,0.0,-0.5725867050110278,0.4274132949889722,0.0,0.0,True,False,False
2023-07-31,2023-08-01,2023-07-31,Extended Sentiment Momentum,extended,1.0,momentum,QCOM,Tech,0.0,0.31074448104799474,1.3107444810479947,0.0,0.0,True,False,False
2023-07-31,2023-08-01,2023-07-31,Extended Sentiment Momentum,extended,1.0,momentum,SBUX,Consumer,0.0,0.5152577700254853,1.5152577700254852,0.0,0.0,True,False,False
2023-07-31,2023-08-01,2023-07-31,Extended Sentiment Momentum,extended,1.0,momentum,SHW,Materials,0.0,,1.0,0.0,0.0,False,False,False
2023-07-31,2023-08-01,2023-07-31,Extended Sentiment Momentum,extended,1.0,momentum,SLB,Energy,0.0,1.1786643786730007,2.178664378673001,0.0,0.0,True,False,False
2023-07-31,2023-08-01,2023-07-31,Extended Sentiment Momentum,extended,1.0,momentum,SO,Utilities,0.0,0.22241896343268522,1.2224189634326852,0.0,0.0,True,False,False
2023-07-31,2023-08-01,2023-07-31,Extended Sentiment Momentum,extended,1.0,momentum,T,Comm,0.0268377116057847,-0.8438145541345152,0.15618544586548477,0.004191659953158779,0.0041004000510135065,True,False,False
2023-07-31,2023-08-01,2023-07-31,Extended Sentiment Momentum,extended,1.0,momentum,TMUS,Comm,0.0526341059840717,0.07980871009274518,1.0798087100927451,0.056834766089545304,0.055597372014228506,True,False,False
2023-07-31,2023-08-01,2023-07-31,Extended Sentiment Momentum,extended,1.0,momentum,TTWO,Comm,0.0021491336463584,,1.0,0.0021491336463584,0.0021023431794656884,False,False,False
2023-07-31,2023-08-01,2023-07-31,Extended Sentiment Momentum,extended,1.0,momentum,UPS,Industrials,0.0,0.4196604539853442,1.4196604539853441,0.0,0.0,True,False,False
2023-07-31,2023-08-01,2023-07-31,Extended Sentiment Momentum,extended,1.0,momentum,USB,Financials,0.0,0.5595968392089227,1.5595968392089228,0.0,0.0,True,False,False
2023-07-31,2023-08-01,2023-07-31,Extended Sentiment Momentum,extended,1.0,momentum,V,Financials,0.0126724309083582,0.3849872777820787,1.3849872777820786,0.017551155586648496,0.017169035672515917,True,False,False
2023-07-31,2023-08-01,2023-07-31,Extended Sentiment Momentum,extended,1.0,momentum,WFC,Financials,0.0,-0.11419109319658839,0.8858089068034116,0.0,0.0,True,False,False
2023-07-31,2023-08-01,2023-07-31,Extended Sentiment Momentum,extended,1.0,momentum,WMT,Consumer,0.1381157632100252,0.044581279836143815,1.0445812798361438,0.1442731406994739,0.1411320574891092,True,False,False
2023-07-31,2023-08-01,2023-07-31,Extended Sentiment Momentum,extended,1.0,momentum,XOM,Energy,0.0089877852641889,-0.12638094586090118,0.8736190541390988,0.007851900461306037,0.007680950604743074,True,False,False
2023-08-31,2023-09-01,2023-08-31,Extended Sentiment Momentum,extended,1.0,momentum,ABBV,Healthcare,0.0742857209529456,-0.5665091380393711,0.4334908619606289,0.03220218120725914,0.024343377639272506,True,False,False
2023-08-31,2023-09-01,2023-08-31,Extended Sentiment Momentum,extended,1.0,momentum,ABT,Healthcare,0.0,0.7231659591379355,1.7231659591379356,0.0,0.0,True,False,False
2023-08-31,2023-09-01,2023-08-31,Extended Sentiment Momentum,extended,1.0,momentum,ADBE,Tech,0.0,1.2339118932742483,2.2339118932742483,0.0,0.0,True,False,False
2023-08-31,2023-09-01,2023-08-31,Extended Sentiment Momentum,extended,1.0,momentum,AEP,Utilities,0.0,-0.28466479728170485,0.7153352027182951,0.0,0.0,True,False,False
2023-08-31,2023-09-01,2023-08-31,Extended Sentiment Momentum,extended,1.0,momentum,AMD,Tech,0.0,-1.8838427382176661,-0.8838427382176661,-0.0,-0.0,True,False,False
2023-08-31,2023-09-01,2023-08-31,Extended Sentiment Momentum,extended,1.0,momentum,AMGN,Healthcare,0.0403196886552211,-0.5226291079609138,0.4773708920390862,0.01924744574008112,0.014550189542333853,True,False,False
2023-08-31,2023-09-01,2023-08-31,Extended Sentiment Momentum,extended,1.0,momentum,AMT,RealEstate,0.0,0.672729718679237,1.672729718679237,0.0,0.0,True,False,False
2023-08-31,2023-09-01,2023-08-31,Extended Sentiment Momentum,extended,1.0,momentum,BA,Industrials,0.0,,1.0,0.0,0.0,False,False,False
2023-08-31,2023-09-01,2023-08-31,Extended Sentiment Momentum,extended,1.0,momentum,CAT,Industrials,0.0,-0.04163273460153511,0.9583672653984648,0.0,0.0,True,False,False
2023-08-31,2023-09-01,2023-08-31,Extended Sentiment Momentum,extended,1.0,momentum,CCI,RealEstate,0.0,,1.0,0.0,0.0,False,False,False
2023-08-31,2023-09-01,2023-08-31,Extended Sentiment Momentum,extended,1.0,momentum,CMCSA,Comm,0.0,-0.23498444178159436,0.7650155582184056,0.0,0.0,True,False,False
2023-08-31,2023-09-01,2023-08-31,Extended Sentiment Momentum,extended,1.0,momentum,COP,Energy,0.0,0.07258294287902384,1.072582942879024,0.0,0.0,True,False,False
2023-08-31,2023-09-01,2023-08-31,Extended Sentiment Momentum,extended,1.0,momentum,CVX,Energy,0.0,0.5089423188570965,1.5089423188570965,0.0,0.0,True,False,False
2023-08-31,2023-09-01,2023-08-31,Extended Sentiment Momentum,extended,1.0,momentum,D,Utilities,0.0,-3.3396489222860173,-2.3396489222860173,-0.0,-0.0,True,False,False
2023-08-31,2023-09-01,2023-08-31,Extended Sentiment Momentum,extended,1.0,momentum,DD,Materials,0.0,1.0218412069480132,2.021841206948013,0.0,0.0,True,False,False
2023-08-31,2023-09-01,2023-08-31,Extended Sentiment Momentum,extended,1.0,momentum,DIS,Consumer,0.0,-0.4862631179449211,0.513736882055079,0.0,0.0,True,False,False
2023-08-31,2023-09-01,2023-08-31,Extended Sentiment Momentum,extended,1.0,momentum,DOW,Materials,0.0,1.064003752056004,2.0640037520560037,0.0,0.0,True,False,False
2023-08-31,2023-09-01,2023-08-31,Extended Sentiment Momentum,extended,1.0,momentum,DUK,Utilities,0.0,-0.4332415668016919,0.5667584331983081,0.0,0.0,True,False,False
2023-08-31,2023-09-01,2023-08-31,Extended Sentiment Momentum,extended,1.0,momentum,EA,Comm,0.0782336627440103,-1.2656769018211769,-0.26567690182117687,-0.020784877135951486,0.0,True,True,False
2023-08-31,2023-09-01,2023-08-31,Extended Sentiment Momentum,extended,1.0,momentum,GE,Industrials,0.0,0.6047404349878613,1.6047404349878613,0.0,0.0,True,False,False
2023-08-31,2023-09-01,2023-08-31,Extended Sentiment Momentum,extended,1.0,momentum,GILD,Healthcare,0.0,,1.0,0.0,0.0,False,False,False
2023-08-31,2023-09-01,2023-08-31,Extended Sentiment Momentum,extended,1.0,momentum,GS,Financials,0.0,0.16727631327863385,1.167276313278634,0.0,0.0,True,False,False
2023-08-31,2023-09-01,2023-08-31,Extended Sentiment Momentum,extended,1.0,momentum,INTC,Tech,0.0,-0.03558573718310281,0.9644142628168972,0.0,0.0,True,False,False
2023-08-31,2023-09-01,2023-08-31,Extended Sentiment Momentum,extended,1.0,momentum,KO,Consumer,0.2564785679164975,1.2390619216152694,2.2390619216152694,0.5742713951322452,0.4341229356222853,True,False,False
2023-08-31,2023-09-01,2023-08-31,Extended Sentiment Momentum,extended,1.0,momentum,MMM,Industrials,0.0,-0.5223697993962749,0.4776302006037251,0.0,0.0,True,False,False
2023-08-31,2023-09-01,2023-08-31,Extended Sentiment Momentum,extended,1.0,momentum,MRK,Healthcare,0.1418692644532559,0.7456018663543207,1.7456018663543207,0.2476472528079182,0.18721000784482755,True,False,False
2023-08-31,2023-09-01,2023-08-31,Extended Sentiment Momentum,extended,1.0,momentum,MS,Financials,0.0,-0.2185965440688857,0.7814034559311143,0.0,0.0,True,False,False
2023-08-31,2023-09-01,2023-08-31,Extended Sentiment Momentum,extended,1.0,momentum,NEE,Utilities,0.0,-0.5032756890014461,0.49672431099855385,0.0,0.0,True,False,False
2023-08-31,2023-09-01,2023-08-31,Extended Sentiment Momentum,extended,1.0,momentum,NEM,Materials,0.0,-0.12713059845391878,0.8728694015460812,0.0,0.0,True,False,False
2023-08-31,2023-09-01,2023-08-31,Extended Sentiment Momentum,extended,1.0,momentum,NKE,Consumer,0.0,-0.2386598231738033,0.7613401768261967,0.0,0.0,True,False,False
2023-08-31,2023-09-01,2023-08-31,Extended Sentiment Momentum,extended,1.0,momentum,NUE,Materials,0.0,,1.0,0.0,0.0,False,False,False
2023-08-31,2023-09-01,2023-08-31,Extended Sentiment Momentum,extended,1.0,momentum,NVDA,Tech,0.0,1.0365964557096847,2.0365964557096845,0.0,0.0,True,False,False
2023-08-31,2023-09-01,2023-08-31,Extended Sentiment Momentum,extended,1.0,momentum,O,RealEstate,0.0938284183171901,0.4128241420588951,1.4128241420588952,0.13256305460972723,0.10021161233179585,True,False,False
2023-08-31,2023-09-01,2023-08-31,Extended Sentiment Momentum,extended,1.0,momentum,OXY,Energy,0.0191927825992649,-0.4094712296839767,0.5905287703160234,0.011333890307286671,0.008567903214275875,True,False,False
2023-08-31,2023-09-01,2023-08-31,Extended Sentiment Momentum,extended,1.0,momentum,PLD,RealEstate,0.0,1.590791281967934,2.5907912819679337,0.0,0.0,True,False,False
2023-08-31,2023-09-01,2023-08-31,Extended Sentiment Momentum,extended,1.0,momentum,PSA,RealEstate,0.0,-0.4928008848981473,0.5071991151018527,0.0,0.0,True,False,False
2023-08-31,2023-09-01,2023-08-31,Extended Sentiment Momentum,extended,1.0,momentum,QCOM,Tech,0.0,-1.5525679359561961,-0.5525679359561961,-0.0,-0.0,True,False,False
2023-08-31,2023-09-01,2023-08-31,Extended Sentiment Momentum,extended,1.0,momentum,SBUX,Consumer,0.0,-1.09480305788108,-0.0948030578810799,-0.0,-0.0,True,False,False
2023-08-31,2023-09-01,2023-08-31,Extended Sentiment Momentum,extended,1.0,momentum,SHW,Materials,0.0,-0.9821030291054177,0.01789697089458231,0.0,0.0,True,False,False
2023-08-31,2023-09-01,2023-08-31,Extended Sentiment Momentum,extended,1.0,momentum,SLB,Energy,0.0,,1.0,0.0,0.0,False,False,False
2023-08-31,2023-09-01,2023-08-31,Extended Sentiment Momentum,extended,1.0,momentum,SO,Utilities,0.0,-0.3874084037469894,0.6125915962530106,0.0,0.0,True,False,False
2023-08-31,2023-09-01,2023-08-31,Extended Sentiment Momentum,extended,1.0,momentum,T,Comm,0.032989013001133,-0.3537818302070903,0.6462181697929097,0.02131809960486667,0.016115509253637472,True,False,False
2023-08-31,2023-09-01,2023-08-31,Extended Sentiment Momentum,extended,1.0,momentum,TMUS,Comm,0.0343601582181247,0.6850304705439645,1.6850304705439645,0.05789791357025173,0.043768177239151704,True,False,False
2023-08-31,2023-09-01,2023-08-31,Extended Sentiment Momentum,extended,1.0,momentum,TTWO,Comm,0.0158777786920197,-0.15598456886884646,0.8440154311311535,0.01340109022815005,0.010130611901788869,True,False,False
2023-08-31,2023-09-01,2023-08-31,Extended Sentiment Momentum,extended,1.0,momentum,UPS,Industrials,0.0,0.26577638363787986,1.26577638363788,0.0,0.0,True,False,False
2023-08-31,2023-09-01,2023-08-31,Extended Sentiment Momentum,extended,1.0,momentum,USB,Financials,0.0,-0.3531816069805162,0.6468183930194837,0.0,0.0,True,False,False
2023-08-31,2023-09-01,2023-08-31,Extended Sentiment Momentum,extended,1.0,momentum,V,Financials,0.0182623456909401,-0.12751505537755017,0.8724849446224499,0.01593362166883591,0.012045089956773829,True,False,False
2023-08-31,2023-09-01,2023-08-31,Extended Sentiment Momentum,extended,1.0,momentum,WFC,Financials,0.0,-0.5022707887898292,0.4977292112101708,0.0,0.0,True,False,False
2023-08-31,2023-09-01,2023-08-31,Extended Sentiment Momentum,extended,1.0,momentum,WMT,Consumer,0.1807656493227264,-0.040029351214139815,0.9599706487858601,0.17352971765853495,0.131180537784372,True,False,False
2023-08-31,2023-09-01,2023-08-31,Extended Sentiment Momentum,extended,1.0,momentum,XOM,Energy,0.0135369494366703,0.7349262898255343,1.7349262898255344,0.023485609461718262,0.0177540476694852,True,False,False
2023-09-29,2023-10-02,2023-09-29,Extended Sentiment Momentum,extended,1.0,momentum,ABBV,Healthcare,0.0622695892060158,-0.5642903901692109,0.4357096098307891,0.027131458417276662,0.01889495598834966,True,False,False
2023-09-29,2023-10-02,2023-09-29,Extended Sentiment Momentum,extended,1.0,momentum,ABT,Healthcare,0.0,-0.39023053871231006,0.6097694612876899,0.0,0.0,True,False,False
2023-09-29,2023-10-02,2023-09-29,Extended Sentiment Momentum,extended,1.0,momentum,ADBE,Tech,0.0,-0.45088182945395194,0.5491181705460481,0.0,0.0,True,False,False
2023-09-29,2023-10-02,2023-09-29,Extended Sentiment Momentum,extended,1.0,momentum,AEP,Utilities,0.0,-0.2746012103894453,0.7253987896105547,0.0,0.0,True,False,False
2023-09-29,2023-10-02,2023-09-29,Extended Sentiment Momentum,extended,1.0,momentum,AMD,Tech,0.0,0.5316927085191806,1.5316927085191807,0.0,0.0,True,False,False
2023-09-29,2023-10-02,2023-09-29,Extended Sentiment Momentum,extended,1.0,momentum,AMGN,Healthcare,0.0459857099945139,0.7219033659855991,1.7219033659855991,0.0791829488267911,0.05514478101764125,True,False,False
2023-09-29,2023-10-02,2023-09-29,Extended Sentiment Momentum,extended,1.0,momentum,AMT,RealEstate,0.0,-2.5667315279027245,-1.5667315279027245,-0.0,-0.0,True,False,False
2023-09-29,2023-10-02,2023-09-29,Extended Sentiment Momentum,extended,1.0,momentum,BA,Industrials,0.0,,1.0,0.0,0.0,False,False,False
2023-09-29,2023-10-02,2023-09-29,Extended Sentiment Momentum,extended,1.0,momentum,CAT,Industrials,0.0,0.11798214091868572,1.1179821409186856,0.0,0.0,True,False,False
2023-09-29,2023-10-02,2023-09-29,Extended Sentiment Momentum,extended,1.0,momentum,CCI,RealEstate,0.0,,1.0,0.0,0.0,False,False,False
2023-09-29,2023-10-02,2023-09-29,Extended Sentiment Momentum,extended,1.0,momentum,CMCSA,Comm,0.0,-0.24426931449072758,0.7557306855092725,0.0,0.0,True,False,False
2023-09-29,2023-10-02,2023-09-29,Extended Sentiment Momentum,extended,1.0,momentum,COP,Energy,0.0,1.4352983448363719,2.435298344836372,0.0,0.0,True,False,False
2023-09-29,2023-10-02,2023-09-29,Extended Sentiment Momentum,extended,1.0,momentum,CVX,Energy,0.0285068765260923,1.128160355986191,2.128160355986191,0.060667204495822975,0.04225000150212511,True,False,False
2023-09-29,2023-10-02,2023-09-29,Extended Sentiment Momentum,extended,1.0,momentum,D,Utilities,0.0,1.5039086730171678,2.503908673017168,0.0,0.0,True,False,False
2023-09-29,2023-10-02,2023-09-29,Extended Sentiment Momentum,extended,1.0,momentum,DD,Materials,0.0,,1.0,0.0,0.0,False,False,False
2023-09-29,2023-10-02,2023-09-29,Extended Sentiment Momentum,extended,1.0,momentum,DIS,Consumer,0.0,0.5024428074138282,1.502442807413828,0.0,0.0,True,False,False
2023-09-29,2023-10-02,2023-09-29,Extended Sentiment Momentum,extended,1.0,momentum,DOW,Materials,0.0,,1.0,0.0,0.0,False,False,False
2023-09-29,2023-10-02,2023-09-29,Extended Sentiment Momentum,extended,1.0,momentum,DUK,Utilities,0.0,0.6361957183828302,1.6361957183828302,0.0,0.0,True,False,False
2023-09-29,2023-10-02,2023-09-29,Extended Sentiment Momentum,extended,1.0,momentum,EA,Comm,0.0787834168266555,-0.3471750732784229,0.6528249267215771,0.05143177831673684,0.03581824363258259,True,False,False
2023-09-29,2023-10-02,2023-09-29,Extended Sentiment Momentum,extended,1.0,momentum,GE,Industrials,0.0073350238314469,0.00897537898818256,1.0089753789881826,0.007400858450221487,0.005154123768145637,True,False,False
2023-09-29,2023-10-02,2023-09-29,Extended Sentiment Momentum,extended,1.0,momentum,GILD,Healthcare,0.0,0.7168324774556165,1.7168324774556165,0.0,0.0,True,False,False
2023-09-29,2023-10-02,2023-09-29,Extended Sentiment Momentum,extended,1.0,momentum,GS,Financials,0.0,-1.1475276818531923,-0.14752768185319232,-0.0,-0.0,True,False,False
2023-09-29,2023-10-02,2023-09-29,Extended Sentiment Momentum,extended,1.0,momentum,INTC,Tech,0.0,0.016695082379507044,1.0166950823795071,0.0,0.0,True,False,False
2023-09-29,2023-10-02,2023-09-29,Extended Sentiment Momentum,extended,1.0,momentum,KO,Consumer,0.2873775350355844,0.2425072463732733,1.2425072463732734,0.35706866972660284,0.24867062785709018,True,False,False
2023-09-29,2023-10-02,2023-09-29,Extended Sentiment Momentum,extended,1.0,momentum,MMM,Industrials,0.0,,1.0,0.0,0.0,False,False,False
2023-09-29,2023-10-02,2023-09-29,Extended Sentiment Momentum,extended,1.0,momentum,MRK,Healthcare,0.1165080947026431,0.6967469150037171,1.696746915003717,0.1976847502596706,0.13767209260471808,True,False,False
2023-09-29,2023-10-02,2023-09-29,Extended Sentiment Momentum,extended,1.0,momentum,MS,Financials,0.0,-0.2626099590836313,0.7373900409163687,0.0,0.0,True,False,False
2023-09-29,2023-10-02,2023-09-29,Extended Sentiment Momentum,extended,1.0,momentum,NEE,Utilities,0.0,-1.3219588683829184,-0.32195886838291843,-0.0,-0.0,True,False,False
2023-09-29,2023-10-02,2023-09-29,Extended Sentiment Momentum,extended,1.0,momentum,NEM,Materials,0.0,,1.0,0.0,0.0,False,False,False
2023-09-29,2023-10-02,2023-09-29,Extended Sentiment Momentum,extended,1.0,momentum,NKE,Consumer,0.0,0.6695663927758866,1.6695663927758866,0.0,0.0,True,False,False
2023-09-29,2023-10-02,2023-09-29,Extended Sentiment Momentum,extended,1.0,momentum,NUE,Materials,0.0,,1.0,0.0,0.0,False,False,False
2023-09-29,2023-10-02,2023-09-29,Extended Sentiment Momentum,extended,1.0,momentum,NVDA,Tech,0.0,1.4443066427953122,2.444306642795312,0.0,0.0,True,False,False
2023-09-29,2023-10-02,2023-09-29,Extended Sentiment Momentum,extended,1.0,momentum,O,RealEstate,0.0631806964650165,-0.45523317175352124,0.5447668282464788,0.03441874761965056,0.02396998758582364,True,False,False
2023-09-29,2023-10-02,2023-09-29,Extended Sentiment Momentum,extended,1.0,momentum,OXY,Energy,0.0176839203669765,-0.4116563892640427,0.5883436107359573,0.010404221560674089,0.007245733180225706,True,False,False
2023-09-29,2023-10-02,2023-09-29,Extended Sentiment Momentum,extended,1.0,momentum,PLD,RealEstate,0.0,1.5687956039449706,2.5687956039449706,0.0,0.0,True,False,False
2023-09-29,2023-10-02,2023-09-29,Extended Sentiment Momentum,extended,1.0,momentum,PSA,RealEstate,0.0,,1.0,0.0,0.0,False,False,False
2023-09-29,2023-10-02,2023-09-29,Extended Sentiment Momentum,extended,1.0,momentum,QCOM,Tech,0.0,-0.48546491882393766,0.5145350811760623,0.0,0.0,True,False,False
2023-09-29,2023-10-02,2023-09-29,Extended Sentiment Momentum,extended,1.0,momentum,SBUX,Consumer,0.0,-0.29305478708620547,0.7069452129137945,0.0,0.0,True,False,False
2023-09-29,2023-10-02,2023-09-29,Extended Sentiment Momentum,extended,1.0,momentum,SHW,Materials,0.0,-0.3078641093654638,0.6921358906345362,0.0,0.0,True,False,False
2023-09-29,2023-10-02,2023-09-29,Extended Sentiment Momentum,extended,1.0,momentum,SLB,Energy,0.0,-0.0020392807809360503,0.9979607192190639,0.0,0.0,True,False,False
2023-09-29,2023-10-02,2023-09-29,Extended Sentiment Momentum,extended,1.0,momentum,SO,Utilities,0.0,-0.24652922088184928,0.7534707791181507,0.0,0.0,True,False,False
2023-09-29,2023-10-02,2023-09-29,Extended Sentiment Momentum,extended,1.0,momentum,T,Comm,0.027024899104228,1.0899568314412795,2.0899568314412793,0.05648087250189262,0.039334546034844924,True,False,False
2023-09-29,2023-10-02,2023-09-29,Extended Sentiment Momentum,extended,1.0,momentum,TMUS,Comm,0.0616742444999878,1.7621793265700396,2.7621793265700396,0.17035532313969226,0.11863926677291624,True,False,False
2023-09-29,2023-10-02,2023-09-29,Extended Sentiment Momentum,extended,1.0,momentum,TTWO,Comm,0.016400310336569,,1.0,0.016400310336569,0.011421543849165923,False,False,False
2023-09-29,2023-10-02,2023-09-29,Extended Sentiment Momentum,extended,1.0,momentum,UPS,Industrials,0.0,1.2101420799167617,2.2101420799167615,0.0,0.0,True,False,False
2023-09-29,2023-10-02,2023-09-29,Extended Sentiment Momentum,extended,1.0,momentum,USB,Financials,0.0,-2.229153207413081,-1.229153207413081,-0.0,-0.0,True,False,False
2023-09-29,2023-10-02,2023-09-29,Extended Sentiment Momentum,extended,1.0,momentum,V,Financials,0.0291095304250455,-0.4753113851092033,0.5246886148907968,0.01527343919883863,0.010636765521938275,True,False,False
2023-09-29,2023-10-02,2023-09-29,Extended Sentiment Momentum,extended,1.0,momentum,WFC,Financials,0.0,0.17967930091264547,1.1796793009126454,0.0,0.0,True,False,False
2023-09-29,2023-10-02,2023-09-29,Extended Sentiment Momentum,extended,1.0,momentum,WMT,Consumer,0.1581601526792242,1.2256524523836527,2.2256524523836525,0.35200953167988824,0.24514733068443295,True,False,False
2023-09-29,2023-10-02,2023-09-29,Extended Sentiment Momentum,extended,1.0,momentum,XOM,Energy,0.0,0.3465691267574106,1.3465691267574105,0.0,0.0,True,False,False
2023-10-31,2023-11-01,2023-10-31,Extended Sentiment Momentum,extended,1.0,momentum,ABBV,Healthcare,0.0764429560561419,1.0328856591641888,2.032885659164189,0.15539978911064917,0.11512360811540104,True,False,False
2023-10-31,2023-11-01,2023-10-31,Extended Sentiment Momentum,extended,1.0,momentum,ABT,Healthcare,0.0,1.9851869762185708,2.9851869762185705,0.0,0.0,True,False,False
2023-10-31,2023-11-01,2023-10-31,Extended Sentiment Momentum,extended,1.0,momentum,ADBE,Tech,0.0,-0.5326802084678126,0.4673197915321874,0.0,0.0,True,False,False
2023-10-31,2023-11-01,2023-10-31,Extended Sentiment Momentum,extended,1.0,momentum,AEP,Utilities,0.0,-0.3984234602107068,0.6015765397892932,0.0,0.0,True,False,False
2023-10-31,2023-11-01,2023-10-31,Extended Sentiment Momentum,extended,1.0,momentum,AMD,Tech,0.0,0.16840366825589062,1.1684036682558907,0.0,0.0,True,False,False
2023-10-31,2023-11-01,2023-10-31,Extended Sentiment Momentum,extended,1.0,momentum,AMGN,Healthcare,0.0326262055348328,0.7483757619278787,1.7483757619278788,0.05704286696077888,0.04225862016515212,True,False,False
2023-10-31,2023-11-01,2023-10-31,Extended Sentiment Momentum,extended,1.0,momentum,AMT,RealEstate,0.0,,1.0,0.0,0.0,False,False,False
2023-10-31,2023-11-01,2023-10-31,Extended Sentiment Momentum,extended,1.0,momentum,BA,Industrials,0.0,0.29583971554888217,1.295839715548882,0.0,0.0,True,False,False
2023-10-31,2023-11-01,2023-10-31,Extended Sentiment Momentum,extended,1.0,momentum,CAT,Industrials,0.0,0.5235352614523076,1.5235352614523077,0.0,0.0,True,False,False
2023-10-31,2023-11-01,2023-10-31,Extended Sentiment Momentum,extended,1.0,momentum,CCI,RealEstate,0.0,,1.0,0.0,0.0,False,False,False
2023-10-31,2023-11-01,2023-10-31,Extended Sentiment Momentum,extended,1.0,momentum,CMCSA,Comm,0.0002372028086275,0.8697189372571693,1.8697189372571694,0.000443502583261425,0.0003285565436462839,True,False,False
2023-10-31,2023-11-01,2023-10-31,Extended Sentiment Momentum,extended,1.0,momentum,COP,Energy,0.0,0.835236138654538,1.8352361386545382,0.0,0.0,True,False,False
2023-10-31,2023-11-01,2023-10-31,Extended Sentiment Momentum,extended,1.0,momentum,CVX,Energy,0.0468956778110197,0.57050063208589,1.5705006320858899,0.07364969164430268,0.054561323970920346,True,False,False
2023-10-31,2023-11-01,2023-10-31,Extended Sentiment Momentum,extended,1.0,momentum,D,Utilities,0.0,0.8979151484287344,1.8979151484287344,0.0,0.0,True,False,False
2023-10-31,2023-11-01,2023-10-31,Extended Sentiment Momentum,extended,1.0,momentum,DD,Materials,0.0190148674111878,-0.21399373846420697,0.786006261535793,0.014945804847466505,0.01107218349571805,True,False,False
2023-10-31,2023-11-01,2023-10-31,Extended Sentiment Momentum,extended,1.0,momentum,DIS,Consumer,0.0,0.5996926188412383,1.5996926188412384,0.0,0.0,True,False,False
2023-10-31,2023-11-01,2023-10-31,Extended Sentiment Momentum,extended,1.0,momentum,DOW,Materials,0.0,,1.0,0.0,0.0,False,False,False
2023-10-31,2023-11-01,2023-10-31,Extended Sentiment Momentum,extended,1.0,momentum,DUK,Utilities,0.0,,1.0,0.0,0.0,False,False,False
2023-10-31,2023-11-01,2023-10-31,Extended Sentiment Momentum,extended,1.0,momentum,EA,Comm,0.0670255992654808,-0.34610280063324456,0.6538971993667555,0.04382785164557636,0.03246864391683723,True,False,False
2023-10-31,2023-11-01,2023-10-31,Extended Sentiment Momentum,extended,1.0,momentum,GE,Industrials,0.0078462800156274,0.9684342633641108,1.9684342633641108,0.015444886422710063,0.011441914188499401,True,False,False
2023-10-31,2023-11-01,2023-10-31,Extended Sentiment Momentum,extended,1.0,momentum,GILD,Healthcare,0.0,0.12432424860436898,1.124324248604369,0.0,0.0,True,False,False
2023-10-31,2023-11-01,2023-10-31,Extended Sentiment Momentum,extended,1.0,momentum,GS,Financials,0.0053796107971468,0.41397757021385795,1.413977570213858,0.0076066490036458675,0.005635174178670251,True,False,False
2023-10-31,2023-11-01,2023-10-31,Extended Sentiment Momentum,extended,1.0,momentum,INTC,Tech,0.0,0.2958775820951677,1.2958775820951676,0.0,0.0,True,False,False
2023-10-31,2023-11-01,2023-10-31,Extended Sentiment Momentum,extended,1.0,momentum,KO,Consumer,0.1789820712033501,0.09636248226970189,1.0963624822697018,0.19622922786627744,0.14537096130535854,True,False,False
2023-10-31,2023-11-01,2023-10-31,Extended Sentiment Momentum,extended,1.0,momentum,MMM,Industrials,0.0,1.9773828425213813,2.977382842521381,0.0,0.0,True,False,False
2023-10-31,2023-11-01,2023-10-31,Extended Sentiment Momentum,extended,1.0,momentum,MRK,Healthcare,0.1217282692402882,-0.4236479797325245,0.5763520202674755,0.0701583339003033,0.051974848770335196,True,False,False
2023-10-31,2023-11-01,2023-10-31,Extended Sentiment Momentum,extended,1.0,momentum,MS,Financials,0.0,0.45118266670403073,1.4511826667040308,0.0,0.0,True,False,False
2023-10-31,2023-11-01,2023-10-31,Extended Sentiment Momentum,extended,1.0,momentum,NEE,Utilities,0.0,1.0238017034472857,2.023801703447286,0.0,0.0,True,False,False
2023-10-31,2023-11-01,2023-10-31,Extended Sentiment Momentum,extended,1.0,momentum,NEM,Materials,0.0,-0.19299165546407,0.80700834453593,0.0,0.0,True,False,False
2023-10-31,2023-11-01,2023-10-31,Extended Sentiment Momentum,extended,1.0,momentum,NKE,Consumer,0.0,-0.2651571208032229,0.7348428791967772,0.0,0.0,True,False,False
2023-10-31,2023-11-01,2023-10-31,Extended Sentiment Momentum,extended,1.0,momentum,NUE,Materials,0.0,-0.47905649463410777,0.5209435053658922,0.0,0.0,True,False,False
2023-10-31,2023-11-01,2023-10-31,Extended Sentiment Momentum,extended,1.0,momentum,NVDA,Tech,0.0040884090185444,0.511957401776798,1.511957401776798,0.006181500277079219,0.004579392414471071,True,False,False
2023-10-31,2023-11-01,2023-10-31,Extended Sentiment Momentum,extended,1.0,momentum,O,RealEstate,0.1005155777665781,-0.15957992743532312,0.8404200725646769,0.08447530916046798,0.062581181370153,True,False,False
2023-10-31,2023-11-01,2023-10-31,Extended Sentiment Momentum,extended,1.0,momentum,OXY,Energy,0.0,2.9261590241471263,3.9261590241471263,0.0,0.0,True,False,False
2023-10-31,2023-11-01,2023-10-31,Extended Sentiment Momentum,extended,1.0,momentum,PLD,RealEstate,0.0,-0.40648862710799766,0.5935113728920023,0.0,0.0,True,False,False
2023-10-31,2023-11-01,2023-10-31,Extended Sentiment Momentum,extended,1.0,momentum,PSA,RealEstate,0.0,-0.08547905806712636,0.9145209419328737,0.0,0.0,True,False,False
2023-10-31,2023-11-01,2023-10-31,Extended Sentiment Momentum,extended,1.0,momentum,QCOM,Tech,0.0,-0.8284135319574957,0.17158646804250433,0.0,0.0,True,False,False
2023-10-31,2023-11-01,2023-10-31,Extended Sentiment Momentum,extended,1.0,momentum,SBUX,Consumer,0.0,1.4718555414788028,2.471855541478803,0.0,0.0,True,False,False
2023-10-31,2023-11-01,2023-10-31,Extended Sentiment Momentum,extended,1.0,momentum,SHW,Materials,0.0,,1.0,0.0,0.0,False,False,False
2023-10-31,2023-11-01,2023-10-31,Extended Sentiment Momentum,extended,1.0,momentum,SLB,Energy,0.0,-0.36775816215159995,0.6322418378484,0.0,0.0,True,False,False
2023-10-31,2023-11-01,2023-10-31,Extended Sentiment Momentum,extended,1.0,momentum,SO,Utilities,0.0,-0.41470773342327416,0.5852922665767258,0.0,0.0,True,False,False
2023-10-31,2023-11-01,2023-10-31,Extended Sentiment Momentum,extended,1.0,momentum,T,Comm,0.0410534954880064,2.356623193696007,3.356623193696007,0.13780111513733667,0.1020861203720184,True,False,False
2023-10-31,2023-11-01,2023-10-31,Extended Sentiment Momentum,extended,1.0,momentum,TMUS,Comm,0.0621834614023647,-0.44793732364813027,0.5520626763518697,0.034329168126612644,0.025431808633420098,True,False,False
2023-10-31,2023-11-01,2023-10-31,Extended Sentiment Momentum,extended,1.0,momentum,TTWO,Comm,0.0,0.4569725082702336,1.4569725082702336,0.0,0.0,True,False,False
2023-10-31,2023-11-01,2023-10-31,Extended Sentiment Momentum,extended,1.0,momentum,UPS,Industrials,0.0,-0.6549662114041629,0.3450337885958371,0.0,0.0,True,False,False
2023-10-31,2023-11-01,2023-10-31,Extended Sentiment Momentum,extended,1.0,momentum,USB,Financials,0.0,,1.0,0.0,0.0,False,False,False
2023-10-31,2023-11-01,2023-10-31,Extended Sentiment Momentum,extended,1.0,momentum,V,Financials,0.0395998209704369,0.12726718098000117,1.1272671809800012,0.04463957855265714,0.033069989201038076,True,False,False
2023-10-31,2023-11-01,2023-10-31,Extended Sentiment Momentum,extended,1.0,momentum,WFC,Financials,0.0,0.1210038628630878,1.1210038628630878,0.0,0.0,True,False,False
2023-10-31,2023-11-01,2023-10-31,Extended Sentiment Momentum,extended,1.0,momentum,WMT,Consumer,0.1963804952103657,1.075951310873343,2.075951310873343,0.407676346461915,0.3020156733583607,True,False,False
2023-10-31,2023-11-01,2023-10-31,Extended Sentiment Momentum,extended,1.0,momentum,XOM,Energy,0.0,0.6878000891505301,1.6878000891505303,0.0,0.0,True,False,False
2023-11-30,2023-12-01,2023-11-30,Extended Sentiment Momentum,extended,1.0,momentum,ABBV,Healthcare,0.0878306668442297,-0.18366010838254715,0.8163398916174529,0.07169967705230709,0.05762135370795296,True,False,False
2023-11-30,2023-12-01,2023-11-30,Extended Sentiment Momentum,extended,1.0,momentum,ABT,Healthcare,0.0197920077547489,3.1167756881854096,4.11677568818541,0.08147925634512736,0.06548070009155618,True,False,False
2023-11-30,2023-12-01,2023-11-30,Extended Sentiment Momentum,extended,1.0,momentum,ADBE,Tech,0.0,0.3221059448383439,1.3221059448383439,0.0,0.0,True,False,False
2023-11-30,2023-12-01,2023-11-30,Extended Sentiment Momentum,extended,1.0,momentum,AEP,Utilities,0.0,,1.0,0.0,0.0,False,False,False
2023-11-30,2023-12-01,2023-11-30,Extended Sentiment Momentum,extended,1.0,momentum,AMD,Tech,0.0088832506701988,-0.34708288542543614,0.6529171145745638,0.0058000263956287604,0.004661183790467778,True,False,False
2023-11-30,2023-12-01,2023-11-30,Extended Sentiment Momentum,extended,1.0,momentum,AMGN,Healthcare,0.0099599900269989,1.212422700160152,2.212422700160152,0.022035708029101094,0.017708968558166706,True,False,False
2023-11-30,2023-12-01,2023-11-30,Extended Sentiment Momentum,extended,1.0,momentum,AMT,RealEstate,0.0,0.8785610495596965,1.8785610495596965,0.0,0.0,True,False,False
2023-11-30,2023-12-01,2023-11-30,Extended Sentiment Momentum,extended,1.0,momentum,BA,Industrials,0.0,0.13572627685101388,1.135726276851014,0.0,0.0,True,False,False
2023-11-30,2023-12-01,2023-11-30,Extended Sentiment Momentum,extended,1.0,momentum,CAT,Industrials,0.0,1.579397563385584,2.5793975633855837,0.0,0.0,True,False,False
2023-11-30,2023-12-01,2023-11-30,Extended Sentiment Momentum,extended,1.0,momentum,CCI,RealEstate,0.0,-0.3420707366837695,0.6579292633162305,0.0,0.0,True,False,False
2023-11-30,2023-12-01,2023-11-30,Extended Sentiment Momentum,extended,1.0,momentum,CMCSA,Comm,0.0,0.49241194682493367,1.4924119468249337,0.0,0.0,True,False,False
2023-11-30,2023-12-01,2023-11-30,Extended Sentiment Momentum,extended,1.0,momentum,COP,Energy,0.0,-1.2374305383511357,-0.2374305383511357,-0.0,-0.0,True,False,False
2023-11-30,2023-12-01,2023-11-30,Extended Sentiment Momentum,extended,1.0,momentum,CVX,Energy,0.0251527494249478,0.9259451722250447,1.9259451722250447,0.04844281632316449,0.03893100734512501,True,False,False
2023-11-30,2023-12-01,2023-11-30,Extended Sentiment Momentum,extended,1.0,momentum,D,Utilities,0.0,2.3408848062376744,3.3408848062376744,0.0,0.0,True,False,False
2023-11-30,2023-12-01,2023-11-30,Extended Sentiment Momentum,extended,1.0,momentum,DD,Materials,0.0077608849296185,-0.13808861686474735,0.8619113831352526,0.006689195064041019,0.0053757630529550375,True,False,False
2023-11-30,2023-12-01,2023-11-30,Extended Sentiment Momentum,extended,1.0,momentum,DIS,Consumer,0.0,-0.47288700899426606,0.5271129910057339,0.0,0.0,True,False,False
2023-11-30,2023-12-01,2023-11-30,Extended Sentiment Momentum,extended,1.0,momentum,DOW,Materials,0.0,-0.1283639480154623,0.8716360519845376,0.0,0.0,True,False,False
2023-11-30,2023-12-01,2023-11-30,Extended Sentiment Momentum,extended,1.0,momentum,DUK,Utilities,0.0,0.09176913668693408,1.091769136686934,0.0,0.0,True,False,False
2023-11-30,2023-12-01,2023-11-30,Extended Sentiment Momentum,extended,1.0,momentum,EA,Comm,0.0423936250814405,,1.0,0.0423936250814405,0.03406958254495272,False,False,False
2023-11-30,2023-12-01,2023-11-30,Extended Sentiment Momentum,extended,1.0,momentum,GE,Industrials,0.0117234781226016,1.6836055956456901,2.68360559564569,0.031461191490243484,0.025283746279783664,True,False,False
2023-11-30,2023-12-01,2023-11-30,Extended Sentiment Momentum,extended,1.0,momentum,GILD,Healthcare,0.0,-0.31821225358666383,0.6817877464133362,0.0,0.0,True,False,False
2023-11-30,2023-12-01,2023-11-30,Extended Sentiment Momentum,extended,1.0,momentum,GS,Financials,0.0,-0.2720801196371279,0.7279198803628721,0.0,0.0,True,False,False
2023-11-30,2023-12-01,2023-11-30,Extended Sentiment Momentum,extended,1.0,momentum,INTC,Tech,0.002993901790459,1.1017812542930643,2.1017812542930643,0.006292526660381168,0.005056980997976202,True,False,False
2023-11-30,2023-12-01,2023-11-30,Extended Sentiment Momentum,extended,1.0,momentum,KO,Consumer,0.1879673907877955,-0.4757801596053654,0.5242198403946345,0.09853623559817407,0.07918851964019939,True,False,False
2023-11-30,2023-12-01,2023-11-30,Extended Sentiment Momentum,extended,1.0,momentum,MMM,Industrials,0.0,2.0057333401449453,3.0057333401449453,0.0,0.0,True,False,False
2023-11-30,2023-12-01,2023-11-30,Extended Sentiment Momentum,extended,1.0,momentum,MRK,Healthcare,0.1034992241780592,-0.3913584823599838,0.6086415176400162,0.0629939248782982,0.050624987114190105,True,False,False
2023-11-30,2023-12-01,2023-11-30,Extended Sentiment Momentum,extended,1.0,momentum,MS,Financials,0.0,-0.2609246828573441,0.7390753171426558,0.0,0.0,True,False,False
2023-11-30,2023-12-01,2023-11-30,Extended Sentiment Momentum,extended,1.0,momentum,NEE,Utilities,0.0,-0.4984300147110825,0.5015699852889175,0.0,0.0,True,False,False
2023-11-30,2023-12-01,2023-11-30,Extended Sentiment Momentum,extended,1.0,momentum,NEM,Materials,0.011245861543132,,1.0,0.011245861543132,0.009037722237643243,False,False,False
2023-11-30,2023-12-01,2023-11-30,Extended Sentiment Momentum,extended,1.0,momentum,NKE,Consumer,0.0,0.7818406138099142,1.7818406138099143,0.0,0.0,True,False,False
2023-11-30,2023-12-01,2023-11-30,Extended Sentiment Momentum,extended,1.0,momentum,NUE,Materials,0.0,-0.38891160555920196,0.6110883944407981,0.0,0.0,True,False,False
2023-11-30,2023-12-01,2023-11-30,Extended Sentiment Momentum,extended,1.0,momentum,NVDA,Tech,0.0120620419182225,1.6817326327242408,2.681732632724241,0.03234717142938498,0.02599576292407314,True,False,False
2023-11-30,2023-12-01,2023-11-30,Extended Sentiment Momentum,extended,1.0,momentum,O,RealEstate,0.0845679807113506,-0.5495335899932277,0.45046641000677234,0.038095034672564074,0.030615025863828697,True,False,False
2023-11-30,2023-12-01,2023-11-30,Extended Sentiment Momentum,extended,1.0,momentum,OXY,Energy,0.0277715199340227,-0.35697540659150595,0.643024593408494,0.017857770313910833,0.014351374259922533,True,False,False
2023-11-30,2023-12-01,2023-11-30,Extended Sentiment Momentum,extended,1.0,momentum,PLD,RealEstate,0.0,1.4857492782563269,2.4857492782563266,0.0,0.0,True,False,False
2023-11-30,2023-12-01,2023-11-30,Extended Sentiment Momentum,extended,1.0,momentum,PSA,RealEstate,0.0,,1.0,0.0,0.0,False,False,False
2023-11-30,2023-12-01,2023-11-30,Extended Sentiment Momentum,extended,1.0,momentum,QCOM,Tech,0.0,-0.3040557094458757,0.6959442905541243,0.0,0.0,True,False,False
2023-11-30,2023-12-01,2023-11-30,Extended Sentiment Momentum,extended,1.0,momentum,SBUX,Consumer,0.0,-0.7308519450369543,0.2691480549630457,0.0,0.0,True,False,False
2023-11-30,2023-12-01,2023-11-30,Extended Sentiment Momentum,extended,1.0,momentum,SHW,Materials,0.0,-0.29148674979789235,0.7085132502021076,0.0,0.0,True,False,False
2023-11-30,2023-12-01,2023-11-30,Extended Sentiment Momentum,extended,1.0,momentum,SLB,Energy,0.0,,1.0,0.0,0.0,False,False,False
2023-11-30,2023-12-01,2023-11-30,Extended Sentiment Momentum,extended,1.0,momentum,SO,Utilities,0.0,,1.0,0.0,0.0,False,False,False
2023-11-30,2023-12-01,2023-11-30,Extended Sentiment Momentum,extended,1.0,momentum,T,Comm,0.0362865016906546,0.9950424545512335,1.9950424545512335,0.07239311140000104,0.05817863133407905,True,False,False
2023-11-30,2023-12-01,2023-11-30,Extended Sentiment Momentum,extended,1.0,momentum,TMUS,Comm,0.0641114379577692,0.37855862920347144,1.3785586292034715,0.08838137602732572,0.0710275797414106,True,False,False
2023-11-30,2023-12-01,2023-11-30,Extended Sentiment Momentum,extended,1.0,momentum,TTWO,Comm,0.0,0.8320810302844526,1.8320810302844526,0.0,0.0,True,False,False
2023-11-30,2023-12-01,2023-11-30,Extended Sentiment Momentum,extended,1.0,momentum,UPS,Industrials,0.0,1.4460534274798764,2.4460534274798764,0.0,0.0,True,False,False
2023-11-30,2023-12-01,2023-11-30,Extended Sentiment Momentum,extended,1.0,momentum,USB,Financials,0.0,-0.35329922948732223,0.6467007705126777,0.0,0.0,True,False,False
2023-11-30,2023-12-01,2023-11-30,Extended Sentiment Momentum,extended,1.0,momentum,V,Financials,0.077560742632936,1.050208980837207,2.050208980837207,0.15901573110644862,0.1277927888089223,True,False,False
2023-11-30,2023-12-01,2023-11-30,Extended Sentiment Momentum,extended,1.0,momentum,WFC,Financials,0.0,-0.2649939417926895,0.7350060582073106,0.0,0.0,True,False,False
2023-11-30,2023-12-01,2023-11-30,Extended Sentiment Momentum,extended,1.0,momentum,WMT,Consumer,0.1784367440008128,0.9455887367671496,1.9455887367671496,0.34716451935338466,0.27899832170679467,True,False,False
2023-11-30,2023-12-01,2023-11-30,Extended Sentiment Momentum,extended,1.0,momentum,XOM,Energy,0.0,-0.40569031508308945,0.5943096849169105,0.0,0.0,True,False,False
2020-12-31,2021-01-04,2020-12-31,Extended Sentiment Contrarian,extended,-1.0,contrarian,ABBV,Healthcare,0.163122517381283,,1.0,0.163122517381283,0.163122517381283,False,False,False
2020-12-31,2021-01-04,2020-12-31,Extended Sentiment Contrarian,extended,-1.0,contrarian,ABT,Healthcare,0.0,,1.0,0.0,0.0,False,False,False
2020-12-31,2021-01-04,2020-12-31,Extended Sentiment Contrarian,extended,-1.0,contrarian,ADBE,Tech,0.0,,1.0,0.0,0.0,False,False,False
2020-12-31,2021-01-04,2020-12-31,Extended Sentiment Contrarian,extended,-1.0,contrarian,AEP,Utilities,0.0,,1.0,0.0,0.0,False,False,False
2020-12-31,2021-01-04,2020-12-31,Extended Sentiment Contrarian,extended,-1.0,contrarian,AMD,Tech,0.0,,1.0,0.0,0.0,False,False,False
2020-12-31,2021-01-04,2020-12-31,Extended Sentiment Contrarian,extended,-1.0,contrarian,AMGN,Healthcare,0.0,,1.0,0.0,0.0,False,False,False
2020-12-31,2021-01-04,2020-12-31,Extended Sentiment Contrarian,extended,-1.0,contrarian,AMT,RealEstate,0.0,,1.0,0.0,0.0,False,False,False
2020-12-31,2021-01-04,2020-12-31,Extended Sentiment Contrarian,extended,-1.0,contrarian,BA,Industrials,0.0,,1.0,0.0,0.0,False,False,False
2020-12-31,2021-01-04,2020-12-31,Extended Sentiment Contrarian,extended,-1.0,contrarian,CAT,Industrials,0.0,,1.0,0.0,0.0,False,False,False
2020-12-31,2021-01-04,2020-12-31,Extended Sentiment Contrarian,extended,-1.0,contrarian,CCI,RealEstate,0.0,,1.0,0.0,0.0,False,False,False
2020-12-31,2021-01-04,2020-12-31,Extended Sentiment Contrarian,extended,-1.0,contrarian,CMCSA,Comm,0.0,,1.0,0.0,0.0,False,False,False
2020-12-31,2021-01-04,2020-12-31,Extended Sentiment Contrarian,extended,-1.0,contrarian,COP,Energy,0.0,,1.0,0.0,0.0,False,False,False
2020-12-31,2021-01-04,2020-12-31,Extended Sentiment Contrarian,extended,-1.0,contrarian,CVX,Energy,0.0,,1.0,0.0,0.0,False,False,False
2020-12-31,2021-01-04,2020-12-31,Extended Sentiment Contrarian,extended,-1.0,contrarian,D,Utilities,0.0,,1.0,0.0,0.0,False,False,False
2020-12-31,2021-01-04,2020-12-31,Extended Sentiment Contrarian,extended,-1.0,contrarian,DD,Materials,0.0,,1.0,0.0,0.0,False,False,False
2020-12-31,2021-01-04,2020-12-31,Extended Sentiment Contrarian,extended,-1.0,contrarian,DIS,Consumer,0.0,,1.0,0.0,0.0,False,False,False
2020-12-31,2021-01-04,2020-12-31,Extended Sentiment Contrarian,extended,-1.0,contrarian,DOW,Materials,0.0,,1.0,0.0,0.0,False,False,False
2020-12-31,2021-01-04,2020-12-31,Extended Sentiment Contrarian,extended,-1.0,contrarian,DUK,Utilities,0.0,,1.0,0.0,0.0,False,False,False
2020-12-31,2021-01-04,2020-12-31,Extended Sentiment Contrarian,extended,-1.0,contrarian,EA,Comm,0.0729812127635367,,1.0,0.0729812127635367,0.0729812127635367,False,False,False
2020-12-31,2021-01-04,2020-12-31,Extended Sentiment Contrarian,extended,-1.0,contrarian,GE,Industrials,0.0,,1.0,0.0,0.0,False,False,False
2020-12-31,2021-01-04,2020-12-31,Extended Sentiment Contrarian,extended,-1.0,contrarian,GILD,Healthcare,0.1274789621574037,,1.0,0.1274789621574037,0.1274789621574037,False,False,False
2020-12-31,2021-01-04,2020-12-31,Extended Sentiment Contrarian,extended,-1.0,contrarian,GS,Financials,0.0,,1.0,0.0,0.0,False,False,False
2020-12-31,2021-01-04,2020-12-31,Extended Sentiment Contrarian,extended,-1.0,contrarian,INTC,Tech,0.0,,1.0,0.0,0.0,False,False,False
2020-12-31,2021-01-04,2020-12-31,Extended Sentiment Contrarian,extended,-1.0,contrarian,KO,Consumer,0.0,,1.0,0.0,0.0,False,False,False
2020-12-31,2021-01-04,2020-12-31,Extended Sentiment Contrarian,extended,-1.0,contrarian,MMM,Industrials,0.0776387988030866,,1.0,0.0776387988030866,0.0776387988030866,False,False,False
2020-12-31,2021-01-04,2020-12-31,Extended Sentiment Contrarian,extended,-1.0,contrarian,MRK,Healthcare,0.0576928357561538,,1.0,0.0576928357561538,0.0576928357561538,False,False,False
2020-12-31,2021-01-04,2020-12-31,Extended Sentiment Contrarian,extended,-1.0,contrarian,MS,Financials,0.0,,1.0,0.0,0.0,False,False,False
2020-12-31,2021-01-04,2020-12-31,Extended Sentiment Contrarian,extended,-1.0,contrarian,NEE,Utilities,0.0,,1.0,0.0,0.0,False,False,False
2020-12-31,2021-01-04,2020-12-31,Extended Sentiment Contrarian,extended,-1.0,contrarian,NEM,Materials,0.1370928019517124,,1.0,0.1370928019517124,0.1370928019517124,False,False,False
2020-12-31,2021-01-04,2020-12-31,Extended Sentiment Contrarian,extended,-1.0,contrarian,NKE,Consumer,0.0051060188174751,,1.0,0.0051060188174751,0.0051060188174751,False,False,False
2020-12-31,2021-01-04,2020-12-31,Extended Sentiment Contrarian,extended,-1.0,contrarian,NUE,Materials,0.0,,1.0,0.0,0.0,False,False,False
2020-12-31,2021-01-04,2020-12-31,Extended Sentiment Contrarian,extended,-1.0,contrarian,NVDA,Tech,0.0,,1.0,0.0,0.0,False,False,False
2020-12-31,2021-01-04,2020-12-31,Extended Sentiment Contrarian,extended,-1.0,contrarian,O,RealEstate,0.0,,1.0,0.0,0.0,False,False,False
2020-12-31,2021-01-04,2020-12-31,Extended Sentiment Contrarian,extended,-1.0,contrarian,OXY,Energy,0.0,,1.0,0.0,0.0,False,False,False
2020-12-31,2021-01-04,2020-12-31,Extended Sentiment Contrarian,extended,-1.0,contrarian,PLD,RealEstate,0.0,,1.0,0.0,0.0,False,False,False
2020-12-31,2021-01-04,2020-12-31,Extended Sentiment Contrarian,extended,-1.0,contrarian,PSA,RealEstate,0.0762799830113868,,1.0,0.0762799830113868,0.0762799830113868,False,False,False
2020-12-31,2021-01-04,2020-12-31,Extended Sentiment Contrarian,extended,-1.0,contrarian,QCOM,Tech,0.0,,1.0,0.0,0.0,False,False,False
2020-12-31,2021-01-04,2020-12-31,Extended Sentiment Contrarian,extended,-1.0,contrarian,SBUX,Consumer,0.0,,1.0,0.0,0.0,False,False,False
2020-12-31,2021-01-04,2020-12-31,Extended Sentiment Contrarian,extended,-1.0,contrarian,SHW,Materials,0.0,,1.0,0.0,0.0,False,False,False
2020-12-31,2021-01-04,2020-12-31,Extended Sentiment Contrarian,extended,-1.0,contrarian,SLB,Energy,0.0,,1.0,0.0,0.0,False,False,False
2020-12-31,2021-01-04,2020-12-31,Extended Sentiment Contrarian,extended,-1.0,contrarian,SO,Utilities,0.0,,1.0,0.0,0.0,False,False,False
2020-12-31,2021-01-04,2020-12-31,Extended Sentiment Contrarian,extended,-1.0,contrarian,T,Comm,0.0,,1.0,0.0,0.0,False,False,False
2020-12-31,2021-01-04,2020-12-31,Extended Sentiment Contrarian,extended,-1.0,contrarian,TMUS,Comm,0.0,,1.0,0.0,0.0,False,False,False
2020-12-31,2021-01-04,2020-12-31,Extended Sentiment Contrarian,extended,-1.0,contrarian,TTWO,Comm,0.0374742215388395,,1.0,0.0374742215388395,0.0374742215388395,False,False,False
2020-12-31,2021-01-04,2020-12-31,Extended Sentiment Contrarian,extended,-1.0,contrarian,UPS,Industrials,0.0140816005752145,,1.0,0.0140816005752145,0.0140816005752145,False,False,False
2020-12-31,2021-01-04,2020-12-31,Extended Sentiment Contrarian,extended,-1.0,contrarian,USB,Financials,0.0,,1.0,0.0,0.0,False,False,False
2020-12-31,2021-01-04,2020-12-31,Extended Sentiment Contrarian,extended,-1.0,contrarian,V,Financials,0.0,,1.0,0.0,0.0,False,False,False
2020-12-31,2021-01-04,2020-12-31,Extended Sentiment Contrarian,extended,-1.0,contrarian,WFC,Financials,0.0,,1.0,0.0,0.0,False,False,False
2020-12-31,2021-01-04,2020-12-31,Extended Sentiment Contrarian,extended,-1.0,contrarian,WMT,Consumer,0.2310510472439074,,1.0,0.2310510472439074,0.2310510472439074,False,False,False
2020-12-31,2021-01-04,2020-12-31,Extended Sentiment Contrarian,extended,-1.0,contrarian,XOM,Energy,0.0,,1.0,0.0,0.0,False,False,False
2021-01-29,2021-02-01,2021-01-29,Extended Sentiment Contrarian,extended,-1.0,contrarian,ABBV,Healthcare,0.14909471704127,,1.0,0.14909471704127,0.14909471704127,False,False,False
2021-01-29,2021-02-01,2021-01-29,Extended Sentiment Contrarian,extended,-1.0,contrarian,ABT,Healthcare,0.0,,1.0,0.0,0.0,False,False,False
2021-01-29,2021-02-01,2021-01-29,Extended Sentiment Contrarian,extended,-1.0,contrarian,ADBE,Tech,0.0,,1.0,0.0,0.0,False,False,False
2021-01-29,2021-02-01,2021-01-29,Extended Sentiment Contrarian,extended,-1.0,contrarian,AEP,Utilities,0.0,,1.0,0.0,0.0,False,False,False
2021-01-29,2021-02-01,2021-01-29,Extended Sentiment Contrarian,extended,-1.0,contrarian,AMD,Tech,0.0,,1.0,0.0,0.0,False,False,False
2021-01-29,2021-02-01,2021-01-29,Extended Sentiment Contrarian,extended,-1.0,contrarian,AMGN,Healthcare,0.0,,1.0,0.0,0.0,False,False,False
2021-01-29,2021-02-01,2021-01-29,Extended Sentiment Contrarian,extended,-1.0,contrarian,AMT,RealEstate,0.0,,1.0,0.0,0.0,False,False,False
2021-01-29,2021-02-01,2021-01-29,Extended Sentiment Contrarian,extended,-1.0,contrarian,BA,Industrials,0.0,,1.0,0.0,0.0,False,False,False
2021-01-29,2021-02-01,2021-01-29,Extended Sentiment Contrarian,extended,-1.0,contrarian,CAT,Industrials,0.0,,1.0,0.0,0.0,False,False,False
2021-01-29,2021-02-01,2021-01-29,Extended Sentiment Contrarian,extended,-1.0,contrarian,CCI,RealEstate,0.0,,1.0,0.0,0.0,False,False,False
2021-01-29,2021-02-01,2021-01-29,Extended Sentiment Contrarian,extended,-1.0,contrarian,CMCSA,Comm,0.0,,1.0,0.0,0.0,False,False,False
2021-01-29,2021-02-01,2021-01-29,Extended Sentiment Contrarian,extended,-1.0,contrarian,COP,Energy,0.0,,1.0,0.0,0.0,False,False,False
2021-01-29,2021-02-01,2021-01-29,Extended Sentiment Contrarian,extended,-1.0,contrarian,CVX,Energy,0.0,,1.0,0.0,0.0,False,False,False
2021-01-29,2021-02-01,2021-01-29,Extended Sentiment Contrarian,extended,-1.0,contrarian,D,Utilities,0.0,,1.0,0.0,0.0,False,False,False
2021-01-29,2021-02-01,2021-01-29,Extended Sentiment Contrarian,extended,-1.0,contrarian,DD,Materials,0.0,,1.0,0.0,0.0,False,False,False
2021-01-29,2021-02-01,2021-01-29,Extended Sentiment Contrarian,extended,-1.0,contrarian,DIS,Consumer,0.0,,1.0,0.0,0.0,False,False,False
2021-01-29,2021-02-01,2021-01-29,Extended Sentiment Contrarian,extended,-1.0,contrarian,DOW,Materials,0.0,,1.0,0.0,0.0,False,False,False
2021-01-29,2021-02-01,2021-01-29,Extended Sentiment Contrarian,extended,-1.0,contrarian,DUK,Utilities,0.0,,1.0,0.0,0.0,False,False,False
2021-01-29,2021-02-01,2021-01-29,Extended Sentiment Contrarian,extended,-1.0,contrarian,EA,Comm,0.0863794239473212,,1.0,0.0863794239473212,0.0863794239473212,False,False,False
2021-01-29,2021-02-01,2021-01-29,Extended Sentiment Contrarian,extended,-1.0,contrarian,GE,Industrials,0.0,,1.0,0.0,0.0,False,False,False
2021-01-29,2021-02-01,2021-01-29,Extended Sentiment Contrarian,extended,-1.0,contrarian,GILD,Healthcare,0.1202385168787834,,1.0,0.1202385168787834,0.1202385168787834,False,False,False
2021-01-29,2021-02-01,2021-01-29,Extended Sentiment Contrarian,extended,-1.0,contrarian,GS,Financials,0.0,,1.0,0.0,0.0,False,False,False
2021-01-29,2021-02-01,2021-01-29,Extended Sentiment Contrarian,extended,-1.0,contrarian,INTC,Tech,0.0,,1.0,0.0,0.0,False,False,False
2021-01-29,2021-02-01,2021-01-29,Extended Sentiment Contrarian,extended,-1.0,contrarian,KO,Consumer,0.0,,1.0,0.0,0.0,False,False,False
2021-01-29,2021-02-01,2021-01-29,Extended Sentiment Contrarian,extended,-1.0,contrarian,MMM,Industrials,0.1003477899020731,,1.0,0.1003477899020731,0.1003477899020731,False,False,False
2021-01-29,2021-02-01,2021-01-29,Extended Sentiment Contrarian,extended,-1.0,contrarian,MRK,Healthcare,0.0668732427578586,,1.0,0.0668732427578586,0.0668732427578586,False,False,False
2021-01-29,2021-02-01,2021-01-29,Extended Sentiment Contrarian,extended,-1.0,contrarian,MS,Financials,0.0,,1.0,0.0,0.0,False,False,False
2021-01-29,2021-02-01,2021-01-29,Extended Sentiment Contrarian,extended,-1.0,contrarian,NEE,Utilities,0.0,,1.0,0.0,0.0,False,False,False
2021-01-29,2021-02-01,2021-01-29,Extended Sentiment Contrarian,extended,-1.0,contrarian,NEM,Materials,0.1281882407079162,,1.0,0.1281882407079162,0.1281882407079162,False,False,False
2021-01-29,2021-02-01,2021-01-29,Extended Sentiment Contrarian,extended,-1.0,contrarian,NKE,Consumer,0.0,,1.0,0.0,0.0,False,False,False
2021-01-29,2021-02-01,2021-01-29,Extended Sentiment Contrarian,extended,-1.0,contrarian,NUE,Materials,0.0,,1.0,0.0,0.0,False,False,False
2021-01-29,2021-02-01,2021-01-29,Extended Sentiment Contrarian,extended,-1.0,contrarian,NVDA,Tech,0.0,,1.0,0.0,0.0,False,False,False
2021-01-29,2021-02-01,2021-01-29,Extended Sentiment Contrarian,extended,-1.0,contrarian,O,RealEstate,0.0,,1.0,0.0,0.0,False,False,False
2021-01-29,2021-02-01,2021-01-29,Extended Sentiment Contrarian,extended,-1.0,contrarian,OXY,Energy,0.0,,1.0,0.0,0.0,False,False,False
2021-01-29,2021-02-01,2021-01-29,Extended Sentiment Contrarian,extended,-1.0,contrarian,PLD,RealEstate,0.0,,1.0,0.0,0.0,False,False,False
2021-01-29,2021-02-01,2021-01-29,Extended Sentiment Contrarian,extended,-1.0,contrarian,PSA,RealEstate,0.0816225043896528,,1.0,0.0816225043896528,0.0816225043896528,False,False,False
2021-01-29,2021-02-01,2021-01-29,Extended Sentiment Contrarian,extended,-1.0,contrarian,QCOM,Tech,0.0,,1.0,0.0,0.0,False,False,False
2021-01-29,2021-02-01,2021-01-29,Extended Sentiment Contrarian,extended,-1.0,contrarian,SBUX,Consumer,0.0,,1.0,0.0,0.0,False,False,False
2021-01-29,2021-02-01,2021-01-29,Extended Sentiment Contrarian,extended,-1.0,contrarian,SHW,Materials,0.0,,1.0,0.0,0.0,False,False,False
2021-01-29,2021-02-01,2021-01-29,Extended Sentiment Contrarian,extended,-1.0,contrarian,SLB,Energy,0.0,,1.0,0.0,0.0,False,False,False
2021-01-29,2021-02-01,2021-01-29,Extended Sentiment Contrarian,extended,-1.0,contrarian,SO,Utilities,0.0,,1.0,0.0,0.0,False,False,False
2021-01-29,2021-02-01,2021-01-29,Extended Sentiment Contrarian,extended,-1.0,contrarian,T,Comm,0.0,,1.0,0.0,0.0,False,False,False
2021-01-29,2021-02-01,2021-01-29,Extended Sentiment Contrarian,extended,-1.0,contrarian,TMUS,Comm,0.0,,1.0,0.0,0.0,False,False,False
2021-01-29,2021-02-01,2021-01-29,Extended Sentiment Contrarian,extended,-1.0,contrarian,TTWO,Comm,0.0319253549273941,,1.0,0.0319253549273941,0.0319253549273941,False,False,False
2021-01-29,2021-02-01,2021-01-29,Extended Sentiment Contrarian,extended,-1.0,contrarian,UPS,Industrials,0.0073037205476494,,1.0,0.0073037205476494,0.0073037205476494,False,False,False
2021-01-29,2021-02-01,2021-01-29,Extended Sentiment Contrarian,extended,-1.0,contrarian,USB,Financials,0.0,,1.0,0.0,0.0,False,False,False
2021-01-29,2021-02-01,2021-01-29,Extended Sentiment Contrarian,extended,-1.0,contrarian,V,Financials,0.0,,1.0,0.0,0.0,False,False,False
2021-01-29,2021-02-01,2021-01-29,Extended Sentiment Contrarian,extended,-1.0,contrarian,WFC,Financials,0.0,,1.0,0.0,0.0,False,False,False
2021-01-29,2021-02-01,2021-01-29,Extended Sentiment Contrarian,extended,-1.0,contrarian,WMT,Consumer,0.2280264889000808,,1.0,0.2280264889000808,0.2280264889000808,False,False,False
2021-01-29,2021-02-01,2021-01-29,Extended Sentiment Contrarian,extended,-1.0,contrarian,XOM,Energy,0.0,,1.0,0.0,0.0,False,False,False
2021-02-26,2021-03-01,2021-02-26,Extended Sentiment Contrarian,extended,-1.0,contrarian,ABBV,Healthcare,0.1805080344076322,,1.0,0.1805080344076322,0.1805080344076322,False,False,False
2021-02-26,2021-03-01,2021-02-26,Extended Sentiment Contrarian,extended,-1.0,contrarian,ABT,Healthcare,0.0,,1.0,0.0,0.0,False,False,False
2021-02-26,2021-03-01,2021-02-26,Extended Sentiment Contrarian,extended,-1.0,contrarian,ADBE,Tech,0.0,,1.0,0.0,0.0,False,False,False
2021-02-26,2021-03-01,2021-02-26,Extended Sentiment Contrarian,extended,-1.0,contrarian,AEP,Utilities,0.0,,1.0,0.0,0.0,False,False,False
2021-02-26,2021-03-01,2021-02-26,Extended Sentiment Contrarian,extended,-1.0,contrarian,AMD,Tech,0.0,,1.0,0.0,0.0,False,False,False
2021-02-26,2021-03-01,2021-02-26,Extended Sentiment Contrarian,extended,-1.0,contrarian,AMGN,Healthcare,0.0,,1.0,0.0,0.0,False,False,False
2021-02-26,2021-03-01,2021-02-26,Extended Sentiment Contrarian,extended,-1.0,contrarian,AMT,RealEstate,0.0,,1.0,0.0,0.0,False,False,False
2021-02-26,2021-03-01,2021-02-26,Extended Sentiment Contrarian,extended,-1.0,contrarian,BA,Industrials,0.0,,1.0,0.0,0.0,False,False,False
2021-02-26,2021-03-01,2021-02-26,Extended Sentiment Contrarian,extended,-1.0,contrarian,CAT,Industrials,0.0,,1.0,0.0,0.0,False,False,False
2021-02-26,2021-03-01,2021-02-26,Extended Sentiment Contrarian,extended,-1.0,contrarian,CCI,RealEstate,0.0,,1.0,0.0,0.0,False,False,False
2021-02-26,2021-03-01,2021-02-26,Extended Sentiment Contrarian,extended,-1.0,contrarian,CMCSA,Comm,0.0,,1.0,0.0,0.0,False,False,False
2021-02-26,2021-03-01,2021-02-26,Extended Sentiment Contrarian,extended,-1.0,contrarian,COP,Energy,0.0,,1.0,0.0,0.0,False,False,False
2021-02-26,2021-03-01,2021-02-26,Extended Sentiment Contrarian,extended,-1.0,contrarian,CVX,Energy,0.0,,1.0,0.0,0.0,False,False,False
2021-02-26,2021-03-01,2021-02-26,Extended Sentiment Contrarian,extended,-1.0,contrarian,D,Utilities,0.0,,1.0,0.0,0.0,False,False,False
2021-02-26,2021-03-01,2021-02-26,Extended Sentiment Contrarian,extended,-1.0,contrarian,DD,Materials,0.0,,1.0,0.0,0.0,False,False,False
2021-02-26,2021-03-01,2021-02-26,Extended Sentiment Contrarian,extended,-1.0,contrarian,DIS,Consumer,0.0,,1.0,0.0,0.0,False,False,False
2021-02-26,2021-03-01,2021-02-26,Extended Sentiment Contrarian,extended,-1.0,contrarian,DOW,Materials,0.0,,1.0,0.0,0.0,False,False,False
2021-02-26,2021-03-01,2021-02-26,Extended Sentiment Contrarian,extended,-1.0,contrarian,DUK,Utilities,0.0,,1.0,0.0,0.0,False,False,False
2021-02-26,2021-03-01,2021-02-26,Extended Sentiment Contrarian,extended,-1.0,contrarian,EA,Comm,0.0934660874674836,,1.0,0.0934660874674836,0.0934660874674836,False,False,False
2021-02-26,2021-03-01,2021-02-26,Extended Sentiment Contrarian,extended,-1.0,contrarian,GE,Industrials,0.0,,1.0,0.0,0.0,False,False,False
2021-02-26,2021-03-01,2021-02-26,Extended Sentiment Contrarian,extended,-1.0,contrarian,GILD,Healthcare,0.13209131094726,,1.0,0.13209131094726,0.13209131094726,False,False,False
2021-02-26,2021-03-01,2021-02-26,Extended Sentiment Contrarian,extended,-1.0,contrarian,GS,Financials,0.0,,1.0,0.0,0.0,False,False,False
2021-02-26,2021-03-01,2021-02-26,Extended Sentiment Contrarian,extended,-1.0,contrarian,INTC,Tech,0.0,,1.0,0.0,0.0,False,False,False
2021-02-26,2021-03-01,2021-02-26,Extended Sentiment Contrarian,extended,-1.0,contrarian,KO,Consumer,0.0,,1.0,0.0,0.0,False,False,False
2021-02-26,2021-03-01,2021-02-26,Extended Sentiment Contrarian,extended,-1.0,contrarian,MMM,Industrials,0.0775799260037339,,1.0,0.0775799260037339,0.0775799260037339,False,False,False
2021-02-26,2021-03-01,2021-02-26,Extended Sentiment Contrarian,extended,-1.0,contrarian,MRK,Healthcare,0.0219149607668336,,1.0,0.0219149607668336,0.0219149607668336,False,False,False
2021-02-26,2021-03-01,2021-02-26,Extended Sentiment Contrarian,extended,-1.0,contrarian,MS,Financials,0.0,,1.0,0.0,0.0,False,False,False
2021-02-26,2021-03-01,2021-02-26,Extended Sentiment Contrarian,extended,-1.0,contrarian,NEE,Utilities,0.0,,1.0,0.0,0.0,False,False,False
2021-02-26,2021-03-01,2021-02-26,Extended Sentiment Contrarian,extended,-1.0,contrarian,NEM,Materials,0.132124208140126,,1.0,0.132124208140126,0.132124208140126,False,False,False
2021-02-26,2021-03-01,2021-02-26,Extended Sentiment Contrarian,extended,-1.0,contrarian,NKE,Consumer,0.0,,1.0,0.0,0.0,False,False,False
2021-02-26,2021-03-01,2021-02-26,Extended Sentiment Contrarian,extended,-1.0,contrarian,NUE,Materials,0.0,,1.0,0.0,0.0,False,False,False
2021-02-26,2021-03-01,2021-02-26,Extended Sentiment Contrarian,extended,-1.0,contrarian,NVDA,Tech,0.0,,1.0,0.0,0.0,False,False,False
2021-02-26,2021-03-01,2021-02-26,Extended Sentiment Contrarian,extended,-1.0,contrarian,O,RealEstate,0.0,,1.0,0.0,0.0,False,False,False
2021-02-26,2021-03-01,2021-02-26,Extended Sentiment Contrarian,extended,-1.0,contrarian,OXY,Energy,0.0,,1.0,0.0,0.0,False,False,False
2021-02-26,2021-03-01,2021-02-26,Extended Sentiment Contrarian,extended,-1.0,contrarian,PLD,RealEstate,0.0,,1.0,0.0,0.0,False,False,False
2021-02-26,2021-03-01,2021-02-26,Extended Sentiment Contrarian,extended,-1.0,contrarian,PSA,RealEstate,0.1170801093845317,,1.0,0.1170801093845317,0.1170801093845317,False,False,False
2021-02-26,2021-03-01,2021-02-26,Extended Sentiment Contrarian,extended,-1.0,contrarian,QCOM,Tech,0.0,,1.0,0.0,0.0,False,False,False
2021-02-26,2021-03-01,2021-02-26,Extended Sentiment Contrarian,extended,-1.0,contrarian,SBUX,Consumer,0.0,,1.0,0.0,0.0,False,False,False
2021-02-26,2021-03-01,2021-02-26,Extended Sentiment Contrarian,extended,-1.0,contrarian,SHW,Materials,0.0,,1.0,0.0,0.0,False,False,False
2021-02-26,2021-03-01,2021-02-26,Extended Sentiment Contrarian,extended,-1.0,contrarian,SLB,Energy,0.0,,1.0,0.0,0.0,False,False,False
2021-02-26,2021-03-01,2021-02-26,Extended Sentiment Contrarian,extended,-1.0,contrarian,SO,Utilities,0.0,,1.0,0.0,0.0,False,False,False
2021-02-26,2021-03-01,2021-02-26,Extended Sentiment Contrarian,extended,-1.0,contrarian,T,Comm,0.0,,1.0,0.0,0.0,False,False,False
2021-02-26,2021-03-01,2021-02-26,Extended Sentiment Contrarian,extended,-1.0,contrarian,TMUS,Comm,0.0,,1.0,0.0,0.0,False,False,False
2021-02-26,2021-03-01,2021-02-26,Extended Sentiment Contrarian,extended,-1.0,contrarian,TTWO,Comm,0.0144565346019173,,1.0,0.0144565346019173,0.0144565346019173,False,False,False
2021-02-26,2021-03-01,2021-02-26,Extended Sentiment Contrarian,extended,-1.0,contrarian,UPS,Industrials,0.0211203498790392,,1.0,0.0211203498790392,0.0211203498790392,False,False,False
2021-02-26,2021-03-01,2021-02-26,Extended Sentiment Contrarian,extended,-1.0,contrarian,USB,Financials,0.0,,1.0,0.0,0.0,False,False,False
2021-02-26,2021-03-01,2021-02-26,Extended Sentiment Contrarian,extended,-1.0,contrarian,V,Financials,0.0,,1.0,0.0,0.0,False,False,False
2021-02-26,2021-03-01,2021-02-26,Extended Sentiment Contrarian,extended,-1.0,contrarian,WFC,Financials,0.0,,1.0,0.0,0.0,False,False,False
2021-02-26,2021-03-01,2021-02-26,Extended Sentiment Contrarian,extended,-1.0,contrarian,WMT,Consumer,0.2096584784014422,,1.0,0.2096584784014422,0.2096584784014422,False,False,False
2021-02-26,2021-03-01,2021-02-26,Extended Sentiment Contrarian,extended,-1.0,contrarian,XOM,Energy,0.0,,1.0,0.0,0.0,False,False,False
2021-03-31,2021-04-01,2021-03-31,Extended Sentiment Contrarian,extended,-1.0,contrarian,ABBV,Healthcare,0.1084759621463525,,1.0,0.1084759621463525,0.10924097530525471,False,False,False
2021-03-31,2021-04-01,2021-03-31,Extended Sentiment Contrarian,extended,-1.0,contrarian,ABT,Healthcare,0.0,,1.0,0.0,0.0,False,False,False
2021-03-31,2021-04-01,2021-03-31,Extended Sentiment Contrarian,extended,-1.0,contrarian,ADBE,Tech,0.0,,1.0,0.0,0.0,False,False,False
2021-03-31,2021-04-01,2021-03-31,Extended Sentiment Contrarian,extended,-1.0,contrarian,AEP,Utilities,0.0,,1.0,0.0,0.0,False,False,False
2021-03-31,2021-04-01,2021-03-31,Extended Sentiment Contrarian,extended,-1.0,contrarian,AMD,Tech,0.0,,1.0,0.0,0.0,False,False,False
2021-03-31,2021-04-01,2021-03-31,Extended Sentiment Contrarian,extended,-1.0,contrarian,AMGN,Healthcare,0.0,,1.0,0.0,0.0,False,False,False
2021-03-31,2021-04-01,2021-03-31,Extended Sentiment Contrarian,extended,-1.0,contrarian,AMT,RealEstate,0.0,,1.0,0.0,0.0,False,False,False
2021-03-31,2021-04-01,2021-03-31,Extended Sentiment Contrarian,extended,-1.0,contrarian,BA,Industrials,0.0,,1.0,0.0,0.0,False,False,False
2021-03-31,2021-04-01,2021-03-31,Extended Sentiment Contrarian,extended,-1.0,contrarian,CAT,Industrials,0.0,,1.0,0.0,0.0,False,False,False
2021-03-31,2021-04-01,2021-03-31,Extended Sentiment Contrarian,extended,-1.0,contrarian,CCI,RealEstate,0.0,,1.0,0.0,0.0,False,False,False
2021-03-31,2021-04-01,2021-03-31,Extended Sentiment Contrarian,extended,-1.0,contrarian,CMCSA,Comm,0.0,,1.0,0.0,0.0,False,False,False
2021-03-31,2021-04-01,2021-03-31,Extended Sentiment Contrarian,extended,-1.0,contrarian,COP,Energy,0.0,,1.0,0.0,0.0,False,False,False
2021-03-31,2021-04-01,2021-03-31,Extended Sentiment Contrarian,extended,-1.0,contrarian,CVX,Energy,0.0,,1.0,0.0,0.0,False,False,False
2021-03-31,2021-04-01,2021-03-31,Extended Sentiment Contrarian,extended,-1.0,contrarian,D,Utilities,0.0595136516063067,,1.0,0.0595136516063067,0.05993336419250825,False,False,False
2021-03-31,2021-04-01,2021-03-31,Extended Sentiment Contrarian,extended,-1.0,contrarian,DD,Materials,0.0,,1.0,0.0,0.0,False,False,False
2021-03-31,2021-04-01,2021-03-31,Extended Sentiment Contrarian,extended,-1.0,contrarian,DIS,Consumer,0.007002987265213,1.1892182953204582,-0.1892182953204582,-0.0013250933124744812,0.0,True,True,False
2021-03-31,2021-04-01,2021-03-31,Extended Sentiment Contrarian,extended,-1.0,contrarian,DOW,Materials,0.0,,1.0,0.0,0.0,False,False,False
2021-03-31,2021-04-01,2021-03-31,Extended Sentiment Contrarian,extended,-1.0,contrarian,DUK,Utilities,0.0,,1.0,0.0,0.0,False,False,False
2021-03-31,2021-04-01,2021-03-31,Extended Sentiment Contrarian,extended,-1.0,contrarian,EA,Comm,0.0897615643950826,,1.0,0.0897615643950826,0.09039459660394414,False,False,False
2021-03-31,2021-04-01,2021-03-31,Extended Sentiment Contrarian,extended,-1.0,contrarian,GE,Industrials,0.0,,1.0,0.0,0.0,False,False,False
2021-03-31,2021-04-01,2021-03-31,Extended Sentiment Contrarian,extended,-1.0,contrarian,GILD,Healthcare,0.0541332479744129,,1.0,0.0541332479744129,0.0545150159367811,False,False,False
2021-03-31,2021-04-01,2021-03-31,Extended Sentiment Contrarian,extended,-1.0,contrarian,GS,Financials,0.0,0.3020899603110326,0.6979100396889675,0.0,0.0,True,False,False
2021-03-31,2021-04-01,2021-03-31,Extended Sentiment Contrarian,extended,-1.0,contrarian,INTC,Tech,0.0,,1.0,0.0,0.0,False,False,False
2021-03-31,2021-04-01,2021-03-31,Extended Sentiment Contrarian,extended,-1.0,contrarian,KO,Consumer,0.0,,1.0,0.0,0.0,False,False,False
2021-03-31,2021-04-01,2021-03-31,Extended Sentiment Contrarian,extended,-1.0,contrarian,MMM,Industrials,0.1049829162455144,,1.0,0.1049829162455144,0.10572329513498109,False,False,False
2021-03-31,2021-04-01,2021-03-31,Extended Sentiment Contrarian,extended,-1.0,contrarian,MRK,Healthcare,0.0468784639669993,,1.0,0.0468784639669993,0.047209068472313515,False,False,False
2021-03-31,2021-04-01,2021-03-31,Extended Sentiment Contrarian,extended,-1.0,contrarian,MS,Financials,0.0,,1.0,0.0,0.0,False,False,False
2021-03-31,2021-04-01,2021-03-31,Extended Sentiment Contrarian,extended,-1.0,contrarian,NEE,Utilities,0.0,,1.0,0.0,0.0,False,False,False
2021-03-31,2021-04-01,2021-03-31,Extended Sentiment Contrarian,extended,-1.0,contrarian,NEM,Materials,0.0006563656988216,,1.0,0.0006563656988216,0.0006609946358387533,False,False,False
2021-03-31,2021-04-01,2021-03-31,Extended Sentiment Contrarian,extended,-1.0,contrarian,NKE,Consumer,0.0,,1.0,0.0,0.0,False,False,False
2021-03-31,2021-04-01,2021-03-31,Extended Sentiment Contrarian,extended,-1.0,contrarian,NUE,Materials,0.0,,1.0,0.0,0.0,False,False,False
2021-03-31,2021-04-01,2021-03-31,Extended Sentiment Contrarian,extended,-1.0,contrarian,NVDA,Tech,0.0,,1.0,0.0,0.0,False,False,False
2021-03-31,2021-04-01,2021-03-31,Extended Sentiment Contrarian,extended,-1.0,contrarian,O,RealEstate,0.0,,1.0,0.0,0.0,False,False,False
2021-03-31,2021-04-01,2021-03-31,Extended Sentiment Contrarian,extended,-1.0,contrarian,OXY,Energy,0.0,,1.0,0.0,0.0,False,False,False
2021-03-31,2021-04-01,2021-03-31,Extended Sentiment Contrarian,extended,-1.0,contrarian,PLD,RealEstate,0.0,,1.0,0.0,0.0,False,False,False
2021-03-31,2021-04-01,2021-03-31,Extended Sentiment Contrarian,extended,-1.0,contrarian,PSA,RealEstate,0.1236623451496448,,1.0,0.1236623451496448,0.12453445837573032,False,False,False
2021-03-31,2021-04-01,2021-03-31,Extended Sentiment Contrarian,extended,-1.0,contrarian,QCOM,Tech,0.0,,1.0,0.0,0.0,False,False,False
2021-03-31,2021-04-01,2021-03-31,Extended Sentiment Contrarian,extended,-1.0,contrarian,SBUX,Consumer,0.0,,1.0,0.0,0.0,False,False,False
2021-03-31,2021-04-01,2021-03-31,Extended Sentiment Contrarian,extended,-1.0,contrarian,SHW,Materials,0.0,,1.0,0.0,0.0,False,False,False
2021-03-31,2021-04-01,2021-03-31,Extended Sentiment Contrarian,extended,-1.0,contrarian,SLB,Energy,0.0,,1.0,0.0,0.0,False,False,False
2021-03-31,2021-04-01,2021-03-31,Extended Sentiment Contrarian,extended,-1.0,contrarian,SO,Utilities,0.0,,1.0,0.0,0.0,False,False,False
2021-03-31,2021-04-01,2021-03-31,Extended Sentiment Contrarian,extended,-1.0,contrarian,T,Comm,0.0960900927693363,,1.0,0.0960900927693363,0.09676775613322054,False,False,False
2021-03-31,2021-04-01,2021-03-31,Extended Sentiment Contrarian,extended,-1.0,contrarian,TMUS,Comm,0.0,,1.0,0.0,0.0,False,False,False
2021-03-31,2021-04-01,2021-03-31,Extended Sentiment Contrarian,extended,-1.0,contrarian,TTWO,Comm,0.0773073629129386,,1.0,0.0773073629129386,0.07785256342315519,False,False,False
2021-03-31,2021-04-01,2021-03-31,Extended Sentiment Contrarian,extended,-1.0,contrarian,UPS,Industrials,0.0,,1.0,0.0,0.0,False,False,False
2021-03-31,2021-04-01,2021-03-31,Extended Sentiment Contrarian,extended,-1.0,contrarian,USB,Financials,0.0,,1.0,0.0,0.0,False,False,False
2021-03-31,2021-04-01,2021-03-31,Extended Sentiment Contrarian,extended,-1.0,contrarian,V,Financials,0.0,,1.0,0.0,0.0,False,False,False
2021-03-31,2021-04-01,2021-03-31,Extended Sentiment Contrarian,extended,-1.0,contrarian,WFC,Financials,0.0,,1.0,0.0,0.0,False,False,False
2021-03-31,2021-04-01,2021-03-31,Extended Sentiment Contrarian,extended,-1.0,contrarian,WMT,Consumer,0.2315350398693767,,1.0,0.2315350398693767,0.23316791178627244,False,False,False
2021-03-31,2021-04-01,2021-03-31,Extended Sentiment Contrarian,extended,-1.0,contrarian,XOM,Energy,0.0,,1.0,0.0,0.0,False,False,False
2021-04-30,2021-05-03,2021-04-30,Extended Sentiment Contrarian,extended,-1.0,contrarian,ABBV,Healthcare,0.0869509058646236,-0.22073754337068197,1.220737543370682,0.10614423521903604,0.09777701973420207,True,False,False
2021-04-30,2021-05-03,2021-04-30,Extended Sentiment Contrarian,extended,-1.0,contrarian,ABT,Healthcare,0.0,-0.5150319717877074,1.5150319717877074,0.0,0.0,True,False,False
2021-04-30,2021-05-03,2021-04-30,Extended Sentiment Contrarian,extended,-1.0,contrarian,ADBE,Tech,0.0,,1.0,0.0,0.0,False,False,False
2021-04-30,2021-05-03,2021-04-30,Extended Sentiment Contrarian,extended,-1.0,contrarian,AEP,Utilities,0.0580958399695665,,1.0,0.0580958399695665,0.05351621856295227,False,False,False
2021-04-30,2021-05-03,2021-04-30,Extended Sentiment Contrarian,extended,-1.0,contrarian,AMD,Tech,0.0,-0.3987276104997204,1.3987276104997204,0.0,0.0,True,False,False
2021-04-30,2021-05-03,2021-04-30,Extended Sentiment Contrarian,extended,-1.0,contrarian,AMGN,Healthcare,0.0,,1.0,0.0,0.0,False,False,False
2021-04-30,2021-05-03,2021-04-30,Extended Sentiment Contrarian,extended,-1.0,contrarian,AMT,RealEstate,0.0,,1.0,0.0,0.0,False,False,False
2021-04-30,2021-05-03,2021-04-30,Extended Sentiment Contrarian,extended,-1.0,contrarian,BA,Industrials,0.0,-0.9467339907334301,1.94673399073343,0.0,0.0,True,False,False
2021-04-30,2021-05-03,2021-04-30,Extended Sentiment Contrarian,extended,-1.0,contrarian,CAT,Industrials,0.0,,1.0,0.0,0.0,False,False,False
2021-04-30,2021-05-03,2021-04-30,Extended Sentiment Contrarian,extended,-1.0,contrarian,CCI,RealEstate,0.0,,1.0,0.0,0.0,False,False,False
2021-04-30,2021-05-03,2021-04-30,Extended Sentiment Contrarian,extended,-1.0,contrarian,CMCSA,Comm,0.0,0.5926162359388986,0.40738376406110144,0.0,0.0,True,False,False
2021-04-30,2021-05-03,2021-04-30,Extended Sentiment Contrarian,extended,-1.0,contrarian,COP,Energy,0.0,,1.0,0.0,0.0,False,False,False
2021-04-30,2021-05-03,2021-04-30,Extended Sentiment Contrarian,extended,-1.0,contrarian,CVX,Energy,0.0,-0.4031701507562577,1.4031701507562577,0.0,0.0,True,False,False
2021-04-30,2021-05-03,2021-04-30,Extended Sentiment Contrarian,extended,-1.0,contrarian,D,Utilities,0.0827261127436454,,1.0,0.0827261127436454,0.07620491816232523,False,False,False
2021-04-30,2021-05-03,2021-04-30,Extended Sentiment Contrarian,extended,-1.0,contrarian,DD,Materials,0.0,,1.0,0.0,0.0,False,False,False
2021-04-30,2021-05-03,2021-04-30,Extended Sentiment Contrarian,extended,-1.0,contrarian,DIS,Consumer,0.0,-1.4879703196583973,2.4879703196583973,0.0,0.0,True,False,False
2021-04-30,2021-05-03,2021-04-30,Extended Sentiment Contrarian,extended,-1.0,contrarian,DOW,Materials,0.0,,1.0,0.0,0.0,False,False,False
2021-04-30,2021-05-03,2021-04-30,Extended Sentiment Contrarian,extended,-1.0,contrarian,DUK,Utilities,0.012202177961867,,1.0,0.012202177961867,0.011240295743953362,False,False,False
2021-04-30,2021-05-03,2021-04-30,Extended Sentiment Contrarian,extended,-1.0,contrarian,EA,Comm,0.0614901183070943,,1.0,0.0614901183070943,0.05664293024264894,False,False,False
2021-04-30,2021-05-03,2021-04-30,Extended Sentiment Contrarian,extended,-1.0,contrarian,GE,Industrials,0.0,-0.3321610996232624,1.3321610996232625,0.0,0.0,True,False,False
2021-04-30,2021-05-03,2021-04-30,Extended Sentiment Contrarian,extended,-1.0,contrarian,GILD,Healthcare,0.0445193357924664,,1.0,0.0445193357924664,0.041009932996840595,False,False,False
2021-04-30,2021-05-03,2021-04-30,Extended Sentiment Contrarian,extended,-1.0,contrarian,GS,Financials,0.0,0.48937754432603914,0.5106224556739609,0.0,0.0,True,False,False
2021-04-30,2021-05-03,2021-04-30,Extended Sentiment Contrarian,extended,-1.0,contrarian,INTC,Tech,0.0,-0.11883651565600346,1.1188365156560034,0.0,0.0,True,False,False
2021-04-30,2021-05-03,2021-04-30,Extended Sentiment Contrarian,extended,-1.0,contrarian,KO,Consumer,0.0,1.5388266528142884,-0.5388266528142884,-0.0,-0.0,True,False,False
2021-04-30,2021-05-03,2021-04-30,Extended Sentiment Contrarian,extended,-1.0,contrarian,MMM,Industrials,0.0708081605519744,,1.0,0.0708081605519744,0.0652264430314657,False,False,False
2021-04-30,2021-05-03,2021-04-30,Extended Sentiment Contrarian,extended,-1.0,contrarian,MRK,Healthcare,0.1069680795608395,-0.4899432085725117,1.4899432085725117,0.1593763636757169,0.14681292699625764,True,False,False
2021-04-30,2021-05-03,2021-04-30,Extended Sentiment Contrarian,extended,-1.0,contrarian,MS,Financials,0.0,,1.0,0.0,0.0,False,False,False
2021-04-30,2021-05-03,2021-04-30,Extended Sentiment Contrarian,extended,-1.0,contrarian,NEE,Utilities,0.0,,1.0,0.0,0.0,False,False,False
2021-04-30,2021-05-03,2021-04-30,Extended Sentiment Contrarian,extended,-1.0,contrarian,NEM,Materials,0.0017018323898193,,1.0,0.0017018323898193,0.0015676791002383478,False,False,False
2021-04-30,2021-05-03,2021-04-30,Extended Sentiment Contrarian,extended,-1.0,contrarian,NKE,Consumer,0.0268830367168781,,1.0,0.0268830367168781,0.024763881016781425,False,False,False
2021-04-30,2021-05-03,2021-04-30,Extended Sentiment Contrarian,extended,-1.0,contrarian,NUE,Materials,0.0,,1.0,0.0,0.0,False,False,False
2021-04-30,2021-05-03,2021-04-30,Extended Sentiment Contrarian,extended,-1.0,contrarian,NVDA,Tech,0.0,,1.0,0.0,0.0,False,False,False
2021-04-30,2021-05-03,2021-04-30,Extended Sentiment Contrarian,extended,-1.0,contrarian,O,RealEstate,0.0,,1.0,0.0,0.0,False,False,False
2021-04-30,2021-05-03,2021-04-30,Extended Sentiment Contrarian,extended,-1.0,contrarian,OXY,Energy,0.0,,1.0,0.0,0.0,False,False,False
2021-04-30,2021-05-03,2021-04-30,Extended Sentiment Contrarian,extended,-1.0,contrarian,PLD,RealEstate,0.0,,1.0,0.0,0.0,False,False,False
2021-04-30,2021-05-03,2021-04-30,Extended Sentiment Contrarian,extended,-1.0,contrarian,PSA,RealEstate,0.0659289583139809,,1.0,0.0659289583139809,0.06073186211968111,False,False,False
2021-04-30,2021-05-03,2021-04-30,Extended Sentiment Contrarian,extended,-1.0,contrarian,QCOM,Tech,0.0,,1.0,0.0,0.0,False,False,False
2021-04-30,2021-05-03,2021-04-30,Extended Sentiment Contrarian,extended,-1.0,contrarian,SBUX,Consumer,0.0,0.32754945789393897,0.672450542106061,0.0,0.0,True,False,False
2021-04-30,2021-05-03,2021-04-30,Extended Sentiment Contrarian,extended,-1.0,contrarian,SHW,Materials,0.0,,1.0,0.0,0.0,False,False,False
2021-04-30,2021-05-03,2021-04-30,Extended Sentiment Contrarian,extended,-1.0,contrarian,SLB,Energy,0.0,,1.0,0.0,0.0,False,False,False
2021-04-30,2021-05-03,2021-04-30,Extended Sentiment Contrarian,extended,-1.0,contrarian,SO,Utilities,0.0,,1.0,0.0,0.0,False,False,False
2021-04-30,2021-05-03,2021-04-30,Extended Sentiment Contrarian,extended,-1.0,contrarian,T,Comm,0.1145071791729114,-0.46468412472497733,1.4646841247249773,0.16771684750160187,0.15449594105682807,True,False,False
2021-04-30,2021-05-03,2021-04-30,Extended Sentiment Contrarian,extended,-1.0,contrarian,TMUS,Comm,0.0,-0.43243310123000084,1.432433101230001,0.0,0.0,True,False,False
2021-04-30,2021-05-03,2021-04-30,Extended Sentiment Contrarian,extended,-1.0,contrarian,TTWO,Comm,0.0627867659860774,,1.0,0.0627867659860774,0.05783736482908327,False,False,False
2021-04-30,2021-05-03,2021-04-30,Extended Sentiment Contrarian,extended,-1.0,contrarian,UPS,Industrials,0.0,,1.0,0.0,0.0,False,False,False
2021-04-30,2021-05-03,2021-04-30,Extended Sentiment Contrarian,extended,-1.0,contrarian,USB,Financials,0.0,,1.0,0.0,0.0,False,False,False
2021-04-30,2021-05-03,2021-04-30,Extended Sentiment Contrarian,extended,-1.0,contrarian,V,Financials,0.0,-0.45436109877369,1.4543610987736901,0.0,0.0,True,False,False
2021-04-30,2021-05-03,2021-04-30,Extended Sentiment Contrarian,extended,-1.0,contrarian,WFC,Financials,0.0,0.36403865660146517,0.6359613433985348,0.0,0.0,True,False,False
2021-04-30,2021-05-03,2021-04-30,Extended Sentiment Contrarian,extended,-1.0,contrarian,WMT,Consumer,0.2044314966682553,0.19193140133254666,0.8080685986674534,0.16519467303620722,0.15217258640674183,True,False,False
2021-04-30,2021-05-03,2021-04-30,Extended Sentiment Contrarian,extended,-1.0,contrarian,XOM,Energy,0.0,0.9764973713598535,0.023502628640146517,0.0,0.0,True,False,False
2021-05-28,2021-06-01,2021-05-28,Extended Sentiment Contrarian,extended,-1.0,contrarian,ABBV,Healthcare,0.0489601902368355,,1.0,0.0489601902368355,0.045504398292683206,False,False,False
2021-05-28,2021-06-01,2021-05-28,Extended Sentiment Contrarian,extended,-1.0,contrarian,ABT,Healthcare,0.0,,1.0,0.0,0.0,False,False,False
2021-05-28,2021-06-01,2021-05-28,Extended Sentiment Contrarian,extended,-1.0,contrarian,ADBE,Tech,0.0,-0.8282625263846876,1.8282625263846874,0.0,0.0,True,False,False
2021-05-28,2021-06-01,2021-05-28,Extended Sentiment Contrarian,extended,-1.0,contrarian,AEP,Utilities,0.092414192033739,,1.0,0.092414192033739,0.08589125536191082,False,False,False
2021-05-28,2021-06-01,2021-05-28,Extended Sentiment Contrarian,extended,-1.0,contrarian,AMD,Tech,0.0,1.0186803687429546,-0.018680368742954645,-0.0,-0.0,True,False,False
2021-05-28,2021-06-01,2021-05-28,Extended Sentiment Contrarian,extended,-1.0,contrarian,AMGN,Healthcare,0.0,0.5019142471714687,0.4980857528285313,0.0,0.0,True,False,False
2021-05-28,2021-06-01,2021-05-28,Extended Sentiment Contrarian,extended,-1.0,contrarian,AMT,RealEstate,0.0,,1.0,0.0,0.0,False,False,False
2021-05-28,2021-06-01,2021-05-28,Extended Sentiment Contrarian,extended,-1.0,contrarian,BA,Industrials,0.0,,1.0,0.0,0.0,False,False,False
2021-05-28,2021-06-01,2021-05-28,Extended Sentiment Contrarian,extended,-1.0,contrarian,CAT,Industrials,0.0,-0.24392292473091218,1.2439229247309123,0.0,0.0,True,False,False
2021-05-28,2021-06-01,2021-05-28,Extended Sentiment Contrarian,extended,-1.0,contrarian,CCI,RealEstate,0.0,,1.0,0.0,0.0,False,False,False
2021-05-28,2021-06-01,2021-05-28,Extended Sentiment Contrarian,extended,-1.0,contrarian,CMCSA,Comm,0.0,-0.017752167986159733,1.0177521679861596,0.0,0.0,True,False,False
2021-05-28,2021-06-01,2021-05-28,Extended Sentiment Contrarian,extended,-1.0,contrarian,COP,Energy,0.0,,1.0,0.0,0.0,False,False,False
2021-05-28,2021-06-01,2021-05-28,Extended Sentiment Contrarian,extended,-1.0,contrarian,CVX,Energy,0.0,-0.07134414971839222,1.0713441497183922,0.0,0.0,True,False,False
2021-05-28,2021-06-01,2021-05-28,Extended Sentiment Contrarian,extended,-1.0,contrarian,D,Utilities,0.0507479393554114,,1.0,0.0507479393554114,0.04716596144318474,False,False,False
2021-05-28,2021-06-01,2021-05-28,Extended Sentiment Contrarian,extended,-1.0,contrarian,DD,Materials,0.0,,1.0,0.0,0.0,False,False,False
2021-05-28,2021-06-01,2021-05-28,Extended Sentiment Contrarian,extended,-1.0,contrarian,DIS,Consumer,0.00984983770655,-1.204580975615443,2.204580975615443,0.021714764820759777,0.020182056124699907,True,False,False
2021-05-28,2021-06-01,2021-05-28,Extended Sentiment Contrarian,extended,-1.0,contrarian,DOW,Materials,0.0,,1.0,0.0,0.0,False,False,False
2021-05-28,2021-06-01,2021-05-28,Extended Sentiment Contrarian,extended,-1.0,contrarian,DUK,Utilities,0.011111782416709,,1.0,0.011111782416709,0.010327471572018987,False,False,False
2021-05-28,2021-06-01,2021-05-28,Extended Sentiment Contrarian,extended,-1.0,contrarian,EA,Comm,0.0624466287658924,0.26710271597583535,0.7328972840241647,0.04576696461898781,0.04253656239069729,True,False,False
2021-05-28,2021-06-01,2021-05-28,Extended Sentiment Contrarian,extended,-1.0,contrarian,GE,Industrials,0.0,-0.3962991138636628,1.396299113863663,0.0,0.0,True,False,False
2021-05-28,2021-06-01,2021-05-28,Extended Sentiment Contrarian,extended,-1.0,contrarian,GILD,Healthcare,0.059087742105535,-0.29892721961130286,1.2989272196113029,0.0767506765662523,0.07133332895173379,True,False,False
2021-05-28,2021-06-01,2021-05-28,Extended Sentiment Contrarian,extended,-1.0,contrarian,GS,Financials,0.0,-1.7277901586224538,2.7277901586224536,0.0,0.0,True,False,False
2021-05-28,2021-06-01,2021-05-28,Extended Sentiment Contrarian,extended,-1.0,contrarian,INTC,Tech,0.0,0.20713325124322088,0.7928667487567791,0.0,0.0,True,False,False
2021-05-28,2021-06-01,2021-05-28,Extended Sentiment Contrarian,extended,-1.0,contrarian,KO,Consumer,0.0,4.676887761369462,-3.6768877613694624,-0.0,-0.0,True,False,False
2021-05-28,2021-06-01,2021-05-28,Extended Sentiment Contrarian,extended,-1.0,contrarian,MMM,Industrials,0.0849891378512632,2.0903551827417894,-1.0903551827417894,-0.09266834693288123,0.0,True,True,False
2021-05-28,2021-06-01,2021-05-28,Extended Sentiment Contrarian,extended,-1.0,contrarian,MRK,Healthcare,0.1172967079394272,,1.0,0.1172967079394272,0.10901747094276032,False,False,False
2021-05-28,2021-06-01,2021-05-28,Extended Sentiment Contrarian,extended,-1.0,contrarian,MS,Financials,0.0,-1.4040840526755423,2.4040840526755423,0.0,0.0,True,False,False
2021-05-28,2021-06-01,2021-05-28,Extended Sentiment Contrarian,extended,-1.0,contrarian,NEE,Utilities,0.0,-0.3207366032031841,1.320736603203184,0.0,0.0,True,False,False
2021-05-28,2021-06-01,2021-05-28,Extended Sentiment Contrarian,extended,-1.0,contrarian,NEM,Materials,0.0,,1.0,0.0,0.0,False,False,False
2021-05-28,2021-06-01,2021-05-28,Extended Sentiment Contrarian,extended,-1.0,contrarian,NKE,Consumer,0.0258498144983853,0.11060557953131109,0.8893944204686889,0.022990680785014508,0.021367913204596595,True,False,False
2021-05-28,2021-06-01,2021-05-28,Extended Sentiment Contrarian,extended,-1.0,contrarian,NUE,Materials,0.0,,1.0,0.0,0.0,False,False,False
2021-05-28,2021-06-01,2021-05-28,Extended Sentiment Contrarian,extended,-1.0,contrarian,NVDA,Tech,0.0,,1.0,0.0,0.0,False,False,False
2021-05-28,2021-06-01,2021-05-28,Extended Sentiment Contrarian,extended,-1.0,contrarian,O,RealEstate,0.0,,1.0,0.0,0.0,False,False,False
2021-05-28,2021-06-01,2021-05-28,Extended Sentiment Contrarian,extended,-1.0,contrarian,OXY,Energy,0.0,,1.0,0.0,0.0,False,False,False
2021-05-28,2021-06-01,2021-05-28,Extended Sentiment Contrarian,extended,-1.0,contrarian,PLD,RealEstate,0.0,,1.0,0.0,0.0,False,False,False
2021-05-28,2021-06-01,2021-05-28,Extended Sentiment Contrarian,extended,-1.0,contrarian,PSA,RealEstate,0.0890999653723551,,1.0,0.0890999653723551,0.08281095911914052,False,False,False
2021-05-28,2021-06-01,2021-05-28,Extended Sentiment Contrarian,extended,-1.0,contrarian,QCOM,Tech,0.0,-0.1987021610122913,1.1987021610122912,0.0,0.0,True,False,False
2021-05-28,2021-06-01,2021-05-28,Extended Sentiment Contrarian,extended,-1.0,contrarian,SBUX,Consumer,0.0,4.640918446941681,-3.640918446941681,-0.0,-0.0,True,False,False
2021-05-28,2021-06-01,2021-05-28,Extended Sentiment Contrarian,extended,-1.0,contrarian,SHW,Materials,0.0,,1.0,0.0,0.0,False,False,False
2021-05-28,2021-06-01,2021-05-28,Extended Sentiment Contrarian,extended,-1.0,contrarian,SLB,Energy,0.0,,1.0,0.0,0.0,False,False,False
2021-05-28,2021-06-01,2021-05-28,Extended Sentiment Contrarian,extended,-1.0,contrarian,SO,Utilities,0.0,,1.0,0.0,0.0,False,False,False
2021-05-28,2021-06-01,2021-05-28,Extended Sentiment Contrarian,extended,-1.0,contrarian,T,Comm,0.1163126762909099,1.1324436639858262,-0.1324436639858262,-0.015404877015965443,0.0,True,True,False
2021-05-28,2021-06-01,2021-05-28,Extended Sentiment Contrarian,extended,-1.0,contrarian,TMUS,Comm,0.0,0.3586805488605607,0.6413194511394393,0.0,0.0,True,False,False
2021-05-28,2021-06-01,2021-05-28,Extended Sentiment Contrarian,extended,-1.0,contrarian,TTWO,Comm,0.0568734416264683,,1.0,0.0568734416264683,0.052859103028962295,False,False,False
2021-05-28,2021-06-01,2021-05-28,Extended Sentiment Contrarian,extended,-1.0,contrarian,UPS,Industrials,0.0,-0.5896813805520846,1.5896813805520846,0.0,0.0,True,False,False
2021-05-28,2021-06-01,2021-05-28,Extended Sentiment Contrarian,extended,-1.0,contrarian,USB,Financials,0.0,,1.0,0.0,0.0,False,False,False
2021-05-28,2021-06-01,2021-05-28,Extended Sentiment Contrarian,extended,-1.0,contrarian,V,Financials,0.0,-0.37426241329070353,1.3742624132907035,0.0,0.0,True,False,False
2021-05-28,2021-06-01,2021-05-28,Extended Sentiment Contrarian,extended,-1.0,contrarian,WFC,Financials,0.0,1.371590861696208,-0.37159086169620803,-0.0,-0.0,True,False,False
2021-05-28,2021-06-01,2021-05-28,Extended Sentiment Contrarian,extended,-1.0,contrarian,WMT,Consumer,0.174959943800518,-1.527531815134937,2.527531815134937,0.44221682433002985,0.41100351956761144,True,False,False
2021-05-28,2021-06-01,2021-05-28,Extended Sentiment Contrarian,extended,-1.0,contrarian,XOM,Energy,0.0,-0.07815205167729418,1.0781520516772942,0.0,0.0,True,False,False
2021-06-30,2021-07-01,2021-06-30,Extended Sentiment Contrarian,extended,-1.0,contrarian,ABBV,Healthcare,0.0376967795697507,0.7097976893982554,0.2902023106017446,0.010939692533386293,0.008649082364784452,True,False,False
2021-06-30,2021-07-01,2021-06-30,Extended Sentiment Contrarian,extended,-1.0,contrarian,ABT,Healthcare,0.0016299985203787,1.1786645883355906,-0.17866458833559062,-0.0002912230146310823,0.0,True,True,False
2021-06-30,2021-07-01,2021-06-30,Extended Sentiment Contrarian,extended,-1.0,contrarian,ADBE,Tech,0.0,,1.0,0.0,0.0,False,False,False
2021-06-30,2021-07-01,2021-06-30,Extended Sentiment Contrarian,extended,-1.0,contrarian,AEP,Utilities,0.0731507905497613,,1.0,0.0731507905497613,0.05783409456738528,False,False,False
2021-06-30,2021-07-01,2021-06-30,Extended Sentiment Contrarian,extended,-1.0,contrarian,AMD,Tech,0.0072707630971174,-0.06635349305490419,1.0663534930549041,0.007753203625785832,0.006129797208259364,True,False,False
2021-06-30,2021-07-01,2021-06-30,Extended Sentiment Contrarian,extended,-1.0,contrarian,AMGN,Healthcare,0.0,,1.0,0.0,0.0,False,False,False
2021-06-30,2021-07-01,2021-06-30,Extended Sentiment Contrarian,extended,-1.0,contrarian,AMT,RealEstate,0.0,,1.0,0.0,0.0,False,False,False
2021-06-30,2021-07-01,2021-06-30,Extended Sentiment Contrarian,extended,-1.0,contrarian,BA,Industrials,0.0,,1.0,0.0,0.0,False,False,False
2021-06-30,2021-07-01,2021-06-30,Extended Sentiment Contrarian,extended,-1.0,contrarian,CAT,Industrials,0.0,-0.31185240998447655,1.3118524099844766,0.0,0.0,True,False,False
2021-06-30,2021-07-01,2021-06-30,Extended Sentiment Contrarian,extended,-1.0,contrarian,CCI,RealEstate,0.0540751160913785,,1.0,0.0540751160913785,0.04275258482194663,False,False,False
2021-06-30,2021-07-01,2021-06-30,Extended Sentiment Contrarian,extended,-1.0,contrarian,CMCSA,Comm,0.0,0.013495193817373356,0.9865048061826266,0.0,0.0,True,False,False
2021-06-30,2021-07-01,2021-06-30,Extended Sentiment Contrarian,extended,-1.0,contrarian,COP,Energy,0.0,0.4501050985516477,0.5498949014483523,0.0,0.0,True,False,False
2021-06-30,2021-07-01,2021-06-30,Extended Sentiment Contrarian,extended,-1.0,contrarian,CVX,Energy,0.0,1.5413798048776457,-0.5413798048776457,-0.0,-0.0,True,False,False
2021-06-30,2021-07-01,2021-06-30,Extended Sentiment Contrarian,extended,-1.0,contrarian,D,Utilities,0.0227718636943739,,1.0,0.0227718636943739,0.018003771503742487,False,False,False
2021-06-30,2021-07-01,2021-06-30,Extended Sentiment Contrarian,extended,-1.0,contrarian,DD,Materials,0.0,,1.0,0.0,0.0,False,False,False
2021-06-30,2021-07-01,2021-06-30,Extended Sentiment Contrarian,extended,-1.0,contrarian,DIS,Consumer,0.0150282891557683,0.619752350915647,0.38024764908435305,0.005714471621240773,0.004517945597876478,True,False,False
2021-06-30,2021-07-01,2021-06-30,Extended Sentiment Contrarian,extended,-1.0,contrarian,DOW,Materials,0.0,,1.0,0.0,0.0,False,False,False
2021-06-30,2021-07-01,2021-06-30,Extended Sentiment Contrarian,extended,-1.0,contrarian,DUK,Utilities,0.0,,1.0,0.0,0.0,False,False,False
2021-06-30,2021-07-01,2021-06-30,Extended Sentiment Contrarian,extended,-1.0,contrarian,EA,Comm,0.025568913287689,,1.0,0.025568913287689,0.020215160191051483,False,False,False
2021-06-30,2021-07-01,2021-06-30,Extended Sentiment Contrarian,extended,-1.0,contrarian,GE,Industrials,0.0,-0.3194690891627127,1.3194690891627128,0.0,0.0,True,False,False
2021-06-30,2021-07-01,2021-06-30,Extended Sentiment Contrarian,extended,-1.0,contrarian,GILD,Healthcare,0.0307969765390129,-0.4012839162265041,1.401283916226504,0.04315530789252377,0.03411922330549567,True,False,False
2021-06-30,2021-07-01,2021-06-30,Extended Sentiment Contrarian,extended,-1.0,contrarian,GS,Financials,0.02085930702723,0.37424098965797026,0.6257590103420297,0.013052899321779991,0.010319814838376297,True,False,False
2021-06-30,2021-07-01,2021-06-30,Extended Sentiment Contrarian,extended,-1.0,contrarian,INTC,Tech,0.0,-0.45829273863597125,1.4582927386359712,0.0,0.0,True,False,False
2021-06-30,2021-07-01,2021-06-30,Extended Sentiment Contrarian,extended,-1.0,contrarian,KO,Consumer,0.0,-0.43694100546685494,1.436941005466855,0.0,0.0,True,False,False
2021-06-30,2021-07-01,2021-06-30,Extended Sentiment Contrarian,extended,-1.0,contrarian,MMM,Industrials,0.0946248550675005,,1.0,0.0946248550675005,0.07481180688917118,False,False,False
2021-06-30,2021-07-01,2021-06-30,Extended Sentiment Contrarian,extended,-1.0,contrarian,MRK,Healthcare,0.1352689317400659,,1.0,0.1352689317400659,0.10694561373143881,False,False,False
2021-06-30,2021-07-01,2021-06-30,Extended Sentiment Contrarian,extended,-1.0,contrarian,MS,Financials,0.0,0.8485627139636714,0.15143728603632856,0.0,0.0,True,False,False
2021-06-30,2021-07-01,2021-06-30,Extended Sentiment Contrarian,extended,-1.0,contrarian,NEE,Utilities,0.0,-0.35248592123560263,1.3524859212356026,0.0,0.0,True,False,False
2021-06-30,2021-07-01,2021-06-30,Extended Sentiment Contrarian,extended,-1.0,contrarian,NEM,Materials,0.0,,1.0,0.0,0.0,False,False,False
2021-06-30,2021-07-01,2021-06-30,Extended Sentiment Contrarian,extended,-1.0,contrarian,NKE,Consumer,0.0362270944135522,0.7628430704829553,0.2371569295170447,0.008591506476442122,0.006792571813654558,True,False,False
2021-06-30,2021-07-01,2021-06-30,Extended Sentiment Contrarian,extended,-1.0,contrarian,NUE,Materials,0.0,,1.0,0.0,0.0,False,False,False
2021-06-30,2021-07-01,2021-06-30,Extended Sentiment Contrarian,extended,-1.0,contrarian,NVDA,Tech,0.0,,1.0,0.0,0.0,False,False,False
2021-06-30,2021-07-01,2021-06-30,Extended Sentiment Contrarian,extended,-1.0,contrarian,O,RealEstate,0.0,1.7566611879243161,-0.7566611879243161,-0.0,-0.0,True,False,False
2021-06-30,2021-07-01,2021-06-30,Extended Sentiment Contrarian,extended,-1.0,contrarian,OXY,Energy,0.0,-0.15854147377823166,1.1585414737782316,0.0,0.0,True,False,False
2021-06-30,2021-07-01,2021-06-30,Extended Sentiment Contrarian,extended,-1.0,contrarian,PLD,RealEstate,0.0,,1.0,0.0,0.0,False,False,False
2021-06-30,2021-07-01,2021-06-30,Extended Sentiment Contrarian,extended,-1.0,contrarian,PSA,RealEstate,0.1044334195979248,,1.0,0.1044334195979248,0.08256660276163645,False,False,False
2021-06-30,2021-07-01,2021-06-30,Extended Sentiment Contrarian,extended,-1.0,contrarian,QCOM,Tech,0.0,-0.38382599164560705,1.383825991645607,0.0,0.0,True,False,False
2021-06-30,2021-07-01,2021-06-30,Extended Sentiment Contrarian,extended,-1.0,contrarian,SBUX,Consumer,0.021879009874866,-4.783256091888043,5.783256091888043,0.12653191714329745,0.10003800105044665,True,False,False
2021-06-30,2021-07-01,2021-06-30,Extended Sentiment Contrarian,extended,-1.0,contrarian,SHW,Materials,0.0,,1.0,0.0,0.0,False,False,False
2021-06-30,2021-07-01,2021-06-30,Extended Sentiment Contrarian,extended,-1.0,contrarian,SLB,Energy,0.0,,1.0,0.0,0.0,False,False,False
2021-06-30,2021-07-01,2021-06-30,Extended Sentiment Contrarian,extended,-1.0,contrarian,SO,Utilities,0.0,,1.0,0.0,0.0,False,False,False
2021-06-30,2021-07-01,2021-06-30,Extended Sentiment Contrarian,extended,-1.0,contrarian,T,Comm,0.1633888674441786,0.18914644155836907,0.810853558441631,0.13248444457686018,0.10474415708677051,True,False,False
2021-06-30,2021-07-01,2021-06-30,Extended Sentiment Contrarian,extended,-1.0,contrarian,TMUS,Comm,0.0,0.9278364419675965,0.07216355803240349,0.0,0.0,True,False,False
2021-06-30,2021-07-01,2021-06-30,Extended Sentiment Contrarian,extended,-1.0,contrarian,TTWO,Comm,0.0489206367924043,,1.0,0.0489206367924043,0.03867737741841602,False,False,False
2021-06-30,2021-07-01,2021-06-30,Extended Sentiment Contrarian,extended,-1.0,contrarian,UPS,Industrials,0.0,-0.5749862341917538,1.5749862341917538,0.0,0.0,True,False,False
2021-06-30,2021-07-01,2021-06-30,Extended Sentiment Contrarian,extended,-1.0,contrarian,USB,Financials,0.0,,1.0,0.0,0.0,False,False,False
2021-06-30,2021-07-01,2021-06-30,Extended Sentiment Contrarian,extended,-1.0,contrarian,V,Financials,0.0,-0.4945685903475039,1.494568590347504,0.0,0.0,True,False,False
2021-06-30,2021-07-01,2021-06-30,Extended Sentiment Contrarian,extended,-1.0,contrarian,WFC,Financials,0.0,-0.059505322378292244,1.0595053223782922,0.0,0.0,True,False,False
2021-06-30,2021-07-01,2021-06-30,Extended Sentiment Contrarian,extended,-1.0,contrarian,WMT,Consumer,0.1064083875370459,-2.3625220509250253,3.3625220509250253,0.3578005494966925,0.28288239484954764,True,False,False
2021-06-30,2021-07-01,2021-06-30,Extended Sentiment Contrarian,extended,-1.0,contrarian,XOM,Energy,0.0,-0.8189280726587151,1.8189280726587151,0.0,0.0,True,False,False
2021-07-30,2021-08-02,2021-07-30,Extended Sentiment Contrarian,extended,-1.0,contrarian,ABBV,Healthcare,0.0302894794231026,0.5802218291950094,0.4197781708049906,0.01271486226686541,0.010297943761805312,True,False,False
2021-07-30,2021-08-02,2021-07-30,Extended Sentiment Contrarian,extended,-1.0,contrarian,ABT,Healthcare,0.0098622763648259,,1.0,0.0098622763648259,0.007987594771909131,False,False,False
2021-07-30,2021-08-02,2021-07-30,Extended Sentiment Contrarian,extended,-1.0,contrarian,ADBE,Tech,0.0,0.4919856268373991,0.5080143731626009,0.0,0.0,True,False,False
2021-07-30,2021-08-02,2021-07-30,Extended Sentiment Contrarian,extended,-1.0,contrarian,AEP,Utilities,0.0852155089045425,,1.0,0.0852155089045425,0.06901722566192918,False,False,False
2021-07-30,2021-08-02,2021-07-30,Extended Sentiment Contrarian,extended,-1.0,contrarian,AMD,Tech,0.0020044242681656,,1.0,0.0020044242681656,0.0016234110881529701,False,False,False
2021-07-30,2021-08-02,2021-07-30,Extended Sentiment Contrarian,extended,-1.0,contrarian,AMGN,Healthcare,0.0,,1.0,0.0,0.0,False,False,False
2021-07-30,2021-08-02,2021-07-30,Extended Sentiment Contrarian,extended,-1.0,contrarian,AMT,RealEstate,0.0,-0.45617120020090773,1.4561712002009077,0.0,0.0,True,False,False
2021-07-30,2021-08-02,2021-07-30,Extended Sentiment Contrarian,extended,-1.0,contrarian,BA,Industrials,0.0,,1.0,0.0,0.0,False,False,False
2021-07-30,2021-08-02,2021-07-30,Extended Sentiment Contrarian,extended,-1.0,contrarian,CAT,Industrials,0.0062272941976791,-0.2505338801445171,1.2505338801445172,0.007787442375825083,0.006307157871739699,True,False,False
2021-07-30,2021-08-02,2021-07-30,Extended Sentiment Contrarian,extended,-1.0,contrarian,CCI,RealEstate,0.0642109006495531,,1.0,0.0642109006495531,0.0520053013477889,False,False,False
2021-07-30,2021-08-02,2021-07-30,Extended Sentiment Contrarian,extended,-1.0,contrarian,CMCSA,Comm,0.0,0.5186596895229825,0.48134031047701753,0.0,0.0,True,False,False
2021-07-30,2021-08-02,2021-07-30,Extended Sentiment Contrarian,extended,-1.0,contrarian,COP,Energy,0.0,,1.0,0.0,0.0,False,False,False
2021-07-30,2021-08-02,2021-07-30,Extended Sentiment Contrarian,extended,-1.0,contrarian,CVX,Energy,0.0,0.13932047643107173,0.8606795235689283,0.0,0.0,True,False,False
2021-07-30,2021-08-02,2021-07-30,Extended Sentiment Contrarian,extended,-1.0,contrarian,D,Utilities,0.0,,1.0,0.0,0.0,False,False,False
2021-07-30,2021-08-02,2021-07-30,Extended Sentiment Contrarian,extended,-1.0,contrarian,DD,Materials,0.0,,1.0,0.0,0.0,False,False,False
2021-07-30,2021-08-02,2021-07-30,Extended Sentiment Contrarian,extended,-1.0,contrarian,DIS,Consumer,0.0142350676748554,-1.0183578901791983,2.0183578901791983,0.02873146115877925,0.023270009929926228,True,False,False
2021-07-30,2021-08-02,2021-07-30,Extended Sentiment Contrarian,extended,-1.0,contrarian,DOW,Materials,0.0,,1.0,0.0,0.0,False,False,False
2021-07-30,2021-08-02,2021-07-30,Extended Sentiment Contrarian,extended,-1.0,contrarian,DUK,Utilities,0.0064912635554812,,1.0,0.0064912635554812,0.005257364620582829,False,False,False
2021-07-30,2021-08-02,2021-07-30,Extended Sentiment Contrarian,extended,-1.0,contrarian,EA,Comm,0.0230619349729838,,1.0,0.0230619349729838,0.018678181832066886,False,False,False
2021-07-30,2021-08-02,2021-07-30,Extended Sentiment Contrarian,extended,-1.0,contrarian,GE,Industrials,0.0,1.0016326460307174,-0.001632646030717444,-0.0,-0.0,True,False,False
2021-07-30,2021-08-02,2021-07-30,Extended Sentiment Contrarian,extended,-1.0,contrarian,GILD,Healthcare,0.0249322728278246,-0.35597284845825966,1.3559728484582596,0.033807485004883786,0.02738115222967321,True,False,False
2021-07-30,2021-08-02,2021-07-30,Extended Sentiment Contrarian,extended,-1.0,contrarian,GS,Financials,0.0225218284228843,-1.3641644099842019,2.364164409984202,0.05324530520515369,0.043124113110665156,True,False,False
2021-07-30,2021-08-02,2021-07-30,Extended Sentiment Contrarian,extended,-1.0,contrarian,INTC,Tech,0.0,-0.3288358789465712,1.3288358789465713,0.0,0.0,True,False,False
2021-07-30,2021-08-02,2021-07-30,Extended Sentiment Contrarian,extended,-1.0,contrarian,KO,Consumer,0.0,-0.04020082461565182,1.0402008246156518,0.0,0.0,True,False,False
2021-07-30,2021-08-02,2021-07-30,Extended Sentiment Contrarian,extended,-1.0,contrarian,MMM,Industrials,0.0818895344678883,-0.13980903265981134,1.1398090326598114,0.09333843106680605,0.07559609327786082,True,False,False
2021-07-30,2021-08-02,2021-07-30,Extended Sentiment Contrarian,extended,-1.0,contrarian,MRK,Healthcare,0.1440500633934673,-0.4923873751453229,1.492387375145323,0.21497849599729402,0.1741140733822041,True,False,False
2021-07-30,2021-08-02,2021-07-30,Extended Sentiment Contrarian,extended,-1.0,contrarian,MS,Financials,0.0,-2.1209695277584744,3.1209695277584744,0.0,0.0,True,False,False
2021-07-30,2021-08-02,2021-07-30,Extended Sentiment Contrarian,extended,-1.0,contrarian,NEE,Utilities,0.0,-0.3310780132276653,1.3310780132276654,0.0,0.0,True,False,False
2021-07-30,2021-08-02,2021-07-30,Extended Sentiment Contrarian,extended,-1.0,contrarian,NEM,Materials,0.0,,1.0,0.0,0.0,False,False,False
2021-07-30,2021-08-02,2021-07-30,Extended Sentiment Contrarian,extended,-1.0,contrarian,NKE,Consumer,0.0332379346270086,2.174446060961413,-1.174446060961413,-0.0390361613971832,0.0,True,True,False
2021-07-30,2021-08-02,2021-07-30,Extended Sentiment Contrarian,extended,-1.0,contrarian,NUE,Materials,0.0,0.9273929598287842,0.07260704017121578,0.0,0.0,True,False,False
2021-07-30,2021-08-02,2021-07-30,Extended Sentiment Contrarian,extended,-1.0,contrarian,NVDA,Tech,0.0,,1.0,0.0,0.0,False,False,False
2021-07-30,2021-08-02,2021-07-30,Extended Sentiment Contrarian,extended,-1.0,contrarian,O,RealEstate,0.0,,1.0,0.0,0.0,False,False,False
2021-07-30,2021-08-02,2021-07-30,Extended Sentiment Contrarian,extended,-1.0,contrarian,OXY,Energy,0.0,,1.0,0.0,0.0,False,False,False
2021-07-30,2021-08-02,2021-07-30,Extended Sentiment Contrarian,extended,-1.0,contrarian,PLD,RealEstate,0.0,,1.0,0.0,0.0,False,False,False
2021-07-30,2021-08-02,2021-07-30,Extended Sentiment Contrarian,extended,-1.0,contrarian,PSA,RealEstate,0.1056961751653189,,1.0,0.1056961751653189,0.08560480206906033,False,False,False
2021-07-30,2021-08-02,2021-07-30,Extended Sentiment Contrarian,extended,-1.0,contrarian,QCOM,Tech,0.0,,1.0,0.0,0.0,False,False,False
2021-07-30,2021-08-02,2021-07-30,Extended Sentiment Contrarian,extended,-1.0,contrarian,SBUX,Consumer,0.0143721802037846,0.21269844078913344,0.7873015592108665,0.011315239883699165,0.00916437013064059,True,False,False
2021-07-30,2021-08-02,2021-07-30,Extended Sentiment Contrarian,extended,-1.0,contrarian,SHW,Materials,0.0,,1.0,0.0,0.0,False,False,False
2021-07-30,2021-08-02,2021-07-30,Extended Sentiment Contrarian,extended,-1.0,contrarian,SLB,Energy,0.0,,1.0,0.0,0.0,False,False,False
2021-07-30,2021-08-02,2021-07-30,Extended Sentiment Contrarian,extended,-1.0,contrarian,SO,Utilities,0.0,,1.0,0.0,0.0,False,False,False
2021-07-30,2021-08-02,2021-07-30,Extended Sentiment Contrarian,extended,-1.0,contrarian,T,Comm,0.1640313663615,-0.5831366034210549,1.583136603421055,0.25968406019605983,0.21032173149883138,True,False,False
2021-07-30,2021-08-02,2021-07-30,Extended Sentiment Contrarian,extended,-1.0,contrarian,TMUS,Comm,0.0,-0.5838157396070337,1.5838157396070338,0.0,0.0,True,False,False
2021-07-30,2021-08-02,2021-07-30,Extended Sentiment Contrarian,extended,-1.0,contrarian,TTWO,Comm,0.0564633437790303,,1.0,0.0564633437790303,0.04573044730143821,False,False,False
2021-07-30,2021-08-02,2021-07-30,Extended Sentiment Contrarian,extended,-1.0,contrarian,UPS,Industrials,0.0,,1.0,0.0,0.0,False,False,False
2021-07-30,2021-08-02,2021-07-30,Extended Sentiment Contrarian,extended,-1.0,contrarian,USB,Financials,0.0,,1.0,0.0,0.0,False,False,False
2021-07-30,2021-08-02,2021-07-30,Extended Sentiment Contrarian,extended,-1.0,contrarian,V,Financials,0.0,,1.0,0.0,0.0,False,False,False
2021-07-30,2021-08-02,2021-07-30,Extended Sentiment Contrarian,extended,-1.0,contrarian,WFC,Financials,0.0,,1.0,0.0,0.0,False,False,False
2021-07-30,2021-08-02,2021-07-30,Extended Sentiment Contrarian,extended,-1.0,contrarian,WMT,Consumer,0.1112071507401031,-0.493523790813427,1.493523790813427,0.16609052533891897,0.1345190261137252,True,False,False
2021-07-30,2021-08-02,2021-07-30,Extended Sentiment Contrarian,extended,-1.0,contrarian,XOM,Energy,0.0,0.42447637342052463,0.5755236265794754,0.0,0.0,True,False,False
2021-08-31,2021-09-01,2021-08-31,Extended Sentiment Contrarian,extended,-1.0,contrarian,ABBV,Healthcare,0.0199971678899776,-0.6460776038138512,1.6460776038138512,0.03291689020339761,0.022785153654659263,True,False,False
2021-08-31,2021-09-01,2021-08-31,Extended Sentiment Contrarian,extended,-1.0,contrarian,ABT,Healthcare,0.0116915704336451,-0.5785984936903776,1.5785984936903776,0.018456295475427112,0.012775493848443592,True,False,False
2021-08-31,2021-09-01,2021-08-31,Extended Sentiment Contrarian,extended,-1.0,contrarian,ADBE,Tech,0.0,,1.0,0.0,0.0,False,False,False
2021-08-31,2021-09-01,2021-08-31,Extended Sentiment Contrarian,extended,-1.0,contrarian,AEP,Utilities,0.0959056322752661,,1.0,0.0959056322752661,0.06638611831908814,False,False,False
2021-08-31,2021-09-01,2021-08-31,Extended Sentiment Contrarian,extended,-1.0,contrarian,AMD,Tech,0.0110824591519192,-0.6750095688905683,1.6750095688905682,0.018563225126303512,0.012849510819986254,True,False,False
2021-08-31,2021-09-01,2021-08-31,Extended Sentiment Contrarian,extended,-1.0,contrarian,AMGN,Healthcare,0.0,-0.27253923473735336,1.2725392347373534,0.0,0.0,True,False,False
2021-08-31,2021-09-01,2021-08-31,Extended Sentiment Contrarian,extended,-1.0,contrarian,AMT,RealEstate,0.0,,1.0,0.0,0.0,False,False,False
2021-08-31,2021-09-01,2021-08-31,Extended Sentiment Contrarian,extended,-1.0,contrarian,BA,Industrials,0.0,,1.0,0.0,0.0,False,False,False
2021-08-31,2021-09-01,2021-08-31,Extended Sentiment Contrarian,extended,-1.0,contrarian,CAT,Industrials,0.0039966898508759,1.3273077553158852,-0.3273077553158852,-0.0013081475837839706,0.0,True,True,False
2021-08-31,2021-09-01,2021-08-31,Extended Sentiment Contrarian,extended,-1.0,contrarian,CCI,RealEstate,0.0686842857449769,,1.0,0.0686842857449769,0.047543434227522725,False,False,False
2021-08-31,2021-09-01,2021-08-31,Extended Sentiment Contrarian,extended,-1.0,contrarian,CMCSA,Comm,0.0,,1.0,0.0,0.0,False,False,False
2021-08-31,2021-09-01,2021-08-31,Extended Sentiment Contrarian,extended,-1.0,contrarian,COP,Energy,0.0,-0.2450806048983459,1.2450806048983458,0.0,0.0,True,False,False
2021-08-31,2021-09-01,2021-08-31,Extended Sentiment Contrarian,extended,-1.0,contrarian,CVX,Energy,0.0,0.09650796169581358,0.9034920383041865,0.0,0.0,True,False,False
2021-08-31,2021-09-01,2021-08-31,Extended Sentiment Contrarian,extended,-1.0,contrarian,D,Utilities,0.0,,1.0,0.0,0.0,False,False,False
2021-08-31,2021-09-01,2021-08-31,Extended Sentiment Contrarian,extended,-1.0,contrarian,DD,Materials,0.0,,1.0,0.0,0.0,False,False,False
2021-08-31,2021-09-01,2021-08-31,Extended Sentiment Contrarian,extended,-1.0,contrarian,DIS,Consumer,0.0137355096565371,-0.045344110224080116,1.0453441102240801,0.014358334120387036,0.009938874758107832,True,False,False
2021-08-31,2021-09-01,2021-08-31,Extended Sentiment Contrarian,extended,-1.0,contrarian,DOW,Materials,0.0,-0.18303052453197394,1.1830305245319739,0.0,0.0,True,False,False
2021-08-31,2021-09-01,2021-08-31,Extended Sentiment Contrarian,extended,-1.0,contrarian,DUK,Utilities,0.0042038941946994,,1.0,0.0042038941946994,0.0029099460666630363,False,False,False
2021-08-31,2021-09-01,2021-08-31,Extended Sentiment Contrarian,extended,-1.0,contrarian,EA,Comm,0.0225627937633812,-0.2772900897079661,1.2772900897079662,0.028819232870091513,0.01994874500892748,True,False,False
2021-08-31,2021-09-01,2021-08-31,Extended Sentiment Contrarian,extended,-1.0,contrarian,GE,Industrials,0.0,0.11042153783316898,0.889578462166831,0.0,0.0,True,False,False
2021-08-31,2021-09-01,2021-08-31,Extended Sentiment Contrarian,extended,-1.0,contrarian,GILD,Healthcare,0.018856497737353,-0.40072575595654886,1.400725755956549,0.026412782047846736,0.018282993736300615,True,False,False
2021-08-31,2021-09-01,2021-08-31,Extended Sentiment Contrarian,extended,-1.0,contrarian,GS,Financials,0.0312115256627881,,1.0,0.0312115256627881,0.021604696058121653,False,False,False
2021-08-31,2021-09-01,2021-08-31,Extended Sentiment Contrarian,extended,-1.0,contrarian,INTC,Tech,0.0,-0.5194031062182307,1.5194031062182307,0.0,0.0,True,False,False
2021-08-31,2021-09-01,2021-08-31,Extended Sentiment Contrarian,extended,-1.0,contrarian,KO,Consumer,0.0,-0.8886131728858239,1.8886131728858238,0.0,0.0,True,False,False
2021-08-31,2021-09-01,2021-08-31,Extended Sentiment Contrarian,extended,-1.0,contrarian,MMM,Industrials,0.0744614076026957,,1.0,0.0744614076026957,0.05154237241385926,False,False,False
2021-08-31,2021-09-01,2021-08-31,Extended Sentiment Contrarian,extended,-1.0,contrarian,MRK,Healthcare,0.1303700340531618,-1.22037009242389,2.22037009242389,0.28946972455992453,0.20037166669495984,True,False,False
2021-08-31,2021-09-01,2021-08-31,Extended Sentiment Contrarian,extended,-1.0,contrarian,MS,Financials,0.0,0.5836887763011128,0.4163112236988872,0.0,0.0,True,False,False
2021-08-31,2021-09-01,2021-08-31,Extended Sentiment Contrarian,extended,-1.0,contrarian,NEE,Utilities,0.0,-0.36745895385279814,1.3674589538527981,0.0,0.0,True,False,False
2021-08-31,2021-09-01,2021-08-31,Extended Sentiment Contrarian,extended,-1.0,contrarian,NEM,Materials,0.0,,1.0,0.0,0.0,False,False,False
2021-08-31,2021-09-01,2021-08-31,Extended Sentiment Contrarian,extended,-1.0,contrarian,NKE,Consumer,0.029204023102968,-0.4415547741526122,1.4415547741526122,0.04209919892854671,0.02914117069983704,True,False,False
2021-08-31,2021-09-01,2021-08-31,Extended Sentiment Contrarian,extended,-1.0,contrarian,NUE,Materials,0.0,0.12430568239140659,0.8756943176085934,0.0,0.0,True,False,False
2021-08-31,2021-09-01,2021-08-31,Extended Sentiment Contrarian,extended,-1.0,contrarian,NVDA,Tech,0.0,,1.0,0.0,0.0,False,False,False
2021-08-31,2021-09-01,2021-08-31,Extended Sentiment Contrarian,extended,-1.0,contrarian,O,RealEstate,0.0,-0.6758092061586832,1.6758092061586831,0.0,0.0,True,False,False
2021-08-31,2021-09-01,2021-08-31,Extended Sentiment Contrarian,extended,-1.0,contrarian,OXY,Energy,0.0,-0.1697731975069697,1.1697731975069696,0.0,0.0,True,False,False
2021-08-31,2021-09-01,2021-08-31,Extended Sentiment Contrarian,extended,-1.0,contrarian,PLD,RealEstate,0.0,,1.0,0.0,0.0,False,False,False
2021-08-31,2021-09-01,2021-08-31,Extended Sentiment Contrarian,extended,-1.0,contrarian,PSA,RealEstate,0.1167933989955748,,1.0,0.1167933989955748,0.08084468263923121,False,False,False
2021-08-31,2021-09-01,2021-08-31,Extended Sentiment Contrarian,extended,-1.0,contrarian,QCOM,Tech,0.0,,1.0,0.0,0.0,False,False,False
2021-08-31,2021-09-01,2021-08-31,Extended Sentiment Contrarian,extended,-1.0,contrarian,SBUX,Consumer,0.0039457607964735,-0.31569893064475296,1.315698930644753,0.005191433260500174,0.0035935230757672184,True,False,False
2021-08-31,2021-09-01,2021-08-31,Extended Sentiment Contrarian,extended,-1.0,contrarian,SHW,Materials,0.0,,1.0,0.0,0.0,False,False,False
2021-08-31,2021-09-01,2021-08-31,Extended Sentiment Contrarian,extended,-1.0,contrarian,SLB,Energy,0.0,-0.4501608902563891,1.4501608902563892,0.0,0.0,True,False,False
2021-08-31,2021-09-01,2021-08-31,Extended Sentiment Contrarian,extended,-1.0,contrarian,SO,Utilities,0.0,-0.2674084110089048,1.2674084110089048,0.0,0.0,True,False,False
2021-08-31,2021-09-01,2021-08-31,Extended Sentiment Contrarian,extended,-1.0,contrarian,T,Comm,0.1632762401766339,-0.5593783556976198,1.55937835569762,0.25460943493112903,0.17624128710168815,True,False,False
2021-08-31,2021-09-01,2021-08-31,Extended Sentiment Contrarian,extended,-1.0,contrarian,TMUS,Comm,0.0,,1.0,0.0,0.0,False,False,False
2021-08-31,2021-09-01,2021-08-31,Extended Sentiment Contrarian,extended,-1.0,contrarian,TTWO,Comm,0.056750064193054,,1.0,0.056750064193054,0.03928253624690966,False,False,False
2021-08-31,2021-09-01,2021-08-31,Extended Sentiment Contrarian,extended,-1.0,contrarian,UPS,Industrials,0.0,,1.0,0.0,0.0,False,False,False
2021-08-31,2021-09-01,2021-08-31,Extended Sentiment Contrarian,extended,-1.0,contrarian,USB,Financials,0.0,-0.2540362186949748,1.2540362186949747,0.0,0.0,True,False,False
2021-08-31,2021-09-01,2021-08-31,Extended Sentiment Contrarian,extended,-1.0,contrarian,V,Financials,0.0,-0.4597038576418103,1.4597038576418102,0.0,0.0,True,False,False
2021-08-31,2021-09-01,2021-08-31,Extended Sentiment Contrarian,extended,-1.0,contrarian,WFC,Financials,0.0,0.060882136413067035,0.9391178635869329,0.0,0.0,True,False,False
2021-08-31,2021-09-01,2021-08-31,Extended Sentiment Contrarian,extended,-1.0,contrarian,WMT,Consumer,0.1232710447180178,-1.1558768794955505,2.1558768794955503,0.2657571952188366,0.1839577946299269,True,False,False
2021-08-31,2021-09-01,2021-08-31,Extended Sentiment Contrarian,extended,-1.0,contrarian,XOM,Energy,0.0,-0.25983140212389944,1.2598314021238994,0.0,0.0,True,False,False
2021-09-30,2021-10-01,2021-09-30,Extended Sentiment Contrarian,extended,-1.0,contrarian,ABBV,Healthcare,0.0,-0.5740707212920548,1.5740707212920548,0.0,0.0,True,False,False
2021-09-30,2021-10-01,2021-09-30,Extended Sentiment Contrarian,extended,-1.0,contrarian,ABT,Healthcare,0.033425394216203,-0.5045670813128876,1.5045670813128877,0.05029074781760522,0.05339032837328092,True,False,False
2021-09-30,2021-10-01,2021-09-30,Extended Sentiment Contrarian,extended,-1.0,contrarian,ADBE,Tech,0.0,0.46840194020170167,0.5315980597982983,0.0,0.0,True,False,False
2021-09-30,2021-10-01,2021-09-30,Extended Sentiment Contrarian,extended,-1.0,contrarian,AEP,Utilities,0.0542110323973484,,1.0,0.0542110323973484,0.0575522327018526,False,False,False
2021-09-30,2021-10-01,2021-09-30,Extended Sentiment Contrarian,extended,-1.0,contrarian,AMD,Tech,0.019672530720967,-0.009204919769762955,1.009204919769763,0.0198536147879217,0.021077256929408705,True,False,False
2021-09-30,2021-10-01,2021-09-30,Extended Sentiment Contrarian,extended,-1.0,contrarian,AMGN,Healthcare,0.0,,1.0,0.0,0.0,False,False,False
2021-09-30,2021-10-01,2021-09-30,Extended Sentiment Contrarian,extended,-1.0,contrarian,AMT,RealEstate,0.0,-0.34864445953591217,1.3486444595359122,0.0,0.0,True,False,False
2021-09-30,2021-10-01,2021-09-30,Extended Sentiment Contrarian,extended,-1.0,contrarian,BA,Industrials,0.0,,1.0,0.0,0.0,False,False,False
2021-09-30,2021-10-01,2021-09-30,Extended Sentiment Contrarian,extended,-1.0,contrarian,CAT,Industrials,0.0,-0.2535549593570153,1.2535549593570152,0.0,0.0,True,False,False
2021-09-30,2021-10-01,2021-09-30,Extended Sentiment Contrarian,extended,-1.0,contrarian,CCI,RealEstate,0.0910151319725666,,1.0,0.0910151319725666,0.09662468731975646,False,False,False
2021-09-30,2021-10-01,2021-09-30,Extended Sentiment Contrarian,extended,-1.0,contrarian,CMCSA,Comm,0.0,-0.9499938372441619,1.9499938372441619,0.0,0.0,True,False,False
2021-09-30,2021-10-01,2021-09-30,Extended Sentiment Contrarian,extended,-1.0,contrarian,COP,Energy,0.0,-0.1888483086747057,1.1888483086747057,0.0,0.0,True,False,False
2021-09-30,2021-10-01,2021-09-30,Extended Sentiment Contrarian,extended,-1.0,contrarian,CVX,Energy,0.0,-0.28670505909585237,1.2867050590958524,0.0,0.0,True,False,False
2021-09-30,2021-10-01,2021-09-30,Extended Sentiment Contrarian,extended,-1.0,contrarian,D,Utilities,0.0,-0.3419575546727093,1.3419575546727094,0.0,0.0,True,False,False
2021-09-30,2021-10-01,2021-09-30,Extended Sentiment Contrarian,extended,-1.0,contrarian,DD,Materials,0.0008496734161272,-0.026672215539114648,1.0266722155391146,0.0008723360886200005,0.000926100967760537,True,False,False
2021-09-30,2021-10-01,2021-09-30,Extended Sentiment Contrarian,extended,-1.0,contrarian,DIS,Consumer,0.0075360199163675,-0.6874979280232386,1.6874979280232387,0.012717017994412017,0.013500808719589075,True,False,False
2021-09-30,2021-10-01,2021-09-30,Extended Sentiment Contrarian,extended,-1.0,contrarian,DOW,Materials,0.0,,1.0,0.0,0.0,False,False,False
2021-09-30,2021-10-01,2021-09-30,Extended Sentiment Contrarian,extended,-1.0,contrarian,DUK,Utilities,0.0435444554067294,-0.473179059367394,1.4731790593673941,0.06414877985675106,0.06810247550342229,True,False,False
2021-09-30,2021-10-01,2021-09-30,Extended Sentiment Contrarian,extended,-1.0,contrarian,EA,Comm,0.0454980741942913,-1.0920856077421894,2.0920856077421894,0.09518586620186313,0.10105247731539205,True,False,False
2021-09-30,2021-10-01,2021-09-30,Extended Sentiment Contrarian,extended,-1.0,contrarian,GE,Industrials,0.0,-0.8065661934395477,1.8065661934395476,0.0,0.0,True,False,False
2021-09-30,2021-10-01,2021-09-30,Extended Sentiment Contrarian,extended,-1.0,contrarian,GILD,Healthcare,0.0062428576135706,-0.2915398812046624,1.2915398812046623,0.008062899580608594,0.008559842017278253,True,False,False
2021-09-30,2021-10-01,2021-09-30,Extended Sentiment Contrarian,extended,-1.0,contrarian,GS,Financials,0.0441504020741525,0.1188943484572064,0.8811056515427936,0.03890116878542245,0.0412987729490683,True,False,False
2021-09-30,2021-10-01,2021-09-30,Extended Sentiment Contrarian,extended,-1.0,contrarian,INTC,Tech,0.0020573316895507,-1.1388784616888266,2.138878461688827,0.004400382439329876,0.004671592163550937,True,False,False
2021-09-30,2021-10-01,2021-09-30,Extended Sentiment Contrarian,extended,-1.0,contrarian,KO,Consumer,0.0,-0.3566619723783325,1.3566619723783324,0.0,0.0,True,False,False
2021-09-30,2021-10-01,2021-09-30,Extended Sentiment Contrarian,extended,-1.0,contrarian,MMM,Industrials,0.0828614343878076,-0.25341414773638765,1.2534141477363876,0.10385969416340847,0.11026090119486627,True,False,False
2021-09-30,2021-10-01,2021-09-30,Extended Sentiment Contrarian,extended,-1.0,contrarian,MRK,Healthcare,0.1459564852602756,-0.43423967550118403,1.4342396755011841,0.20933658205699104,0.22223866897144162,True,False,False
2021-09-30,2021-10-01,2021-09-30,Extended Sentiment Contrarian,extended,-1.0,contrarian,MS,Financials,0.0,0.4419015580384618,0.5580984419615382,0.0,0.0,True,False,False
2021-09-30,2021-10-01,2021-09-30,Extended Sentiment Contrarian,extended,-1.0,contrarian,NEE,Utilities,0.0,0.28215397218965776,0.7178460278103422,0.0,0.0,True,False,False
2021-09-30,2021-10-01,2021-09-30,Extended Sentiment Contrarian,extended,-1.0,contrarian,NEM,Materials,0.0,,1.0,0.0,0.0,False,False,False
2021-09-30,2021-10-01,2021-09-30,Extended Sentiment Contrarian,extended,-1.0,contrarian,NKE,Consumer,0.0,-0.8897000103072166,1.8897000103072166,0.0,0.0,True,False,False
2021-09-30,2021-10-01,2021-09-30,Extended Sentiment Contrarian,extended,-1.0,contrarian,NUE,Materials,0.0,-1.4496847518005376,2.449684751800538,0.0,0.0,True,False,False
2021-09-30,2021-10-01,2021-09-30,Extended Sentiment Contrarian,extended,-1.0,contrarian,NVDA,Tech,0.0,,1.0,0.0,0.0,False,False,False
2021-09-30,2021-10-01,2021-09-30,Extended Sentiment Contrarian,extended,-1.0,contrarian,O,RealEstate,0.0,-0.6069777297079283,1.6069777297079284,0.0,0.0,True,False,False
2021-09-30,2021-10-01,2021-09-30,Extended Sentiment Contrarian,extended,-1.0,contrarian,OXY,Energy,0.0025336662875486,-0.12382390012670534,1.1238239001267054,0.0028473947288924183,0.0030228888251030693,True,False,False
2021-09-30,2021-10-01,2021-09-30,Extended Sentiment Contrarian,extended,-1.0,contrarian,PLD,RealEstate,0.0,,1.0,0.0,0.0,False,False,False
2021-09-30,2021-10-01,2021-09-30,Extended Sentiment Contrarian,extended,-1.0,contrarian,PSA,RealEstate,0.0944486900928313,,1.0,0.0944486900928313,0.1002698666715239,False,False,False
2021-09-30,2021-10-01,2021-09-30,Extended Sentiment Contrarian,extended,-1.0,contrarian,QCOM,Tech,0.0,-0.07469500939728518,1.0746950093972851,0.0,0.0,True,False,False
2021-09-30,2021-10-01,2021-09-30,Extended Sentiment Contrarian,extended,-1.0,contrarian,SBUX,Consumer,0.0203326182579434,-0.3302272860714005,1.3302272860714006,0.027047003603989858,0.028713997436817087,True,False,False
2021-09-30,2021-10-01,2021-09-30,Extended Sentiment Contrarian,extended,-1.0,contrarian,SHW,Materials,0.0,-0.053658897731282594,1.0536588977312826,0.0,0.0,True,False,False
2021-09-30,2021-10-01,2021-09-30,Extended Sentiment Contrarian,extended,-1.0,contrarian,SLB,Energy,0.0019817726502436,-0.035824705519402596,1.0358247055194025,0.002052769071844983,0.002179287832780086,True,False,False
2021-09-30,2021-10-01,2021-09-30,Extended Sentiment Contrarian,extended,-1.0,contrarian,SO,Utilities,0.0,,1.0,0.0,0.0,False,False,False
2021-09-30,2021-10-01,2021-09-30,Extended Sentiment Contrarian,extended,-1.0,contrarian,T,Comm,0.1346715392332834,0.9266751040589993,0.07332489594100067,0.009874776600494893,0.010483390846072298,True,False,False
2021-09-30,2021-10-01,2021-09-30,Extended Sentiment Contrarian,extended,-1.0,contrarian,TMUS,Comm,0.0,-0.6063104608437717,1.6063104608437717,0.0,0.0,True,False,False
2021-09-30,2021-10-01,2021-09-30,Extended Sentiment Contrarian,extended,-1.0,contrarian,TTWO,Comm,0.0405884623005616,-0.30133082973299613,1.3013308297329962,0.052819017323176266,0.05607442326103553,True,False,False
2021-09-30,2021-10-01,2021-09-30,Extended Sentiment Contrarian,extended,-1.0,contrarian,UPS,Industrials,0.0,0.6408859512128439,0.35911404878715614,0.0,0.0,True,False,False
2021-09-30,2021-10-01,2021-09-30,Extended Sentiment Contrarian,extended,-1.0,contrarian,USB,Financials,0.0,-0.2562855302186464,1.2562855302186464,0.0,0.0,True,False,False
2021-09-30,2021-10-01,2021-09-30,Extended Sentiment Contrarian,extended,-1.0,contrarian,V,Financials,0.0,-0.45846539402276665,1.4584653940227668,0.0,0.0,True,False,False
2021-09-30,2021-10-01,2021-09-30,Extended Sentiment Contrarian,extended,-1.0,contrarian,WFC,Financials,0.0,0.019719610883404765,0.9802803891165952,0.0,0.0,True,False,False
2021-09-30,2021-10-01,2021-09-30,Extended Sentiment Contrarian,extended,-1.0,contrarian,WMT,Consumer,0.1284224279116296,1.0429233659588597,-0.042923365958859705,-0.005512322870576157,0.0,True,True,False
2021-09-30,2021-10-01,2021-09-30,Extended Sentiment Contrarian,extended,-1.0,contrarian,XOM,Energy,0.0,1.6521359081020721,-0.6521359081020721,-0.0,-0.0,True,False,False
2021-10-29,2021-11-01,2021-10-29,Extended Sentiment Contrarian,extended,-1.0,contrarian,ABBV,Healthcare,0.0159367332953659,0.5220749817300209,0.47792501826997913,0.007616563551351533,0.007343929300615872,True,False,False
2021-10-29,2021-11-01,2021-10-29,Extended Sentiment Contrarian,extended,-1.0,contrarian,ABT,Healthcare,0.0557590411367918,-1.5931790919390105,2.5931790919390103,0.14459317966249569,0.1394174789763541,True,False,False
2021-10-29,2021-11-01,2021-10-29,Extended Sentiment Contrarian,extended,-1.0,contrarian,ADBE,Tech,0.0,-2.83472205970236,3.83472205970236,0.0,0.0,True,False,False
2021-10-29,2021-11-01,2021-10-29,Extended Sentiment Contrarian,extended,-1.0,contrarian,AEP,Utilities,0.047988446267618,,1.0,0.047988446267618,0.04627070387579893,False,False,False
2021-10-29,2021-11-01,2021-10-29,Extended Sentiment Contrarian,extended,-1.0,contrarian,AMD,Tech,0.0352516442538997,0.6242887743843156,0.3757112256156844,0.013244438467600754,0.012770354908304757,True,False,False
2021-10-29,2021-11-01,2021-10-29,Extended Sentiment Contrarian,extended,-1.0,contrarian,AMGN,Healthcare,0.0,,1.0,0.0,0.0,False,False,False
2021-10-29,2021-11-01,2021-10-29,Extended Sentiment Contrarian,extended,-1.0,contrarian,AMT,RealEstate,0.0,,1.0,0.0,0.0,False,False,False
2021-10-29,2021-11-01,2021-10-29,Extended Sentiment Contrarian,extended,-1.0,contrarian,BA,Industrials,0.0,,1.0,0.0,0.0,False,False,False
2021-10-29,2021-11-01,2021-10-29,Extended Sentiment Contrarian,extended,-1.0,contrarian,CAT,Industrials,0.0,0.9435639146816743,0.05643608531832567,0.0,0.0,True,False,False
2021-10-29,2021-11-01,2021-10-29,Extended Sentiment Contrarian,extended,-1.0,contrarian,CCI,RealEstate,0.0553923039672434,-0.5492279859706756,1.5492279859706755,0.08581530751344794,0.08274355580969861,True,False,False
2021-10-29,2021-11-01,2021-10-29,Extended Sentiment Contrarian,extended,-1.0,contrarian,CMCSA,Comm,0.0,-0.18363661823570915,1.1836366182357092,0.0,0.0,True,False,False
2021-10-29,2021-11-01,2021-10-29,Extended Sentiment Contrarian,extended,-1.0,contrarian,COP,Energy,0.0004929559006653,2.4999549377741643,-1.4999549377741643,-0.0007394116373078272,0.0,True,True,False
2021-10-29,2021-11-01,2021-10-29,Extended Sentiment Contrarian,extended,-1.0,contrarian,CVX,Energy,0.0,0.8554498134684277,0.14455018653157226,0.0,0.0,True,False,False
2021-10-29,2021-11-01,2021-10-29,Extended Sentiment Contrarian,extended,-1.0,contrarian,D,Utilities,0.0,,1.0,0.0,0.0,False,False,False
2021-10-29,2021-11-01,2021-10-29,Extended Sentiment Contrarian,extended,-1.0,contrarian,DD,Materials,0.0,,1.0,0.0,0.0,False,False,False
2021-10-29,2021-11-01,2021-10-29,Extended Sentiment Contrarian,extended,-1.0,contrarian,DIS,Consumer,0.0,-2.953378984169767,3.953378984169767,0.0,0.0,True,False,False
2021-10-29,2021-11-01,2021-10-29,Extended Sentiment Contrarian,extended,-1.0,contrarian,DOW,Materials,0.0,,1.0,0.0,0.0,False,False,False
2021-10-29,2021-11-01,2021-10-29,Extended Sentiment Contrarian,extended,-1.0,contrarian,DUK,Utilities,0.0532034114297078,,1.0,0.0532034114297078,0.05129899979919688,False,False,False
2021-10-29,2021-11-01,2021-10-29,Extended Sentiment Contrarian,extended,-1.0,contrarian,EA,Comm,0.0526690453746588,0.28618950643134267,0.7138104935686573,0.03759571727467521,0.0362499817417219,True,False,False
2021-10-29,2021-11-01,2021-10-29,Extended Sentiment Contrarian,extended,-1.0,contrarian,GE,Industrials,0.0,0.7951432056779707,0.2048567943220293,0.0,0.0,True,False,False
2021-10-29,2021-11-01,2021-10-29,Extended Sentiment Contrarian,extended,-1.0,contrarian,GILD,Healthcare,0.0449847905517366,0.30604603006523795,0.6939539699347621,0.03121737399006139,0.030099950717697957,True,False,False
2021-10-29,2021-11-01,2021-10-29,Extended Sentiment Contrarian,extended,-1.0,contrarian,GS,Financials,0.0629529589257063,1.0979726183871215,-0.09797261838712146,-0.006167666221168356,0.0,True,True,False
2021-10-29,2021-11-01,2021-10-29,Extended Sentiment Contrarian,extended,-1.0,contrarian,INTC,Tech,7.130629310274483e-05,0.2879595373393288,0.7120404626606712,5.077296593149586e-05,4.8955551892863666e-05,True,False,False
2021-10-29,2021-11-01,2021-10-29,Extended Sentiment Contrarian,extended,-1.0,contrarian,KO,Consumer,0.0652291196592165,,1.0,0.0652291196592165,0.06289424881562175,False,False,False
2021-10-29,2021-11-01,2021-10-29,Extended Sentiment Contrarian,extended,-1.0,contrarian,MMM,Industrials,0.0631881698962787,,1.0,0.0631881698962787,0.060926354677527904,False,False,False
2021-10-29,2021-11-01,2021-10-29,Extended Sentiment Contrarian,extended,-1.0,contrarian,MRK,Healthcare,0.0729788230855259,0.8767636529760175,0.12323634702398245,0.008993643567169692,0.008671716853266832,True,False,False
2021-10-29,2021-11-01,2021-10-29,Extended Sentiment Contrarian,extended,-1.0,contrarian,MS,Financials,0.0,-0.4797880458522233,1.4797880458522232,0.0,0.0,True,False,False
2021-10-29,2021-11-01,2021-10-29,Extended Sentiment Contrarian,extended,-1.0,contrarian,NEE,Utilities,0.0,-0.2751942354353777,1.2751942354353778,0.0,0.0,True,False,False
2021-10-29,2021-11-01,2021-10-29,Extended Sentiment Contrarian,extended,-1.0,contrarian,NEM,Materials,0.0012070375064333,-0.10821573243552633,1.1082157324355264,0.001337657954269131,0.0012897766004743415,True,False,False
2021-10-29,2021-11-01,2021-10-29,Extended Sentiment Contrarian,extended,-1.0,contrarian,NKE,Consumer,0.0,0.7224417566302984,0.2775582433697016,0.0,0.0,True,False,False
2021-10-29,2021-11-01,2021-10-29,Extended Sentiment Contrarian,extended,-1.0,contrarian,NUE,Materials,0.0,,1.0,0.0,0.0,False,False,False
2021-10-29,2021-11-01,2021-10-29,Extended Sentiment Contrarian,extended,-1.0,contrarian,NVDA,Tech,0.0,,1.0,0.0,0.0,False,False,False
2021-10-29,2021-11-01,2021-10-29,Extended Sentiment Contrarian,extended,-1.0,contrarian,O,RealEstate,0.0,0.09665936515321209,0.903340634846788,0.0,0.0,True,False,False
2021-10-29,2021-11-01,2021-10-29,Extended Sentiment Contrarian,extended,-1.0,contrarian,OXY,Energy,0.0043456929045424,2.2805364861042703,-1.2805364861042703,-0.005564818321670985,0.0,True,True,False
2021-10-29,2021-11-01,2021-10-29,Extended Sentiment Contrarian,extended,-1.0,contrarian,PLD,RealEstate,0.0,,1.0,0.0,0.0,False,False,False
2021-10-29,2021-11-01,2021-10-29,Extended Sentiment Contrarian,extended,-1.0,contrarian,PSA,RealEstate,0.1025345362618677,,1.0,0.1025345362618677,0.09886432117342112,False,False,False
2021-10-29,2021-11-01,2021-10-29,Extended Sentiment Contrarian,extended,-1.0,contrarian,QCOM,Tech,0.0,,1.0,0.0,0.0,False,False,False
2021-10-29,2021-11-01,2021-10-29,Extended Sentiment Contrarian,extended,-1.0,contrarian,SBUX,Consumer,0.0129599856959429,0.34394961603417407,0.6560503839658259,0.008502403592014951,0.008198060771642915,True,False,False
2021-10-29,2021-11-01,2021-10-29,Extended Sentiment Contrarian,extended,-1.0,contrarian,SHW,Materials,0.0,,1.0,0.0,0.0,False,False,False
2021-10-29,2021-11-01,2021-10-29,Extended Sentiment Contrarian,extended,-1.0,contrarian,SLB,Energy,0.0,-0.3444034379871939,1.3444034379871939,0.0,0.0,True,False,False
2021-10-29,2021-11-01,2021-10-29,Extended Sentiment Contrarian,extended,-1.0,contrarian,SO,Utilities,0.0,,1.0,0.0,0.0,False,False,False
2021-10-29,2021-11-01,2021-10-29,Extended Sentiment Contrarian,extended,-1.0,contrarian,T,Comm,0.1105291817066741,-0.5211175155476205,1.5211175155476204,0.1681278742731676,0.16210975117589355,True,False,False
2021-10-29,2021-11-01,2021-10-29,Extended Sentiment Contrarian,extended,-1.0,contrarian,TMUS,Comm,0.0008574545350995,,1.0,0.0008574545350995,0.0008267620222437168,False,False,False
2021-10-29,2021-11-01,2021-10-29,Extended Sentiment Contrarian,extended,-1.0,contrarian,TTWO,Comm,0.0269457869058212,0.018928665365927737,0.9810713346340723,0.026435739122459313,0.02548947406739834,True,False,False
2021-10-29,2021-11-01,2021-10-29,Extended Sentiment Contrarian,extended,-1.0,contrarian,UPS,Industrials,0.0076203147750571,-0.09876874486385417,1.0987687448638541,0.008372963700856972,0.008073254170485503,True,False,False
2021-10-29,2021-11-01,2021-10-29,Extended Sentiment Contrarian,extended,-1.0,contrarian,USB,Financials,0.0,,1.0,0.0,0.0,False,False,False
2021-10-29,2021-11-01,2021-10-29,Extended Sentiment Contrarian,extended,-1.0,contrarian,V,Financials,0.0,0.4770619456450451,0.5229380543549549,0.0,0.0,True,False,False
2021-10-29,2021-11-01,2021-10-29,Extended Sentiment Contrarian,extended,-1.0,contrarian,WFC,Financials,0.0,1.8873477399821401,-0.8873477399821401,-0.0,-0.0,True,False,False
2021-10-29,2021-11-01,2021-10-29,Extended Sentiment Contrarian,extended,-1.0,contrarian,WMT,Consumer,0.1069012596710434,-0.5174655972469467,1.5174655972469466,0.1622189838531708,0.15641236899074223,True,False,False
2021-10-29,2021-11-01,2021-10-29,Extended Sentiment Contrarian,extended,-1.0,contrarian,XOM,Energy,0.0,0.48780601300395704,0.512193986996043,0.0,0.0,True,False,False
2021-11-30,2021-12-01,2021-11-30,Extended Sentiment Contrarian,extended,-1.0,contrarian,ABBV,Healthcare,0.0311919914485535,,1.0,0.0311919914485535,0.025976529091020262,False,False,False
2021-11-30,2021-12-01,2021-11-30,Extended Sentiment Contrarian,extended,-1.0,contrarian,ABT,Healthcare,0.0781962047670666,0.5305796013444303,0.4694203986555697,0.03670689361510896,0.03056931108122891,True,False,False
2021-11-30,2021-12-01,2021-11-30,Extended Sentiment Contrarian,extended,-1.0,contrarian,ADBE,Tech,0.0,-3.7550848611165146,4.755084861116515,0.0,0.0,True,False,False
2021-11-30,2021-12-01,2021-11-30,Extended Sentiment Contrarian,extended,-1.0,contrarian,AEP,Utilities,0.0564457337643357,,1.0,0.0564457337643357,0.04700771502876414,False,False,False
2021-11-30,2021-12-01,2021-11-30,Extended Sentiment Contrarian,extended,-1.0,contrarian,AMD,Tech,0.025591075105492,-0.02795092494779623,1.0279509249477963,0.026306369325099024,0.021907808264811753,True,False,False
2021-11-30,2021-12-01,2021-11-30,Extended Sentiment Contrarian,extended,-1.0,contrarian,AMGN,Healthcare,0.0,-0.2089670974022859,1.208967097402286,0.0,0.0,True,False,False
2021-11-30,2021-12-01,2021-11-30,Extended Sentiment Contrarian,extended,-1.0,contrarian,AMT,RealEstate,0.0,-0.4512378394312352,1.451237839431235,0.0,0.0,True,False,False
2021-11-30,2021-12-01,2021-11-30,Extended Sentiment Contrarian,extended,-1.0,contrarian,BA,Industrials,0.0,,1.0,0.0,0.0,False,False,False
2021-11-30,2021-12-01,2021-11-30,Extended Sentiment Contrarian,extended,-1.0,contrarian,CAT,Industrials,0.0,,1.0,0.0,0.0,False,False,False
2021-11-30,2021-12-01,2021-11-30,Extended Sentiment Contrarian,extended,-1.0,contrarian,CCI,RealEstate,0.0004490117140403,-0.6778470594338638,1.677847059433864,0.0007533729840538763,0.000627405123168941,True,False,False
2021-11-30,2021-12-01,2021-11-30,Extended Sentiment Contrarian,extended,-1.0,contrarian,CMCSA,Comm,0.0,1.9568154209808206,-0.9568154209808206,-0.0,-0.0,True,False,False
2021-11-30,2021-12-01,2021-11-30,Extended Sentiment Contrarian,extended,-1.0,contrarian,COP,Energy,0.0119289067124564,,1.0,0.0119289067124564,0.009934331789981323,False,False,False
2021-11-30,2021-12-01,2021-11-30,Extended Sentiment Contrarian,extended,-1.0,contrarian,CVX,Energy,0.0143728844133682,-1.0536563075533965,2.0536563075533962,0.0295169647332495,0.02458157550910178,True,False,False
2021-11-30,2021-12-01,2021-11-30,Extended Sentiment Contrarian,extended,-1.0,contrarian,D,Utilities,0.0,-0.33035299639607296,1.330352996396073,0.0,0.0,True,False,False
2021-11-30,2021-12-01,2021-11-30,Extended Sentiment Contrarian,extended,-1.0,contrarian,DD,Materials,0.0,,1.0,0.0,0.0,False,False,False
2021-11-30,2021-12-01,2021-11-30,Extended Sentiment Contrarian,extended,-1.0,contrarian,DIS,Consumer,0.0049595197261634,1.1820807861209748,-0.18208078612097478,-0.0009030332505223134,0.0,True,True,False
2021-11-30,2021-12-01,2021-11-30,Extended Sentiment Contrarian,extended,-1.0,contrarian,DOW,Materials,0.0,-0.09859392672272133,1.0985939267227214,0.0,0.0,True,False,False
2021-11-30,2021-12-01,2021-11-30,Extended Sentiment Contrarian,extended,-1.0,contrarian,DUK,Utilities,0.065567119763145,,1.0,0.065567119763145,0.05460395809452975,False,False,False
2021-11-30,2021-12-01,2021-11-30,Extended Sentiment Contrarian,extended,-1.0,contrarian,EA,Comm,0.0680995450540984,,1.0,0.0680995450540984,0.05671294877406962,False,False,False
2021-11-30,2021-12-01,2021-11-30,Extended Sentiment Contrarian,extended,-1.0,contrarian,GE,Industrials,0.0,-0.2708624623526617,1.2708624623526616,0.0,0.0,True,False,False
2021-11-30,2021-12-01,2021-11-30,Extended Sentiment Contrarian,extended,-1.0,contrarian,GILD,Healthcare,0.0393472756072492,,1.0,0.0393472756072492,0.032768207542949304,False,False,False
2021-11-30,2021-12-01,2021-11-30,Extended Sentiment Contrarian,extended,-1.0,contrarian,GS,Financials,0.0515811814489076,0.12228386796462233,0.8777161320353777,0.04527363506715016,0.03770364903817642,True,False,False
2021-11-30,2021-12-01,2021-11-30,Extended Sentiment Contrarian,extended,-1.0,contrarian,INTC,Tech,0.0065080526653956,0.5520410458261246,0.44795895417387543,0.0029153404656991153,0.0024278804558653328,True,False,False
2021-11-30,2021-12-01,2021-11-30,Extended Sentiment Contrarian,extended,-1.0,contrarian,KO,Consumer,0.0328361888167695,-0.44428682040037204,1.444286820400372,0.04742487474023828,0.039495190307412116,True,False,False
2021-11-30,2021-12-01,2021-11-30,Extended Sentiment Contrarian,extended,-1.0,contrarian,MMM,Industrials,0.0633040981488262,-0.24496546197008617,1.2449654619700863,0.0788114157964531,0.06563373930509324,True,False,False
2021-11-30,2021-12-01,2021-11-30,Extended Sentiment Contrarian,extended,-1.0,contrarian,MRK,Healthcare,0.0331887012978593,0.3726624684170992,0.6273375315829008,0.02082051794864127,0.017339219622287717,True,False,False
2021-11-30,2021-12-01,2021-11-30,Extended Sentiment Contrarian,extended,-1.0,contrarian,MS,Financials,0.0,-0.41364253433665216,1.413642534336652,0.0,0.0,True,False,False
2021-11-30,2021-12-01,2021-11-30,Extended Sentiment Contrarian,extended,-1.0,contrarian,NEE,Utilities,0.0,-0.322992015305417,1.322992015305417,0.0,0.0,True,False,False
2021-11-30,2021-12-01,2021-11-30,Extended Sentiment Contrarian,extended,-1.0,contrarian,NEM,Materials,0.0144339967493738,,1.0,0.0144339967493738,0.012020557811392584,False,False,False
2021-11-30,2021-12-01,2021-11-30,Extended Sentiment Contrarian,extended,-1.0,contrarian,NKE,Consumer,0.0007979193547045,0.6623428270388314,0.3376571729611686,0.0002694231935605214,0.00022437424160184636,True,False,False
2021-11-30,2021-12-01,2021-11-30,Extended Sentiment Contrarian,extended,-1.0,contrarian,NUE,Materials,0.0,,1.0,0.0,0.0,False,False,False
2021-11-30,2021-12-01,2021-11-30,Extended Sentiment Contrarian,extended,-1.0,contrarian,NVDA,Tech,0.0,-0.24126861365855962,1.2412686136585596,0.0,0.0,True,False,False
2021-11-30,2021-12-01,2021-11-30,Extended Sentiment Contrarian,extended,-1.0,contrarian,O,RealEstate,0.0040974440594591,-0.7150178774942163,1.7150178774942164,0.007027189814004832,0.005852207318429585,True,False,False
2021-11-30,2021-12-01,2021-11-30,Extended Sentiment Contrarian,extended,-1.0,contrarian,OXY,Energy,0.0,-2.776362447199185,3.776362447199185,0.0,0.0,True,False,False
2021-11-30,2021-12-01,2021-11-30,Extended Sentiment Contrarian,extended,-1.0,contrarian,PLD,RealEstate,0.0,-0.20698433724295348,1.2069843372429534,0.0,0.0,True,False,False
2021-11-30,2021-12-01,2021-11-30,Extended Sentiment Contrarian,extended,-1.0,contrarian,PSA,RealEstate,0.1270934868077994,,1.0,0.1270934868077994,0.10584279823195139,False,False,False
2021-11-30,2021-12-01,2021-11-30,Extended Sentiment Contrarian,extended,-1.0,contrarian,QCOM,Tech,0.0,0.36684562185369723,0.6331543781463027,0.0,0.0,True,False,False
2021-11-30,2021-12-01,2021-11-30,Extended Sentiment Contrarian,extended,-1.0,contrarian,SBUX,Consumer,0.0119212227210704,,1.0,0.0119212227210704,0.009927932601712026,False,False,False
2021-11-30,2021-12-01,2021-11-30,Extended Sentiment Contrarian,extended,-1.0,contrarian,SHW,Materials,0.0273266329990524,-0.13772745436870426,1.1377274543687044,0.03109026059847972,0.025891808165434144,True,False,False
2021-11-30,2021-12-01,2021-11-30,Extended Sentiment Contrarian,extended,-1.0,contrarian,SLB,Energy,0.0,1.1795808373593897,-0.17958083735938968,-0.0,-0.0,True,False,False
2021-11-30,2021-12-01,2021-11-30,Extended Sentiment Contrarian,extended,-1.0,contrarian,SO,Utilities,0.0085632755899585,,1.0,0.0085632755899585,0.007131451604937406,False,False,False
2021-11-30,2021-12-01,2021-11-30,Extended Sentiment Contrarian,extended,-1.0,contrarian,T,Comm,0.0883032654229113,-0.6690976558639365,1.6690976558639365,0.14738677332251224,0.12274294224395847,True,False,False
2021-11-30,2021-12-01,2021-11-30,Extended Sentiment Contrarian,extended,-1.0,contrarian,TMUS,Comm,0.0,-1.814489316714896,2.814489316714896,0.0,0.0,True,False,False
2021-11-30,2021-12-01,2021-11-30,Extended Sentiment Contrarian,extended,-1.0,contrarian,TTWO,Comm,0.0215730761085101,,1.0,0.0215730761085101,0.01796594616409125,False,False,False
2021-11-30,2021-12-01,2021-11-30,Extended Sentiment Contrarian,extended,-1.0,contrarian,UPS,Industrials,0.0004038970392566,,1.0,0.0004038970392566,0.00033636336452998655,False,False,False
2021-11-30,2021-12-01,2021-11-30,Extended Sentiment Contrarian,extended,-1.0,contrarian,USB,Financials,0.0,,1.0,0.0,0.0,False,False,False
2021-11-30,2021-12-01,2021-11-30,Extended Sentiment Contrarian,extended,-1.0,contrarian,V,Financials,0.0,-0.24853458494235225,1.2485345849423521,0.0,0.0,True,False,False
2021-11-30,2021-12-01,2021-11-30,Extended Sentiment Contrarian,extended,-1.0,contrarian,WFC,Financials,0.0,0.2993023716959768,0.7006976283040232,0.0,0.0,True,False,False
2021-11-30,2021-12-01,2021-11-30,Extended Sentiment Contrarian,extended,-1.0,contrarian,WMT,Consumer,0.1119182926941755,-1.4116110648073374,2.4116110648073374,0.26990339301561983,0.22477414922350078,True,False,False
2021-11-30,2021-12-01,2021-11-30,Extended Sentiment Contrarian,extended,-1.0,contrarian,XOM,Energy,0.0,-0.08772873472473032,1.0877287347247304,0.0,0.0,True,False,False
2021-12-31,2022-01-03,2021-12-31,Extended Sentiment Contrarian,extended,-1.0,contrarian,ABBV,Healthcare,0.0217934685476679,-0.23132054269083527,1.2313205426908354,0.02683474551923009,0.0229302727668119,True,False,False
2021-12-31,2022-01-03,2021-12-31,Extended Sentiment Contrarian,extended,-1.0,contrarian,ABT,Healthcare,0.0692230278734143,2.6301773120689464,-1.6301773120689464,-0.11284580951195629,0.0,True,True,False
2021-12-31,2022-01-03,2021-12-31,Extended Sentiment Contrarian,extended,-1.0,contrarian,ADBE,Tech,0.0112265034670803,-0.4880931633419886,1.4880931633419885,0.016706083057597326,0.01427533721537272,True,False,False
2021-12-31,2022-01-03,2021-12-31,Extended Sentiment Contrarian,extended,-1.0,contrarian,AEP,Utilities,0.0557861080938168,-0.2784305203911193,1.2784305203911193,0.07131866320097345,0.06094175178187534,True,False,False
2021-12-31,2022-01-03,2021-12-31,Extended Sentiment Contrarian,extended,-1.0,contrarian,AMD,Tech,0.0225380365559304,-0.5650920834515104,1.5650920834515105,0.03527410259022742,0.030141697949726903,True,False,False
2021-12-31,2022-01-03,2021-12-31,Extended Sentiment Contrarian,extended,-1.0,contrarian,AMGN,Healthcare,0.0,-0.23374298296133933,1.2337429829613393,0.0,0.0,True,False,False
2021-12-31,2022-01-03,2021-12-31,Extended Sentiment Contrarian,extended,-1.0,contrarian,AMT,RealEstate,0.0,,1.0,0.0,0.0,False,False,False
2021-12-31,2022-01-03,2021-12-31,Extended Sentiment Contrarian,extended,-1.0,contrarian,BA,Industrials,0.0,-0.07499342843016613,1.074993428430166,0.0,0.0,True,False,False
2021-12-31,2022-01-03,2021-12-31,Extended Sentiment Contrarian,extended,-1.0,contrarian,CAT,Industrials,0.0,,1.0,0.0,0.0,False,False,False
2021-12-31,2022-01-03,2021-12-31,Extended Sentiment Contrarian,extended,-1.0,contrarian,CCI,RealEstate,0.0,4.0685110436697345,-3.0685110436697345,-0.0,-0.0,True,False,False
2021-12-31,2022-01-03,2021-12-31,Extended Sentiment Contrarian,extended,-1.0,contrarian,CMCSA,Comm,0.0,-0.2006791702382453,1.2006791702382453,0.0,0.0,True,False,False
2021-12-31,2022-01-03,2021-12-31,Extended Sentiment Contrarian,extended,-1.0,contrarian,COP,Energy,0.0,1.5930148630993044,-0.5930148630993044,-0.0,-0.0,True,False,False
2021-12-31,2022-01-03,2021-12-31,Extended Sentiment Contrarian,extended,-1.0,contrarian,CVX,Energy,0.0180819958759964,-1.3390868126096593,2.3390868126096596,0.04229535809920543,0.03614135626103723,True,False,False
2021-12-31,2022-01-03,2021-12-31,Extended Sentiment Contrarian,extended,-1.0,contrarian,D,Utilities,0.0,-0.2502019189602619,1.2502019189602618,0.0,0.0,True,False,False
2021-12-31,2022-01-03,2021-12-31,Extended Sentiment Contrarian,extended,-1.0,contrarian,DD,Materials,0.0,,1.0,0.0,0.0,False,False,False
2021-12-31,2022-01-03,2021-12-31,Extended Sentiment Contrarian,extended,-1.0,contrarian,DIS,Consumer,0.0247836087660617,-0.5806616744586045,1.5806616744586046,0.039174500531290034,0.03347458547882926,True,False,False
2021-12-31,2022-01-03,2021-12-31,Extended Sentiment Contrarian,extended,-1.0,contrarian,DOW,Materials,0.0,,1.0,0.0,0.0,False,False,False
2021-12-31,2022-01-03,2021-12-31,Extended Sentiment Contrarian,extended,-1.0,contrarian,DUK,Utilities,0.0722160530357568,,1.0,0.0722160530357568,0.06170857081785242,False,False,False
2021-12-31,2022-01-03,2021-12-31,Extended Sentiment Contrarian,extended,-1.0,contrarian,EA,Comm,0.0597715538411404,,1.0,0.0597715538411404,0.05107475426928721,False,False,False
2021-12-31,2022-01-03,2021-12-31,Extended Sentiment Contrarian,extended,-1.0,contrarian,GE,Industrials,0.0,3.0113696322149726,-2.0113696322149726,-0.0,-0.0,True,False,False
2021-12-31,2022-01-03,2021-12-31,Extended Sentiment Contrarian,extended,-1.0,contrarian,GILD,Healthcare,0.0695132888246081,-0.31003520908574805,1.310035209085748,0.09106485585958346,0.07781486069373271,True,False,False
2021-12-31,2022-01-03,2021-12-31,Extended Sentiment Contrarian,extended,-1.0,contrarian,GS,Financials,0.0446539727953807,-0.37793948042776115,1.3779394804277612,0.061530472072702264,0.05257774876555807,True,False,False
2021-12-31,2022-01-03,2021-12-31,Extended Sentiment Contrarian,extended,-1.0,contrarian,INTC,Tech,0.0077571405407569,0.10285623893573663,0.8971437610642634,0.006959270239838719,0.005946691938744225,True,False,False
2021-12-31,2022-01-03,2021-12-31,Extended Sentiment Contrarian,extended,-1.0,contrarian,KO,Consumer,0.0243479356344396,-0.45495967081943783,1.454959670819438,0.0354252644158171,0.0302708656323575,True,False,False
2021-12-31,2022-01-03,2021-12-31,Extended Sentiment Contrarian,extended,-1.0,contrarian,MMM,Industrials,0.0763027279145567,,1.0,0.0763027279145567,0.06520063187030425,False,False,False
2021-12-31,2022-01-03,2021-12-31,Extended Sentiment Contrarian,extended,-1.0,contrarian,MRK,Healthcare,0.0484527153719486,,1.0,0.0484527153719486,0.04140281408576434,False,False,False
2021-12-31,2022-01-03,2021-12-31,Extended Sentiment Contrarian,extended,-1.0,contrarian,MS,Financials,0.0,1.4531592528208708,-0.4531592528208708,-0.0,-0.0,True,False,False
2021-12-31,2022-01-03,2021-12-31,Extended Sentiment Contrarian,extended,-1.0,contrarian,NEE,Utilities,0.0,,1.0,0.0,0.0,False,False,False
2021-12-31,2022-01-03,2021-12-31,Extended Sentiment Contrarian,extended,-1.0,contrarian,NEM,Materials,0.0140423458400766,,1.0,0.0140423458400766,0.01199917547822906,False,False,False
2021-12-31,2022-01-03,2021-12-31,Extended Sentiment Contrarian,extended,-1.0,contrarian,NKE,Consumer,0.0091522539992574,0.3221219542538314,0.6778780457461686,0.006204112055189163,0.005301409756220974,True,False,False
2021-12-31,2022-01-03,2021-12-31,Extended Sentiment Contrarian,extended,-1.0,contrarian,NUE,Materials,0.0,,1.0,0.0,0.0,False,False,False
2021-12-31,2022-01-03,2021-12-31,Extended Sentiment Contrarian,extended,-1.0,contrarian,NVDA,Tech,0.0,0.3926843428962727,0.6073156571037273,0.0,0.0,True,False,False
2021-12-31,2022-01-03,2021-12-31,Extended Sentiment Contrarian,extended,-1.0,contrarian,O,RealEstate,0.0063758227188533,,1.0,0.0063758227188533,0.005448136407754428,False,False,False
2021-12-31,2022-01-03,2021-12-31,Extended Sentiment Contrarian,extended,-1.0,contrarian,OXY,Energy,0.0038461037199186,,1.0,0.0038461037199186,0.00328649315209581,False,False,False
2021-12-31,2022-01-03,2021-12-31,Extended Sentiment Contrarian,extended,-1.0,contrarian,PLD,RealEstate,0.0,,1.0,0.0,0.0,False,False,False
2021-12-31,2022-01-03,2021-12-31,Extended Sentiment Contrarian,extended,-1.0,contrarian,PSA,RealEstate,0.1145158308220332,-0.7753290519880098,1.7753290519880098,0.20330328137089954,0.17372252302083263,True,False,False
2021-12-31,2022-01-03,2021-12-31,Extended Sentiment Contrarian,extended,-1.0,contrarian,QCOM,Tech,0.0,1.9133148111124259,-0.9133148111124259,-0.0,-0.0,True,False,False
2021-12-31,2022-01-03,2021-12-31,Extended Sentiment Contrarian,extended,-1.0,contrarian,SBUX,Consumer,0.0,-0.42790819036260913,1.4279081903626092,0.0,0.0,True,False,False
2021-12-31,2022-01-03,2021-12-31,Extended Sentiment Contrarian,extended,-1.0,contrarian,SHW,Materials,0.0075112037454709,,1.0,0.0075112037454709,0.0064183187639071165,False,False,False
2021-12-31,2022-01-03,2021-12-31,Extended Sentiment Contrarian,extended,-1.0,contrarian,SLB,Energy,0.0,,1.0,0.0,0.0,False,False,False
2021-12-31,2022-01-03,2021-12-31,Extended Sentiment Contrarian,extended,-1.0,contrarian,SO,Utilities,0.0080210256666577,,1.0,0.0080210256666577,0.00685396126727783,False,False,False
2021-12-31,2022-01-03,2021-12-31,Extended Sentiment Contrarian,extended,-1.0,contrarian,T,Comm,0.0734324448923609,1.1515781656409163,-0.1515781656409163,-0.01113075529531174,0.0,True,True,False
2021-12-31,2022-01-03,2021-12-31,Extended Sentiment Contrarian,extended,-1.0,contrarian,TMUS,Comm,0.0,-0.44700275464466654,1.4470027546446667,0.0,0.0,True,False,False
2021-12-31,2022-01-03,2021-12-31,Extended Sentiment Contrarian,extended,-1.0,contrarian,TTWO,Comm,0.0193739314385899,,1.0,0.0193739314385899,0.016555011939055824,False,False,False
2021-12-31,2022-01-03,2021-12-31,Extended Sentiment Contrarian,extended,-1.0,contrarian,UPS,Industrials,0.0034023877746899,,1.0,0.0034023877746899,0.00290733816261448,False,False,False
2021-12-31,2022-01-03,2021-12-31,Extended Sentiment Contrarian,extended,-1.0,contrarian,USB,Financials,0.0,-0.24814031860032618,1.2481403186003261,0.0,0.0,True,False,False
2021-12-31,2022-01-03,2021-12-31,Extended Sentiment Contrarian,extended,-1.0,contrarian,V,Financials,0.0,0.18473861225586102,0.815261387744139,0.0,0.0,True,False,False
2021-12-31,2022-01-03,2021-12-31,Extended Sentiment Contrarian,extended,-1.0,contrarian,WFC,Financials,0.0,-0.5326858713795127,1.5326858713795128,0.0,0.0,True,False,False
2021-12-31,2022-01-03,2021-12-31,Extended Sentiment Contrarian,extended,-1.0,contrarian,WMT,Consumer,0.1138785122435349,-0.8868293252978565,1.8868293252978565,0.21486931642239265,0.1836056925247577,True,False,False
2021-12-31,2022-01-03,2021-12-31,Extended Sentiment Contrarian,extended,-1.0,contrarian,XOM,Energy,0.0,0.8954022552723924,0.10459774472760763,0.0,0.0,True,False,False
2022-01-31,2022-02-01,2022-01-31,Extended Sentiment Contrarian,extended,-1.0,contrarian,ABBV,Healthcare,0.0475046547633873,0.46378142384002213,0.5362185761599778,0.025472878338194845,0.025074303150325904,True,False,False
2022-01-31,2022-02-01,2022-01-31,Extended Sentiment Contrarian,extended,-1.0,contrarian,ABT,Healthcare,0.0358372753500879,-0.4803891105404983,1.4803891105404983,0.053053112179711544,0.05222298792467774,True,False,False
2022-01-31,2022-02-01,2022-01-31,Extended Sentiment Contrarian,extended,-1.0,contrarian,ADBE,Tech,0.0067106819425568,-0.5179765220296779,1.517976522029678,0.010186657635609735,0.010027266579484686,True,False,False
2022-01-31,2022-02-01,2022-01-31,Extended Sentiment Contrarian,extended,-1.0,contrarian,AEP,Utilities,0.0352205219571152,,1.0,0.0352205219571152,0.0346694249837178,False,False,False
2022-01-31,2022-02-01,2022-01-31,Extended Sentiment Contrarian,extended,-1.0,contrarian,AMD,Tech,0.0086838789251392,0.30965270288135455,0.6903472971186455,0.005994892344475416,0.005901090014376323,True,False,False
2022-01-31,2022-02-01,2022-01-31,Extended Sentiment Contrarian,extended,-1.0,contrarian,AMGN,Healthcare,0.0,-0.14506957953474983,1.1450695795347499,0.0,0.0,True,False,False
2022-01-31,2022-02-01,2022-01-31,Extended Sentiment Contrarian,extended,-1.0,contrarian,AMT,RealEstate,0.0,0.6543476173556141,0.3456523826443859,0.0,0.0,True,False,False
2022-01-31,2022-02-01,2022-01-31,Extended Sentiment Contrarian,extended,-1.0,contrarian,BA,Industrials,0.0,-0.22933662291908863,1.2293366229190887,0.0,0.0,True,False,False
2022-01-31,2022-02-01,2022-01-31,Extended Sentiment Contrarian,extended,-1.0,contrarian,CAT,Industrials,0.0164324404039338,-0.21449871720712385,1.2144987172071238,0.01995717779116011,0.019644906999385533,True,False,False
2022-01-31,2022-02-01,2022-01-31,Extended Sentiment Contrarian,extended,-1.0,contrarian,CCI,RealEstate,0.0,0.5776003044333898,0.42239969556661017,0.0,0.0,True,False,False
2022-01-31,2022-02-01,2022-01-31,Extended Sentiment Contrarian,extended,-1.0,contrarian,CMCSA,Comm,0.0,-0.1811388711501315,1.1811388711501314,0.0,0.0,True,False,False
2022-01-31,2022-02-01,2022-01-31,Extended Sentiment Contrarian,extended,-1.0,contrarian,COP,Energy,0.0,0.9981503322060887,0.0018496677939112693,0.0,0.0,True,False,False
2022-01-31,2022-02-01,2022-01-31,Extended Sentiment Contrarian,extended,-1.0,contrarian,CVX,Energy,0.0763025010857808,0.17403035812131173,0.8259696418786883,0.06302354949627058,0.06203741739344581,True,False,False
2022-01-31,2022-02-01,2022-01-31,Extended Sentiment Contrarian,extended,-1.0,contrarian,D,Utilities,0.0,-0.3804292048411606,1.3804292048411606,0.0,0.0,True,False,False
2022-01-31,2022-02-01,2022-01-31,Extended Sentiment Contrarian,extended,-1.0,contrarian,DD,Materials,0.0,-1.9391758910961487,2.9391758910961485,0.0,0.0,True,False,False
2022-01-31,2022-02-01,2022-01-31,Extended Sentiment Contrarian,extended,-1.0,contrarian,DIS,Consumer,0.0146850367129432,0.27078106484447434,0.7292189351555256,0.01070860683453224,0.010541048817561363,True,False,False
2022-01-31,2022-02-01,2022-01-31,Extended Sentiment Contrarian,extended,-1.0,contrarian,DOW,Materials,0.0,-0.18024963680100603,1.180249636801006,0.0,0.0,True,False,False
2022-01-31,2022-02-01,2022-01-31,Extended Sentiment Contrarian,extended,-1.0,contrarian,DUK,Utilities,0.05556404980457,-0.12042820112801927,1.1204282011280193,0.062255528369922035,0.06128141352563623,True,False,False
2022-01-31,2022-02-01,2022-01-31,Extended Sentiment Contrarian,extended,-1.0,contrarian,EA,Comm,0.0632771568362254,-0.04789589080687352,1.0478958908068736,0.06630787263062267,0.06527035058697861,True,False,False
2022-01-31,2022-02-01,2022-01-31,Extended Sentiment Contrarian,extended,-1.0,contrarian,GE,Industrials,0.0,-0.2504997359723218,1.2504997359723218,0.0,0.0,True,False,False
2022-01-31,2022-02-01,2022-01-31,Extended Sentiment Contrarian,extended,-1.0,contrarian,GILD,Healthcare,0.0683362615796874,0.10210341960729849,0.8978965803927015,0.061358895589222466,0.06039881039538574,True,False,False
2022-01-31,2022-02-01,2022-01-31,Extended Sentiment Contrarian,extended,-1.0,contrarian,GS,Financials,0.0023730063121647,-0.42052270593848706,1.420522705938487,0.0033709093477653097,0.003318164588859907,True,False,False
2022-01-31,2022-02-01,2022-01-31,Extended Sentiment Contrarian,extended,-1.0,contrarian,INTC,Tech,0.0137280704357672,1.1727216954137483,-0.17272169541374827,-0.0023711356004250646,0.0,True,True,False
2022-01-31,2022-02-01,2022-01-31,Extended Sentiment Contrarian,extended,-1.0,contrarian,KO,Consumer,0.0293165728989818,1.0679175020971212,-0.06791750209712122,-0.0019911084013470035,0.0,True,True,False
2022-01-31,2022-02-01,2022-01-31,Extended Sentiment Contrarian,extended,-1.0,contrarian,MMM,Industrials,0.0173504507702577,-0.3158101317836578,1.3158101317836577,0.02282989891451865,0.022472678535727014,True,False,False
2022-01-31,2022-02-01,2022-01-31,Extended Sentiment Contrarian,extended,-1.0,contrarian,MRK,Healthcare,0.0628438753010418,-0.43098709432444593,1.430987094324446,0.08992877451312563,0.0885216552343181,True,False,False
2022-01-31,2022-02-01,2022-01-31,Extended Sentiment Contrarian,extended,-1.0,contrarian,MS,Financials,0.021323997109061,-0.46747676551453604,1.467476765514536,0.03129247030544615,0.030802835719778814,True,False,False
2022-01-31,2022-02-01,2022-01-31,Extended Sentiment Contrarian,extended,-1.0,contrarian,NEE,Utilities,0.0,-0.06695821241795322,1.0669582124179533,0.0,0.0,True,False,False
2022-01-31,2022-02-01,2022-01-31,Extended Sentiment Contrarian,extended,-1.0,contrarian,NEM,Materials,0.012808573079426,,1.0,0.012808573079426,0.01260815680319347,False,False,False
2022-01-31,2022-02-01,2022-01-31,Extended Sentiment Contrarian,extended,-1.0,contrarian,NKE,Consumer,0.0173917696157133,-0.2796071368626722,1.2796071368626722,0.022254632522938116,0.02190641336132558,True,False,False
2022-01-31,2022-02-01,2022-01-31,Extended Sentiment Contrarian,extended,-1.0,contrarian,NUE,Materials,0.0,-0.23862888527642526,1.2386288852764253,0.0,0.0,True,False,False
2022-01-31,2022-02-01,2022-01-31,Extended Sentiment Contrarian,extended,-1.0,contrarian,NVDA,Tech,0.0,0.08653607412034181,0.9134639258796582,0.0,0.0,True,False,False
2022-01-31,2022-02-01,2022-01-31,Extended Sentiment Contrarian,extended,-1.0,contrarian,O,RealEstate,0.0080700169762568,-0.45714189740035244,1.4571418974003525,0.011759159848835889,0.011575163785112577,True,False,False
2022-01-31,2022-02-01,2022-01-31,Extended Sentiment Contrarian,extended,-1.0,contrarian,OXY,Energy,0.0,0.6717510355220415,0.3282489644779585,0.0,0.0,True,False,False
2022-01-31,2022-02-01,2022-01-31,Extended Sentiment Contrarian,extended,-1.0,contrarian,PLD,RealEstate,0.0,-2.1136892846606465,3.1136892846606465,0.0,0.0,True,False,False
2022-01-31,2022-02-01,2022-01-31,Extended Sentiment Contrarian,extended,-1.0,contrarian,PSA,RealEstate,0.1047166216990264,-1.832824160274763,2.832824160274763,0.2966437759313545,0.2920021784191995,True,False,False
2022-01-31,2022-02-01,2022-01-31,Extended Sentiment Contrarian,extended,-1.0,contrarian,QCOM,Tech,0.0,0.8520572052444121,0.14794279475558791,0.0,0.0,True,False,False
2022-01-31,2022-02-01,2022-01-31,Extended Sentiment Contrarian,extended,-1.0,contrarian,SBUX,Consumer,0.0244740676232123,-0.025159821150660115,1.02515982115066,0.02508983078744148,0.024697249160546577,True,False,False
2022-01-31,2022-02-01,2022-01-31,Extended Sentiment Contrarian,extended,-1.0,contrarian,SHW,Materials,0.0113838259070828,,1.0,0.0113838259070828,0.01120570270917236,False,False,False
2022-01-31,2022-02-01,2022-01-31,Extended Sentiment Contrarian,extended,-1.0,contrarian,SLB,Energy,0.0,-0.4171624659889112,1.4171624659889113,0.0,0.0,True,False,False
2022-01-31,2022-02-01,2022-01-31,Extended Sentiment Contrarian,extended,-1.0,contrarian,SO,Utilities,0.1087508782702073,0.7887460507164401,0.2112539492835599,0.022974052522636967,0.02261457656633756,True,False,False
2022-01-31,2022-02-01,2022-01-31,Extended Sentiment Contrarian,extended,-1.0,contrarian,T,Comm,0.0090918080304907,-0.48496081816111875,1.4849608181611187,0.013500978691521299,0.013289728315849422,True,False,False
2022-01-31,2022-02-01,2022-01-31,Extended Sentiment Contrarian,extended,-1.0,contrarian,TMUS,Comm,0.0,0.4896416331664737,0.5103583668335263,0.0,0.0,True,False,False
2022-01-31,2022-02-01,2022-01-31,Extended Sentiment Contrarian,extended,-1.0,contrarian,TTWO,Comm,0.0313420280996543,-0.15576032569748477,1.1557603256974849,0.036223872604476175,0.035657076161727065,True,False,False
2022-01-31,2022-02-01,2022-01-31,Extended Sentiment Contrarian,extended,-1.0,contrarian,UPS,Industrials,0.002394505662122,0.04142420874159485,0.9585757912584052,0.0022953151597413274,0.002259400267876101,True,False,False
2022-01-31,2022-02-01,2022-01-31,Extended Sentiment Contrarian,extended,-1.0,contrarian,USB,Financials,0.0,-0.3802406594351407,1.3802406594351406,0.0,0.0,True,False,False
2022-01-31,2022-02-01,2022-01-31,Extended Sentiment Contrarian,extended,-1.0,contrarian,V,Financials,0.0,-0.025956270141886808,1.0259562701418867,0.0,0.0,True,False,False
2022-01-31,2022-02-01,2022-01-31,Extended Sentiment Contrarian,extended,-1.0,contrarian,WFC,Financials,0.0,0.8679554736375759,0.13204452636242414,0.0,0.0,True,False,False
2022-01-31,2022-02-01,2022-01-31,Extended Sentiment Contrarian,extended,-1.0,contrarian,WMT,Consumer,0.0940854728481054,1.0971145793379735,-0.09711457933797352,-0.009137071117458085,0.0,True,True,False
2022-01-31,2022-02-01,2022-01-31,Extended Sentiment Contrarian,extended,-1.0,contrarian,XOM,Energy,0.0,1.0123088069780686,-0.012308806978068576,-0.0,-0.0,True,False,False
2022-02-28,2022-03-01,2022-02-28,Extended Sentiment Contrarian,extended,-1.0,contrarian,ABBV,Healthcare,0.0345032180960608,-0.5948608006311682,1.5948608006311682,0.05502783003703534,0.05397490235090546,True,False,False
2022-02-28,2022-03-01,2022-02-28,Extended Sentiment Contrarian,extended,-1.0,contrarian,ABT,Healthcare,0.012887117847273,-0.02025880534708618,1.0202588053470862,0.013148195459225865,0.012896611869388713,True,False,False
2022-02-28,2022-03-01,2022-02-28,Extended Sentiment Contrarian,extended,-1.0,contrarian,ADBE,Tech,0.0101723166530344,-0.35585111254935153,1.3558511125493515,0.013792146851220988,0.013528241600713278,True,False,False
2022-02-28,2022-03-01,2022-02-28,Extended Sentiment Contrarian,extended,-1.0,contrarian,AEP,Utilities,0.0415603801927616,,1.0,0.0415603801927616,0.0407651448559949,False,False,False
2022-02-28,2022-03-01,2022-02-28,Extended Sentiment Contrarian,extended,-1.0,contrarian,AMD,Tech,0.0,-0.5271000787378065,1.5271000787378064,0.0,0.0,True,False,False
2022-02-28,2022-03-01,2022-02-28,Extended Sentiment Contrarian,extended,-1.0,contrarian,AMGN,Healthcare,0.0,,1.0,0.0,0.0,False,False,False
2022-02-28,2022-03-01,2022-02-28,Extended Sentiment Contrarian,extended,-1.0,contrarian,AMT,RealEstate,0.0,,1.0,0.0,0.0,False,False,False
2022-02-28,2022-03-01,2022-02-28,Extended Sentiment Contrarian,extended,-1.0,contrarian,BA,Industrials,0.0,0.9852811368367985,0.014718863163201479,0.0,0.0,True,False,False
2022-02-28,2022-03-01,2022-02-28,Extended Sentiment Contrarian,extended,-1.0,contrarian,CAT,Industrials,0.0131981193532598,,1.0,0.0131981193532598,0.012945580496784069,False,False,False
2022-02-28,2022-03-01,2022-02-28,Extended Sentiment Contrarian,extended,-1.0,contrarian,CCI,RealEstate,0.0,,1.0,0.0,0.0,False,False,False
2022-02-28,2022-03-01,2022-02-28,Extended Sentiment Contrarian,extended,-1.0,contrarian,CMCSA,Comm,0.0,-0.6339164831256574,1.6339164831256574,0.0,0.0,True,False,False
2022-02-28,2022-03-01,2022-02-28,Extended Sentiment Contrarian,extended,-1.0,contrarian,COP,Energy,0.0,2.16267765198986,-1.1626776519898598,-0.0,-0.0,True,False,False
2022-02-28,2022-03-01,2022-02-28,Extended Sentiment Contrarian,extended,-1.0,contrarian,CVX,Energy,0.0585322243410972,-0.3485578211591071,1.3485578211591072,0.0789340889250261,0.0774237279394546,True,False,False
2022-02-28,2022-03-01,2022-02-28,Extended Sentiment Contrarian,extended,-1.0,contrarian,D,Utilities,0.0,-1.9398354903670019,2.9398354903670016,0.0,0.0,True,False,False
2022-02-28,2022-03-01,2022-02-28,Extended Sentiment Contrarian,extended,-1.0,contrarian,DD,Materials,0.0,,1.0,0.0,0.0,False,False,False
2022-02-28,2022-03-01,2022-02-28,Extended Sentiment Contrarian,extended,-1.0,contrarian,DIS,Consumer,0.0678171294892451,-0.6876666996385571,1.687666699638557,0.11445271110407494,0.11226272054487976,True,False,False
2022-02-28,2022-03-01,2022-02-28,Extended Sentiment Contrarian,extended,-1.0,contrarian,DOW,Materials,0.0,-0.17775850941764026,1.1777585094176404,0.0,0.0,True,False,False
2022-02-28,2022-03-01,2022-02-28,Extended Sentiment Contrarian,extended,-1.0,contrarian,DUK,Utilities,0.0037850044271799,,1.0,0.0037850044271799,0.003712580420076229,False,False,False
2022-02-28,2022-03-01,2022-02-28,Extended Sentiment Contrarian,extended,-1.0,contrarian,EA,Comm,0.0682595091109604,1.5502636492452413,-0.5502636492452413,-0.037560726579085865,0.0,True,True,False
2022-02-28,2022-03-01,2022-02-28,Extended Sentiment Contrarian,extended,-1.0,contrarian,GE,Industrials,0.0,-0.5676249293874268,1.567624929387427,0.0,0.0,True,False,False
2022-02-28,2022-03-01,2022-02-28,Extended Sentiment Contrarian,extended,-1.0,contrarian,GILD,Healthcare,0.1410576210889674,,1.0,0.1410576210889674,0.13835856000507168,False,False,False
2022-02-28,2022-03-01,2022-02-28,Extended Sentiment Contrarian,extended,-1.0,contrarian,GS,Financials,0.0011938543536069,-0.6565754752843326,1.6565754752843325,0.00197770984324662,0.0019398674379094581,True,False,False
2022-02-28,2022-03-01,2022-02-28,Extended Sentiment Contrarian,extended,-1.0,contrarian,INTC,Tech,8.433426530730637e-06,0.7293723473949467,0.2706276526050533,2.2823184254288104e-06,2.2386475000610287e-06,True,False,False
2022-02-28,2022-03-01,2022-02-28,Extended Sentiment Contrarian,extended,-1.0,contrarian,KO,Consumer,0.0896030426554059,-0.11425962832364975,1.1142596283236497,0.09984105300588071,0.09793064860048258,True,False,False
2022-02-28,2022-03-01,2022-02-28,Extended Sentiment Contrarian,extended,-1.0,contrarian,MMM,Industrials,0.0,-0.038648252219751454,1.0386482522197515,0.0,0.0,True,False,False
2022-02-28,2022-03-01,2022-02-28,Extended Sentiment Contrarian,extended,-1.0,contrarian,MRK,Healthcare,0.047387985385904,1.0141345624380553,-0.014134562438055331,-0.0006698084382507136,0.0,True,True,False
2022-02-28,2022-03-01,2022-02-28,Extended Sentiment Contrarian,extended,-1.0,contrarian,MS,Financials,0.0110293376663179,-0.8685235761959371,1.8685235761959371,0.020608577459340874,0.020214243505701637,True,False,False
2022-02-28,2022-03-01,2022-02-28,Extended Sentiment Contrarian,extended,-1.0,contrarian,NEE,Utilities,0.0,-0.4186974913914031,1.418697491391403,0.0,0.0,True,False,False
2022-02-28,2022-03-01,2022-02-28,Extended Sentiment Contrarian,extended,-1.0,contrarian,NEM,Materials,0.0215760434708887,,1.0,0.0215760434708887,0.021163197579775955,False,False,False
2022-02-28,2022-03-01,2022-02-28,Extended Sentiment Contrarian,extended,-1.0,contrarian,NKE,Consumer,0.0221084715965619,0.16684005014107842,0.8331599498589216,0.018419893086848906,0.018067438421752315,True,False,False
2022-02-28,2022-03-01,2022-02-28,Extended Sentiment Contrarian,extended,-1.0,contrarian,NUE,Materials,0.0,-1.9300038186372164,2.9300038186372164,0.0,0.0,True,False,False
2022-02-28,2022-03-01,2022-02-28,Extended Sentiment Contrarian,extended,-1.0,contrarian,NVDA,Tech,0.0,-0.4266191652892746,1.4266191652892746,0.0,0.0,True,False,False
2022-02-28,2022-03-01,2022-02-28,Extended Sentiment Contrarian,extended,-1.0,contrarian,O,RealEstate,0.0053457833962473,-0.6103300555166812,1.6103300555166813,0.00860847567325907,0.008443757159633336,True,False,False
2022-02-28,2022-03-01,2022-02-28,Extended Sentiment Contrarian,extended,-1.0,contrarian,OXY,Energy,0.0041983831756479,0.3214410179076613,0.6785589820923388,0.00284885061410124,0.002794339402533994,True,False,False
2022-02-28,2022-03-01,2022-02-28,Extended Sentiment Contrarian,extended,-1.0,contrarian,PLD,RealEstate,0.0,-0.0005306612009832368,1.0005306612009832,0.0,0.0,True,False,False
2022-02-28,2022-03-01,2022-02-28,Extended Sentiment Contrarian,extended,-1.0,contrarian,PSA,RealEstate,0.0696750059756487,-0.7002263955882919,1.700226395588292,0.11846328427256989,0.11619655357073204,True,False,False
2022-02-28,2022-03-01,2022-02-28,Extended Sentiment Contrarian,extended,-1.0,contrarian,QCOM,Tech,0.0,-0.46281855853260323,1.4628185585326032,0.0,0.0,True,False,False
2022-02-28,2022-03-01,2022-02-28,Extended Sentiment Contrarian,extended,-1.0,contrarian,SBUX,Consumer,0.0,0.22313483779099066,0.7768651622090094,0.0,0.0,True,False,False
2022-02-28,2022-03-01,2022-02-28,Extended Sentiment Contrarian,extended,-1.0,contrarian,SHW,Materials,0.0,-0.25988545589257445,1.2598854558925745,0.0,0.0,True,False,False
2022-02-28,2022-03-01,2022-02-28,Extended Sentiment Contrarian,extended,-1.0,contrarian,SLB,Energy,0.0,-0.41362674899501384,1.4136267489950138,0.0,0.0,True,False,False
2022-02-28,2022-03-01,2022-02-28,Extended Sentiment Contrarian,extended,-1.0,contrarian,SO,Utilities,0.09242384668802,1.1180928795939042,-0.11809287959390424,-0.010914598198533812,0.0,True,True,False
2022-02-28,2022-03-01,2022-02-28,Extended Sentiment Contrarian,extended,-1.0,contrarian,T,Comm,0.0,-0.8786323647755409,1.878632364775541,0.0,0.0,True,False,False
2022-02-28,2022-03-01,2022-02-28,Extended Sentiment Contrarian,extended,-1.0,contrarian,TMUS,Comm,0.0,-0.5132403964757087,1.5132403964757088,0.0,0.0,True,False,False
2022-02-28,2022-03-01,2022-02-28,Extended Sentiment Contrarian,extended,-1.0,contrarian,TTWO,Comm,0.0403854724570603,,1.0,0.0403854724570603,0.039612718342663,False,False,False
2022-02-28,2022-03-01,2022-02-28,Extended Sentiment Contrarian,extended,-1.0,contrarian,UPS,Industrials,0.0118631829869664,-0.9838990047742591,1.983899004774259,0.023535356921297566,0.023085020629848237,True,False,False
2022-02-28,2022-03-01,2022-02-28,Extended Sentiment Contrarian,extended,-1.0,contrarian,USB,Financials,0.0,,1.0,0.0,0.0,False,False,False
2022-02-28,2022-03-01,2022-02-28,Extended Sentiment Contrarian,extended,-1.0,contrarian,V,Financials,0.0,0.28127709585569505,0.718722904144305,0.0,0.0,True,False,False
2022-02-28,2022-03-01,2022-02-28,Extended Sentiment Contrarian,extended,-1.0,contrarian,WFC,Financials,0.0,-0.3315684990839766,1.3315684990839767,0.0,0.0,True,False,False
2022-02-28,2022-03-01,2022-02-28,Extended Sentiment Contrarian,extended,-1.0,contrarian,WMT,Consumer,0.1314285161653528,-0.43260105506452945,1.4326010550645294,0.18828463092404998,0.18468190661819875,True,False,False
2022-02-28,2022-03-01,2022-02-28,Extended Sentiment Contrarian,extended,-1.0,contrarian,XOM,Energy,0.0,-0.4435908581171602,1.4435908581171601,0.0,0.0,True,False,False
2022-03-31,2022-04-01,2022-03-31,Extended Sentiment Contrarian,extended,-1.0,contrarian,ABBV,Healthcare,0.0455119895922579,0.7889162632765362,0.2110837367234638,0.009606840828853191,0.010157718928517792,True,False,False
2022-03-31,2022-04-01,2022-03-31,Extended Sentiment Contrarian,extended,-1.0,contrarian,ABT,Healthcare,0.0,-0.4291303004428735,1.4291303004428735,0.0,0.0,True,False,False
2022-03-31,2022-04-01,2022-03-31,Extended Sentiment Contrarian,extended,-1.0,contrarian,ADBE,Tech,0.0106202261323621,0.2837446210747555,0.7162553789252445,0.0076067940927068,0.008042984964293298,True,False,False
2022-03-31,2022-04-01,2022-03-31,Extended Sentiment Contrarian,extended,-1.0,contrarian,AEP,Utilities,0.0119395258836568,-0.2993194911769568,1.2993194911769568,0.015513258696047059,0.016402824227768675,True,False,False
2022-03-31,2022-04-01,2022-03-31,Extended Sentiment Contrarian,extended,-1.0,contrarian,AMD,Tech,0.0028172180396562,-0.6379673218644953,1.6379673218644952,0.004614511087524009,0.004879117646960458,True,False,False
2022-03-31,2022-04-01,2022-03-31,Extended Sentiment Contrarian,extended,-1.0,contrarian,AMGN,Healthcare,0.0,,1.0,0.0,0.0,False,False,False
2022-03-31,2022-04-01,2022-03-31,Extended Sentiment Contrarian,extended,-1.0,contrarian,AMT,RealEstate,0.0,,1.0,0.0,0.0,False,False,False
2022-03-31,2022-04-01,2022-03-31,Extended Sentiment Contrarian,extended,-1.0,contrarian,BA,Industrials,0.0,-0.17102101295655395,1.171021012956554,0.0,0.0,True,False,False
2022-03-31,2022-04-01,2022-03-31,Extended Sentiment Contrarian,extended,-1.0,contrarian,CAT,Industrials,0.0280384007437498,1.345422161108461,-0.3454221611084609,-0.009685084978931134,0.0,True,True,False
2022-03-31,2022-04-01,2022-03-31,Extended Sentiment Contrarian,extended,-1.0,contrarian,CCI,RealEstate,0.0,1.550152326525746,-0.550152326525746,-0.0,-0.0,True,False,False
2022-03-31,2022-04-01,2022-03-31,Extended Sentiment Contrarian,extended,-1.0,contrarian,CMCSA,Comm,0.0,0.8837809456795128,0.11621905432048718,0.0,0.0,True,False,False
2022-03-31,2022-04-01,2022-03-31,Extended Sentiment Contrarian,extended,-1.0,contrarian,COP,Energy,0.0,-0.30919564165274577,1.3091956416527457,0.0,0.0,True,False,False
2022-03-31,2022-04-01,2022-03-31,Extended Sentiment Contrarian,extended,-1.0,contrarian,CVX,Energy,0.0861626957760312,-0.9154700310640012,1.9154700310640012,0.16504206155467255,0.17450594867986594,True,False,False
2022-03-31,2022-04-01,2022-03-31,Extended Sentiment Contrarian,extended,-1.0,contrarian,D,Utilities,0.0,-0.3639235362291474,1.3639235362291475,0.0,0.0,True,False,False
2022-03-31,2022-04-01,2022-03-31,Extended Sentiment Contrarian,extended,-1.0,contrarian,DD,Materials,0.0,-0.1979178927157366,1.1979178927157366,0.0,0.0,True,False,False
2022-03-31,2022-04-01,2022-03-31,Extended Sentiment Contrarian,extended,-1.0,contrarian,DIS,Consumer,0.0494118403196329,0.24095374596840044,0.7590462540315995,0.03750587229942491,0.03965654430770016,True,False,False
2022-03-31,2022-04-01,2022-03-31,Extended Sentiment Contrarian,extended,-1.0,contrarian,DOW,Materials,0.0,,1.0,0.0,0.0,False,False,False
2022-03-31,2022-04-01,2022-03-31,Extended Sentiment Contrarian,extended,-1.0,contrarian,DUK,Utilities,0.0123824209620771,-0.4032051772242991,1.403205177224299,0.01737507720055727,0.0183714036392156,True,False,False
2022-03-31,2022-04-01,2022-03-31,Extended Sentiment Contrarian,extended,-1.0,contrarian,EA,Comm,0.0747762355958227,-0.2832129842604456,1.2832129842604456,0.0959538364306778,0.10145604761645109,True,False,False
2022-03-31,2022-04-01,2022-03-31,Extended Sentiment Contrarian,extended,-1.0,contrarian,GE,Industrials,0.0,0.7300018825232966,0.26999811747670344,0.0,0.0,True,False,False
2022-03-31,2022-04-01,2022-03-31,Extended Sentiment Contrarian,extended,-1.0,contrarian,GILD,Healthcare,0.1420211327984041,1.8055636228032417,-0.8055636228032417,-0.11440705825170268,0.0,True,True,False
2022-03-31,2022-04-01,2022-03-31,Extended Sentiment Contrarian,extended,-1.0,contrarian,GS,Financials,0.0,0.048512966279947924,0.9514870337200521,0.0,0.0,True,False,False
2022-03-31,2022-04-01,2022-03-31,Extended Sentiment Contrarian,extended,-1.0,contrarian,INTC,Tech,0.0014210833264733,-0.9268101545183132,1.9268101545183132,0.0027381577838654176,0.002895169977928976,True,False,False
2022-03-31,2022-04-01,2022-03-31,Extended Sentiment Contrarian,extended,-1.0,contrarian,KO,Consumer,0.0869277446204713,-0.7653013022563292,1.7653013022563293,0.15345366078072362,0.16225304265281323,True,False,False
2022-03-31,2022-04-01,2022-03-31,Extended Sentiment Contrarian,extended,-1.0,contrarian,MMM,Industrials,0.0,1.2747629408418035,-0.2747629408418035,-0.0,-0.0,True,False,False
2022-03-31,2022-04-01,2022-03-31,Extended Sentiment Contrarian,extended,-1.0,contrarian,MRK,Healthcare,0.0511265169227657,0.6296249378311974,0.37037506216880256,0.018935986883743684,0.02002181943323912,True,False,False
2022-03-31,2022-04-01,2022-03-31,Extended Sentiment Contrarian,extended,-1.0,contrarian,MS,Financials,0.0,0.42141754565124717,0.5785824543487528,0.0,0.0,True,False,False
2022-03-31,2022-04-01,2022-03-31,Extended Sentiment Contrarian,extended,-1.0,contrarian,NEE,Utilities,0.018652348094651,-1.3321795625629265,2.3321795625629265,0.04350062502015461,0.04599504978186743,True,False,False
2022-03-31,2022-04-01,2022-03-31,Extended Sentiment Contrarian,extended,-1.0,contrarian,NEM,Materials,0.0348064680844002,1.156998836397861,-0.15699883639786094,-0.005464574988370116,0.0,True,True,False
2022-03-31,2022-04-01,2022-03-31,Extended Sentiment Contrarian,extended,-1.0,contrarian,NKE,Consumer,0.0131638382873256,-0.15360429177459567,1.1536042917745957,0.015185860344485555,0.016056652110204947,True,False,False
2022-03-31,2022-04-01,2022-03-31,Extended Sentiment Contrarian,extended,-1.0,contrarian,NUE,Materials,0.0,1.3553874423815615,-0.3553874423815615,-0.0,-0.0,True,False,False
2022-03-31,2022-04-01,2022-03-31,Extended Sentiment Contrarian,extended,-1.0,contrarian,NVDA,Tech,0.0,0.027997954728151173,0.9720020452718489,0.0,0.0,True,False,False
2022-03-31,2022-04-01,2022-03-31,Extended Sentiment Contrarian,extended,-1.0,contrarian,O,RealEstate,0.0083230102685824,-0.629550513590101,1.629550513590101,0.013562765657784134,0.014340485483152398,True,False,False
2022-03-31,2022-04-01,2022-03-31,Extended Sentiment Contrarian,extended,-1.0,contrarian,OXY,Energy,0.0,-0.025601149289356126,1.0256011492893562,0.0,0.0,True,False,False
2022-03-31,2022-04-01,2022-03-31,Extended Sentiment Contrarian,extended,-1.0,contrarian,PLD,RealEstate,0.0,-0.33272237670646065,1.3327223767064607,0.0,0.0,True,False,False
2022-03-31,2022-04-01,2022-03-31,Extended Sentiment Contrarian,extended,-1.0,contrarian,PSA,RealEstate,0.0482130751786451,-0.7225447856192998,1.7225447856193,0.08304918124764642,0.08781141015925686,True,False,False
2022-03-31,2022-04-01,2022-03-31,Extended Sentiment Contrarian,extended,-1.0,contrarian,QCOM,Tech,0.0,0.07123036654963913,0.9287696334503609,0.0,0.0,True,False,False
2022-03-31,2022-04-01,2022-03-31,Extended Sentiment Contrarian,extended,-1.0,contrarian,SBUX,Consumer,0.0,-0.02187563247604434,1.0218756324760443,0.0,0.0,True,False,False
2022-03-31,2022-04-01,2022-03-31,Extended Sentiment Contrarian,extended,-1.0,contrarian,SHW,Materials,0.0086511558884169,,1.0,0.0086511558884169,0.00914723284031142,False,False,False
2022-03-31,2022-04-01,2022-03-31,Extended Sentiment Contrarian,extended,-1.0,contrarian,SLB,Energy,0.0,-0.2864032089733741,1.2864032089733741,0.0,0.0,True,False,False
2022-03-31,2022-04-01,2022-03-31,Extended Sentiment Contrarian,extended,-1.0,contrarian,SO,Utilities,0.1002703761658736,,1.0,0.1002703761658736,0.10602010755613593,False,False,False
2022-03-31,2022-04-01,2022-03-31,Extended Sentiment Contrarian,extended,-1.0,contrarian,T,Comm,0.0,0.47390110961478943,0.5260988903852106,0.0,0.0,True,False,False
2022-03-31,2022-04-01,2022-03-31,Extended Sentiment Contrarian,extended,-1.0,contrarian,TMUS,Comm,0.0149430455532248,-0.5223607325334827,1.5223607325334827,0.02274870577468851,0.024053168295744505,True,False,False
2022-03-31,2022-04-01,2022-03-31,Extended Sentiment Contrarian,extended,-1.0,contrarian,TTWO,Comm,0.0334416148867763,,1.0,0.0334416148867763,0.03535923313264265,False,False,False
2022-03-31,2022-04-01,2022-03-31,Extended Sentiment Contrarian,extended,-1.0,contrarian,UPS,Industrials,0.0,1.5927157774309362,-0.5927157774309362,-0.0,-0.0,True,False,False
2022-03-31,2022-04-01,2022-03-31,Extended Sentiment Contrarian,extended,-1.0,contrarian,USB,Financials,0.0,-0.5127284323344187,1.5127284323344186,0.0,0.0,True,False,False
2022-03-31,2022-04-01,2022-03-31,Extended Sentiment Contrarian,extended,-1.0,contrarian,V,Financials,0.0,-0.4683292821250559,1.468329282125056,0.0,0.0,True,False,False
2022-03-31,2022-04-01,2022-03-31,Extended Sentiment Contrarian,extended,-1.0,contrarian,WFC,Financials,0.0,,1.0,0.0,0.0,False,False,False
2022-03-31,2022-04-01,2022-03-31,Extended Sentiment Contrarian,extended,-1.0,contrarian,WMT,Consumer,0.1163780368787419,0.166413194611398,0.833586805388602,0.09701119597914737,0.10257403856592959,True,False,False
2022-03-31,2022-04-01,2022-03-31,Extended Sentiment Contrarian,extended,-1.0,contrarian,XOM,Energy,0.0,-0.8800808691745171,1.8800808691745172,0.0,0.0,True,False,False
2022-04-29,2022-05-02,2022-04-29,Extended Sentiment Contrarian,extended,-1.0,contrarian,ABBV,Healthcare,0.0188086363067907,0.013393857891981454,0.9866061421080186,0.018556716104955583,0.018909996433218904,True,False,False
2022-04-29,2022-05-02,2022-04-29,Extended Sentiment Contrarian,extended,-1.0,contrarian,ABT,Healthcare,0.0,-0.20492832522996868,1.2049283252299687,0.0,0.0,True,False,False
2022-04-29,2022-05-02,2022-04-29,Extended Sentiment Contrarian,extended,-1.0,contrarian,ADBE,Tech,0.0163371083703754,-1.2014959670497143,2.2014959670497145,0.035966078190635575,0.03665079567177108,True,False,False
2022-04-29,2022-05-02,2022-04-29,Extended Sentiment Contrarian,extended,-1.0,contrarian,AEP,Utilities,0.0,1.7787286449219109,-0.7787286449219109,-0.0,-0.0,True,False,False
2022-04-29,2022-05-02,2022-04-29,Extended Sentiment Contrarian,extended,-1.0,contrarian,AMD,Tech,0.0,-0.1143470433167605,1.1143470433167606,0.0,0.0,True,False,False
2022-04-29,2022-05-02,2022-04-29,Extended Sentiment Contrarian,extended,-1.0,contrarian,AMGN,Healthcare,0.0089443221694106,1.8774938496908011,-0.8774938496908011,-0.007848587693310885,0.0,True,True,False
2022-04-29,2022-05-02,2022-04-29,Extended Sentiment Contrarian,extended,-1.0,contrarian,AMT,RealEstate,0.0,0.14960297822602212,0.8503970217739779,0.0,0.0,True,False,False
2022-04-29,2022-05-02,2022-04-29,Extended Sentiment Contrarian,extended,-1.0,contrarian,BA,Industrials,0.0,-0.09065538773473321,1.0906553877347331,0.0,0.0,True,False,False
2022-04-29,2022-05-02,2022-04-29,Extended Sentiment Contrarian,extended,-1.0,contrarian,CAT,Industrials,0.043109203528533,0.4061704484954652,0.5938295515045349,0.025599518997066462,0.026086879283418612,True,False,False
2022-04-29,2022-05-02,2022-04-29,Extended Sentiment Contrarian,extended,-1.0,contrarian,CCI,RealEstate,0.0,-0.5846426959329475,1.5846426959329474,0.0,0.0,True,False,False
2022-04-29,2022-05-02,2022-04-29,Extended Sentiment Contrarian,extended,-1.0,contrarian,CMCSA,Comm,0.0,-0.1597560360213111,1.159756036021311,0.0,0.0,True,False,False
2022-04-29,2022-05-02,2022-04-29,Extended Sentiment Contrarian,extended,-1.0,contrarian,COP,Energy,0.0,-0.7333795918864118,1.7333795918864117,0.0,0.0,True,False,False
2022-04-29,2022-05-02,2022-04-29,Extended Sentiment Contrarian,extended,-1.0,contrarian,CVX,Energy,0.0645866645800719,-0.44895230439888273,1.4489523043988828,0.09358299647673288,0.09536461729413258,True,False,False
2022-04-29,2022-05-02,2022-04-29,Extended Sentiment Contrarian,extended,-1.0,contrarian,D,Utilities,0.0,-0.34568987025316844,1.3456898702531683,0.0,0.0,True,False,False
2022-04-29,2022-05-02,2022-04-29,Extended Sentiment Contrarian,extended,-1.0,contrarian,DD,Materials,0.0,1.4429939486154566,-0.4429939486154566,-0.0,-0.0,True,False,False
2022-04-29,2022-05-02,2022-04-29,Extended Sentiment Contrarian,extended,-1.0,contrarian,DIS,Consumer,0.0393745615310558,0.8953318439211578,0.10466815607884217,0.004121262751868523,0.0041997228118061045,True,False,False
2022-04-29,2022-05-02,2022-04-29,Extended Sentiment Contrarian,extended,-1.0,contrarian,DOW,Materials,0.0,,1.0,0.0,0.0,False,False,False
2022-04-29,2022-05-02,2022-04-29,Extended Sentiment Contrarian,extended,-1.0,contrarian,DUK,Utilities,0.0900460162049886,,1.0,0.0900460162049886,0.09176030045570295,False,False,False
2022-04-29,2022-05-02,2022-04-29,Extended Sentiment Contrarian,extended,-1.0,contrarian,EA,Comm,0.0941939442740369,,1.0,0.0941939442740369,0.09598719623550125,False,False,False
2022-04-29,2022-05-02,2022-04-29,Extended Sentiment Contrarian,extended,-1.0,contrarian,GE,Industrials,0.0,0.36862676760455115,0.6313732323954488,0.0,0.0,True,False,False
2022-04-29,2022-05-02,2022-04-29,Extended Sentiment Contrarian,extended,-1.0,contrarian,GILD,Healthcare,0.1289642285940799,1.5664010040041316,-0.5664010040041316,-0.0730454685563052,0.0,True,True,False
2022-04-29,2022-05-02,2022-04-29,Extended Sentiment Contrarian,extended,-1.0,contrarian,GS,Financials,0.0,-0.2689556532314235,1.2689556532314235,0.0,0.0,True,False,False
2022-04-29,2022-05-02,2022-04-29,Extended Sentiment Contrarian,extended,-1.0,contrarian,INTC,Tech,0.0,-0.6563317425102179,1.656331742510218,0.0,0.0,True,False,False
2022-04-29,2022-05-02,2022-04-29,Extended Sentiment Contrarian,extended,-1.0,contrarian,KO,Consumer,0.1107391759396876,-0.28300530499694243,1.2830053049969425,0.14207895020160896,0.14478383062779213,True,False,False
2022-04-29,2022-05-02,2022-04-29,Extended Sentiment Contrarian,extended,-1.0,contrarian,MMM,Industrials,0.0,0.8983541469987869,0.1016458530012131,0.0,0.0,True,False,False
2022-04-29,2022-05-02,2022-04-29,Extended Sentiment Contrarian,extended,-1.0,contrarian,MRK,Healthcare,0.0552436254906652,0.01870752083248382,0.9812924791675162,0.05421015421593665,0.05524220002448878,True,False,False
2022-04-29,2022-05-02,2022-04-29,Extended Sentiment Contrarian,extended,-1.0,contrarian,MS,Financials,0.0,,1.0,0.0,0.0,False,False,False
2022-04-29,2022-05-02,2022-04-29,Extended Sentiment Contrarian,extended,-1.0,contrarian,NEE,Utilities,0.0,0.5636261591918361,0.4363738408081639,0.0,0.0,True,False,False
2022-04-29,2022-05-02,2022-04-29,Extended Sentiment Contrarian,extended,-1.0,contrarian,NEM,Materials,0.0480059615359872,,1.0,0.0480059615359872,0.04891989273772072,False,False,False
2022-04-29,2022-05-02,2022-04-29,Extended Sentiment Contrarian,extended,-1.0,contrarian,NKE,Consumer,0.0,-0.23396328892490356,1.2339632889249035,0.0,0.0,True,False,False
2022-04-29,2022-05-02,2022-04-29,Extended Sentiment Contrarian,extended,-1.0,contrarian,NUE,Materials,0.0,,1.0,0.0,0.0,False,False,False
2022-04-29,2022-05-02,2022-04-29,Extended Sentiment Contrarian,extended,-1.0,contrarian,NVDA,Tech,0.0,-2.0039932433292695,3.0039932433292695,0.0,0.0,True,False,False
2022-04-29,2022-05-02,2022-04-29,Extended Sentiment Contrarian,extended,-1.0,contrarian,O,RealEstate,0.0,,1.0,0.0,0.0,False,False,False
2022-04-29,2022-05-02,2022-04-29,Extended Sentiment Contrarian,extended,-1.0,contrarian,OXY,Energy,0.0,-0.2621632140936205,1.2621632140936205,0.0,0.0,True,False,False
2022-04-29,2022-05-02,2022-04-29,Extended Sentiment Contrarian,extended,-1.0,contrarian,PLD,RealEstate,0.0,-0.3421498393536339,1.342149839353634,0.0,0.0,True,False,False
2022-04-29,2022-05-02,2022-04-29,Extended Sentiment Contrarian,extended,-1.0,contrarian,PSA,RealEstate,0.0,-0.607636906500331,1.607636906500331,0.0,0.0,True,False,False
2022-04-29,2022-05-02,2022-04-29,Extended Sentiment Contrarian,extended,-1.0,contrarian,QCOM,Tech,0.0,-0.5032530120604879,1.503253012060488,0.0,0.0,True,False,False
2022-04-29,2022-05-02,2022-04-29,Extended Sentiment Contrarian,extended,-1.0,contrarian,SBUX,Consumer,0.0,0.3016435840540338,0.6983564159459662,0.0,0.0,True,False,False
2022-04-29,2022-05-02,2022-04-29,Extended Sentiment Contrarian,extended,-1.0,contrarian,SHW,Materials,0.0681688530755733,,1.0,0.0681688530755733,0.06946664276291142,False,False,False
2022-04-29,2022-05-02,2022-04-29,Extended Sentiment Contrarian,extended,-1.0,contrarian,SLB,Energy,0.0,0.7671559988383364,0.2328440011616636,0.0,0.0,True,False,False
2022-04-29,2022-05-02,2022-04-29,Extended Sentiment Contrarian,extended,-1.0,contrarian,SO,Utilities,0.0672178088317423,,1.0,0.0672178088317423,0.06849749266345634,False,False,False
2022-04-29,2022-05-02,2022-04-29,Extended Sentiment Contrarian,extended,-1.0,contrarian,T,Comm,0.0,0.3236455102731009,0.6763544897268992,0.0,0.0,True,False,False
2022-04-29,2022-05-02,2022-04-29,Extended Sentiment Contrarian,extended,-1.0,contrarian,TMUS,Comm,0.0,-0.22692997993531924,1.2269299799353193,0.0,0.0,True,False,False
2022-04-29,2022-05-02,2022-04-29,Extended Sentiment Contrarian,extended,-1.0,contrarian,TTWO,Comm,0.0386243452615427,-2.0281368551354872,3.0281368551354872,0.11695980339195518,0.11918646879450928,True,False,False
2022-04-29,2022-05-02,2022-04-29,Extended Sentiment Contrarian,extended,-1.0,contrarian,UPS,Industrials,0.0,1.1578045924482254,-0.15780459244822542,-0.0,-0.0,True,False,False
2022-04-29,2022-05-02,2022-04-29,Extended Sentiment Contrarian,extended,-1.0,contrarian,USB,Financials,0.0,,1.0,0.0,0.0,False,False,False
2022-04-29,2022-05-02,2022-04-29,Extended Sentiment Contrarian,extended,-1.0,contrarian,V,Financials,0.0,0.37407145570302325,0.6259285442969768,0.0,0.0,True,False,False
2022-04-29,2022-05-02,2022-04-29,Extended Sentiment Contrarian,extended,-1.0,contrarian,WFC,Financials,0.0,-0.5555568774729612,1.5555568774729611,0.0,0.0,True,False,False
2022-04-29,2022-05-02,2022-04-29,Extended Sentiment Contrarian,extended,-1.0,contrarian,WMT,Consumer,0.1076355443054582,-0.13911939511815358,1.1391193951181535,0.12260973612244676,0.12494396420356987,True,False,False
2022-04-29,2022-05-02,2022-04-29,Extended Sentiment Contrarian,extended,-1.0,contrarian,XOM,Energy,0.0,-0.04207259685800868,1.0420725968580087,0.0,0.0,True,False,False
2022-05-31,2022-06-01,2022-05-31,Extended Sentiment Contrarian,extended,-1.0,contrarian,ABBV,Healthcare,0.0672104658765383,2.193370464448553,-1.1933704644485532,-0.08020698487888815,0.0,True,True,False
2022-05-31,2022-06-01,2022-05-31,Extended Sentiment Contrarian,extended,-1.0,contrarian,ABT,Healthcare,0.0,0.27107501866630457,0.7289249813336954,0.0,0.0,True,False,False
2022-05-31,2022-06-01,2022-05-31,Extended Sentiment Contrarian,extended,-1.0,contrarian,ADBE,Tech,0.0046885349431934,-0.30592544035100505,1.305925440351005,0.006122877060290916,0.006193544699650181,True,False,False
2022-05-31,2022-06-01,2022-05-31,Extended Sentiment Contrarian,extended,-1.0,contrarian,AEP,Utilities,0.0,-0.35079775761279125,1.3507977576127912,0.0,0.0,True,False,False
2022-05-31,2022-06-01,2022-05-31,Extended Sentiment Contrarian,extended,-1.0,contrarian,AMD,Tech,0.0,1.8065549227181859,-0.8065549227181859,-0.0,-0.0,True,False,False
2022-05-31,2022-06-01,2022-05-31,Extended Sentiment Contrarian,extended,-1.0,contrarian,AMGN,Healthcare,0.0345795795918945,0.8093179280265045,0.19068207197349551,0.0065937058845548435,0.00666980762968259,True,False,False
2022-05-31,2022-06-01,2022-05-31,Extended Sentiment Contrarian,extended,-1.0,contrarian,AMT,RealEstate,0.0,,1.0,0.0,0.0,False,False,False
2022-05-31,2022-06-01,2022-05-31,Extended Sentiment Contrarian,extended,-1.0,contrarian,BA,Industrials,0.0,0.5000284878339254,0.4999715121660746,0.0,0.0,True,False,False
2022-05-31,2022-06-01,2022-05-31,Extended Sentiment Contrarian,extended,-1.0,contrarian,CAT,Industrials,0.0180935289689239,-0.15017497071617045,1.1501749707161704,0.020810724151984226,0.02105091266707221,True,False,False
2022-05-31,2022-06-01,2022-05-31,Extended Sentiment Contrarian,extended,-1.0,contrarian,CCI,RealEstate,0.0,,1.0,0.0,0.0,False,False,False
2022-05-31,2022-06-01,2022-05-31,Extended Sentiment Contrarian,extended,-1.0,contrarian,CMCSA,Comm,0.0,0.2915130951585989,0.7084869048414011,0.0,0.0,True,False,False
2022-05-31,2022-06-01,2022-05-31,Extended Sentiment Contrarian,extended,-1.0,contrarian,COP,Energy,0.0,0.5465813469900918,0.45341865300990825,0.0,0.0,True,False,False
2022-05-31,2022-06-01,2022-05-31,Extended Sentiment Contrarian,extended,-1.0,contrarian,CVX,Energy,0.0361693053762772,0.6880834898711137,0.3119165101288863,0.01128180350675435,0.011412013278024774,True,False,False
2022-05-31,2022-06-01,2022-05-31,Extended Sentiment Contrarian,extended,-1.0,contrarian,D,Utilities,0.0,-0.40182987643643675,1.4018298764364368,0.0,0.0,True,False,False
2022-05-31,2022-06-01,2022-05-31,Extended Sentiment Contrarian,extended,-1.0,contrarian,DD,Materials,0.0,,1.0,0.0,0.0,False,False,False
2022-05-31,2022-06-01,2022-05-31,Extended Sentiment Contrarian,extended,-1.0,contrarian,DIS,Consumer,0.0579531991718781,-0.35014700414246785,1.350147004142468,0.07824533824238297,0.0791484126124886,True,False,False
2022-05-31,2022-06-01,2022-05-31,Extended Sentiment Contrarian,extended,-1.0,contrarian,DOW,Materials,0.0,2.2144580034730805,-1.2144580034730805,-0.0,-0.0,True,False,False
2022-05-31,2022-06-01,2022-05-31,Extended Sentiment Contrarian,extended,-1.0,contrarian,DUK,Utilities,0.1696196883125103,-0.34312184322801254,1.3431218432280125,0.22781990841405983,0.23044930877080985,True,False,False
2022-05-31,2022-06-01,2022-05-31,Extended Sentiment Contrarian,extended,-1.0,contrarian,EA,Comm,0.092504405028301,-0.966662874081117,1.966662874081117,0.18192497905812216,0.1840246796864262,True,False,False
2022-05-31,2022-06-01,2022-05-31,Extended Sentiment Contrarian,extended,-1.0,contrarian,GE,Industrials,0.0,,1.0,0.0,0.0,False,False,False
2022-05-31,2022-06-01,2022-05-31,Extended Sentiment Contrarian,extended,-1.0,contrarian,GILD,Healthcare,0.1702847588636646,1.9476600664906043,-0.9476600664906043,-0.1613720659070769,0.0,True,True,False
2022-05-31,2022-06-01,2022-05-31,Extended Sentiment Contrarian,extended,-1.0,contrarian,GS,Financials,0.0,-1.3712022803499655,2.3712022803499657,0.0,0.0,True,False,False
2022-05-31,2022-06-01,2022-05-31,Extended Sentiment Contrarian,extended,-1.0,contrarian,INTC,Tech,0.0030989525528851,2.440539669049854,-1.440539669049854,-0.004464164084934302,0.0,True,True,False
2022-05-31,2022-06-01,2022-05-31,Extended Sentiment Contrarian,extended,-1.0,contrarian,KO,Consumer,0.0,0.9152952357904736,0.08470476420952644,0.0,0.0,True,False,False
2022-05-31,2022-06-01,2022-05-31,Extended Sentiment Contrarian,extended,-1.0,contrarian,MMM,Industrials,0.0,0.24463818938873003,0.75536181061127,0.0,0.0,True,False,False
2022-05-31,2022-06-01,2022-05-31,Extended Sentiment Contrarian,extended,-1.0,contrarian,MRK,Healthcare,0.073338631209647,-0.4066234177935699,1.40662341779357,0.10315983608841583,0.10435046298183098,True,False,False
2022-05-31,2022-06-01,2022-05-31,Extended Sentiment Contrarian,extended,-1.0,contrarian,MS,Financials,0.0,-0.34849560746503594,1.3484956074650358,0.0,0.0,True,False,False
2022-05-31,2022-06-01,2022-05-31,Extended Sentiment Contrarian,extended,-1.0,contrarian,NEE,Utilities,0.0,-0.4056500565679945,1.4056500565679946,0.0,0.0,True,False,False
2022-05-31,2022-06-01,2022-05-31,Extended Sentiment Contrarian,extended,-1.0,contrarian,NEM,Materials,0.0628206705349614,-1.1552960189874546,2.1552960189874546,0.1353971411141248,0.1369598372526087,True,False,False
2022-05-31,2022-06-01,2022-05-31,Extended Sentiment Contrarian,extended,-1.0,contrarian,NKE,Consumer,0.0,-0.26832141908457047,1.2683214190845704,0.0,0.0,True,False,False
2022-05-31,2022-06-01,2022-05-31,Extended Sentiment Contrarian,extended,-1.0,contrarian,NUE,Materials,0.0,-0.42515636463378903,1.425156364633789,0.0,0.0,True,False,False
2022-05-31,2022-06-01,2022-05-31,Extended Sentiment Contrarian,extended,-1.0,contrarian,NVDA,Tech,0.0,0.9979519995434947,0.002048000456505328,0.0,0.0,True,False,False
2022-05-31,2022-06-01,2022-05-31,Extended Sentiment Contrarian,extended,-1.0,contrarian,O,RealEstate,0.0,-0.6167624797490002,1.6167624797490001,0.0,0.0,True,False,False
2022-05-31,2022-06-01,2022-05-31,Extended Sentiment Contrarian,extended,-1.0,contrarian,OXY,Energy,0.0,-0.5091197429108923,1.5091197429108925,0.0,0.0,True,False,False
2022-05-31,2022-06-01,2022-05-31,Extended Sentiment Contrarian,extended,-1.0,contrarian,PLD,RealEstate,0.0,0.6852770197952985,0.31472298020470146,0.0,0.0,True,False,False
2022-05-31,2022-06-01,2022-05-31,Extended Sentiment Contrarian,extended,-1.0,contrarian,PSA,RealEstate,0.0,1.014316590707417,-0.014316590707416976,-0.0,-0.0,True,False,False
2022-05-31,2022-06-01,2022-05-31,Extended Sentiment Contrarian,extended,-1.0,contrarian,QCOM,Tech,0.0,0.27136030308026415,0.7286396969197358,0.0,0.0,True,False,False
2022-05-31,2022-06-01,2022-05-31,Extended Sentiment Contrarian,extended,-1.0,contrarian,SBUX,Consumer,0.0,-0.1891561902294365,1.1891561902294365,0.0,0.0,True,False,False
2022-05-31,2022-06-01,2022-05-31,Extended Sentiment Contrarian,extended,-1.0,contrarian,SHW,Materials,0.0529151636926018,,1.0,0.0529151636926018,0.0535258879759157,False,False,False
2022-05-31,2022-06-01,2022-05-31,Extended Sentiment Contrarian,extended,-1.0,contrarian,SLB,Energy,0.0,0.80617403299219,0.19382596700780996,0.0,0.0,True,False,False
2022-05-31,2022-06-01,2022-05-31,Extended Sentiment Contrarian,extended,-1.0,contrarian,SO,Utilities,0.0449974871882794,-0.392663515635543,1.392663515635543,0.0626663587023945,0.06338962712557736,True,False,False
2022-05-31,2022-06-01,2022-05-31,Extended Sentiment Contrarian,extended,-1.0,contrarian,T,Comm,0.0,1.7912338367563978,-0.7912338367563978,-0.0,-0.0,True,False,False
2022-05-31,2022-06-01,2022-05-31,Extended Sentiment Contrarian,extended,-1.0,contrarian,TMUS,Comm,0.0,,1.0,0.0,0.0,False,False,False
2022-05-31,2022-06-01,2022-05-31,Extended Sentiment Contrarian,extended,-1.0,contrarian,TTWO,Comm,0.0262921259706589,,1.0,0.0262921259706589,0.02659557849106515,False,False,False
2022-05-31,2022-06-01,2022-05-31,Extended Sentiment Contrarian,extended,-1.0,contrarian,UPS,Industrials,0.0,0.733814819723572,0.266185180276428,0.0,0.0,True,False,False
2022-05-31,2022-06-01,2022-05-31,Extended Sentiment Contrarian,extended,-1.0,contrarian,USB,Financials,0.0,-0.43181442107818896,1.431814421078189,0.0,0.0,True,False,False
2022-05-31,2022-06-01,2022-05-31,Extended Sentiment Contrarian,extended,-1.0,contrarian,V,Financials,0.0,-0.02909873262833096,1.029098732628331,0.0,0.0,True,False,False
2022-05-31,2022-06-01,2022-05-31,Extended Sentiment Contrarian,extended,-1.0,contrarian,WFC,Financials,0.0,-0.38907489696351705,1.3890748969635172,0.0,0.0,True,False,False
2022-05-31,2022-06-01,2022-05-31,Extended Sentiment Contrarian,extended,-1.0,contrarian,WMT,Consumer,0.0854335027177844,0.11790866988148051,0.8820913301185195,0.07536015204901458,0.07622992682884759,True,False,False
2022-05-31,2022-06-01,2022-05-31,Extended Sentiment Contrarian,extended,-1.0,contrarian,XOM,Energy,0.0,0.947213900413599,0.052786099586401014,0.0,0.0,True,False,False
2022-06-30,2022-07-01,2022-06-30,Extended Sentiment Contrarian,extended,-1.0,contrarian,ABBV,Healthcare,0.043417294380612,0.7619242337185497,0.23807576628145033,0.010336605629531509,0.011199515103046162,True,False,False
2022-06-30,2022-07-01,2022-06-30,Extended Sentiment Contrarian,extended,-1.0,contrarian,ABT,Healthcare,0.0,0.5643742048692008,0.43562579513079924,0.0,0.0,True,False,False
2022-06-30,2022-07-01,2022-06-30,Extended Sentiment Contrarian,extended,-1.0,contrarian,ADBE,Tech,0.0,-0.05861619654180568,1.0586161965418057,0.0,0.0,True,False,False
2022-06-30,2022-07-01,2022-06-30,Extended Sentiment Contrarian,extended,-1.0,contrarian,AEP,Utilities,0.0,-0.4715885811625405,1.4715885811625404,0.0,0.0,True,False,False
2022-06-30,2022-07-01,2022-06-30,Extended Sentiment Contrarian,extended,-1.0,contrarian,AMD,Tech,0.0,-1.1717700032769676,2.1717700032769676,0.0,0.0,True,False,False
2022-06-30,2022-07-01,2022-06-30,Extended Sentiment Contrarian,extended,-1.0,contrarian,AMGN,Healthcare,0.0697782204148557,,1.0,0.0697782204148557,0.07560337130084355,False,False,False
2022-06-30,2022-07-01,2022-06-30,Extended Sentiment Contrarian,extended,-1.0,contrarian,AMT,RealEstate,0.0,,1.0,0.0,0.0,False,False,False
2022-06-30,2022-07-01,2022-06-30,Extended Sentiment Contrarian,extended,-1.0,contrarian,BA,Industrials,0.0,-0.306711683583422,1.306711683583422,0.0,0.0,True,False,False
2022-06-30,2022-07-01,2022-06-30,Extended Sentiment Contrarian,extended,-1.0,contrarian,CAT,Industrials,0.0082103843282331,0.7432142818638331,0.2567857181361669,0.002108309435899267,0.002284313072928831,True,False,False
2022-06-30,2022-07-01,2022-06-30,Extended Sentiment Contrarian,extended,-1.0,contrarian,CCI,RealEstate,0.0,0.5869494006160623,0.41305059938393773,0.0,0.0,True,False,False
2022-06-30,2022-07-01,2022-06-30,Extended Sentiment Contrarian,extended,-1.0,contrarian,CMCSA,Comm,0.0,0.9015807752128984,0.09841922478710163,0.0,0.0,True,False,False
2022-06-30,2022-07-01,2022-06-30,Extended Sentiment Contrarian,extended,-1.0,contrarian,COP,Energy,0.0,-3.148651674934573,4.148651674934573,0.0,0.0,True,False,False
2022-06-30,2022-07-01,2022-06-30,Extended Sentiment Contrarian,extended,-1.0,contrarian,CVX,Energy,0.0472789925405632,0.22167242889325853,0.7783275711067414,0.0367985434284703,0.039870520136689416,True,False,False
2022-06-30,2022-07-01,2022-06-30,Extended Sentiment Contrarian,extended,-1.0,contrarian,D,Utilities,0.0,-0.44838234339241817,1.4483823433924181,0.0,0.0,True,False,False
2022-06-30,2022-07-01,2022-06-30,Extended Sentiment Contrarian,extended,-1.0,contrarian,DD,Materials,0.0,,1.0,0.0,0.0,False,False,False
2022-06-30,2022-07-01,2022-06-30,Extended Sentiment Contrarian,extended,-1.0,contrarian,DIS,Consumer,0.052606330128295,-0.013044658662966653,1.0130446586629667,0.05329256174832995,0.057741474481259936,True,False,False
2022-06-30,2022-07-01,2022-06-30,Extended Sentiment Contrarian,extended,-1.0,contrarian,DOW,Materials,0.0,,1.0,0.0,0.0,False,False,False
2022-06-30,2022-07-01,2022-06-30,Extended Sentiment Contrarian,extended,-1.0,contrarian,DUK,Utilities,0.1784729344495711,-0.47407440437100473,1.4740744043710048,0.2630823845450969,0.2850447472466599,True,False,False
2022-06-30,2022-07-01,2022-06-30,Extended Sentiment Contrarian,extended,-1.0,contrarian,EA,Comm,0.0911656686957825,0.6701413560149653,0.3298586439850347,0.030071783853979746,0.03258220440237985,True,False,False
2022-06-30,2022-07-01,2022-06-30,Extended Sentiment Contrarian,extended,-1.0,contrarian,GE,Industrials,0.0,,1.0,0.0,0.0,False,False,False
2022-06-30,2022-07-01,2022-06-30,Extended Sentiment Contrarian,extended,-1.0,contrarian,GILD,Healthcare,0.1756407362498276,,1.0,0.1756407362498276,0.1903033886404784,False,False,False
2022-06-30,2022-07-01,2022-06-30,Extended Sentiment Contrarian,extended,-1.0,contrarian,GS,Financials,0.0,-0.6219447947240347,1.6219447947240346,0.0,0.0,True,False,False
2022-06-30,2022-07-01,2022-06-30,Extended Sentiment Contrarian,extended,-1.0,contrarian,INTC,Tech,0.0,0.13931174164209417,0.8606882583579059,0.0,0.0,True,False,False
2022-06-30,2022-07-01,2022-06-30,Extended Sentiment Contrarian,extended,-1.0,contrarian,KO,Consumer,0.0296569958874038,1.816941348110868,-0.816941348110868,-0.024228026201174133,0.0,True,True,False
2022-06-30,2022-07-01,2022-06-30,Extended Sentiment Contrarian,extended,-1.0,contrarian,MMM,Industrials,0.0025679161598694,-0.5337461155811976,1.5337461155811976,0.003938531435337877,0.004267323710974145,True,False,False
2022-06-30,2022-07-01,2022-06-30,Extended Sentiment Contrarian,extended,-1.0,contrarian,MRK,Healthcare,0.0616805833817453,-0.8944070205297586,1.8944070205297585,0.11684813018874946,0.12660272102021908,True,False,False
2022-06-30,2022-07-01,2022-06-30,Extended Sentiment Contrarian,extended,-1.0,contrarian,MS,Financials,0.0,0.5201832083991007,0.4798167916008993,0.0,0.0,True,False,False
2022-06-30,2022-07-01,2022-06-30,Extended Sentiment Contrarian,extended,-1.0,contrarian,NEE,Utilities,0.0,1.3302439422662806,-0.3302439422662806,-0.0,-0.0,True,False,False
2022-06-30,2022-07-01,2022-06-30,Extended Sentiment Contrarian,extended,-1.0,contrarian,NEM,Materials,0.0617696676719487,-0.283486308531202,1.283486308531202,0.07928052273946856,0.08589893468135687,True,False,False
2022-06-30,2022-07-01,2022-06-30,Extended Sentiment Contrarian,extended,-1.0,contrarian,NKE,Consumer,0.0,-0.2689754979137305,1.2689754979137304,0.0,0.0,True,False,False
2022-06-30,2022-07-01,2022-06-30,Extended Sentiment Contrarian,extended,-1.0,contrarian,NUE,Materials,0.0,1.3677443661538033,-0.36774436615380335,-0.0,-0.0,True,False,False
2022-06-30,2022-07-01,2022-06-30,Extended Sentiment Contrarian,extended,-1.0,contrarian,NVDA,Tech,0.0,-1.704164060636471,2.704164060636471,0.0,0.0,True,False,False
2022-06-30,2022-07-01,2022-06-30,Extended Sentiment Contrarian,extended,-1.0,contrarian,O,RealEstate,0.0,-0.5736992732032853,1.5736992732032853,0.0,0.0,True,False,False
2022-06-30,2022-07-01,2022-06-30,Extended Sentiment Contrarian,extended,-1.0,contrarian,OXY,Energy,0.0,-0.2990322302863172,1.299032230286317,0.0,0.0,True,False,False
2022-06-30,2022-07-01,2022-06-30,Extended Sentiment Contrarian,extended,-1.0,contrarian,PLD,RealEstate,0.0,,1.0,0.0,0.0,False,False,False
2022-06-30,2022-07-01,2022-06-30,Extended Sentiment Contrarian,extended,-1.0,contrarian,PSA,RealEstate,0.0,,1.0,0.0,0.0,False,False,False
2022-06-30,2022-07-01,2022-06-30,Extended Sentiment Contrarian,extended,-1.0,contrarian,QCOM,Tech,0.0,-0.4364525956454743,1.4364525956454743,0.0,0.0,True,False,False
2022-06-30,2022-07-01,2022-06-30,Extended Sentiment Contrarian,extended,-1.0,contrarian,SBUX,Consumer,0.0,0.6294753042970335,0.37052469570296653,0.0,0.0,True,False,False
2022-06-30,2022-07-01,2022-06-30,Extended Sentiment Contrarian,extended,-1.0,contrarian,SHW,Materials,0.0272523322935322,,1.0,0.0272523322935322,0.029527382397434063,False,False,False
2022-06-30,2022-07-01,2022-06-30,Extended Sentiment Contrarian,extended,-1.0,contrarian,SLB,Energy,0.0,-0.3360498672626705,1.3360498672626706,0.0,0.0,True,False,False
2022-06-30,2022-07-01,2022-06-30,Extended Sentiment Contrarian,extended,-1.0,contrarian,SO,Utilities,0.0032851742618503,0.34457554771901305,0.6554244522809869,0.0021531835412208285,0.002332933310393312,True,False,False
2022-06-30,2022-07-01,2022-06-30,Extended Sentiment Contrarian,extended,-1.0,contrarian,T,Comm,0.0,-1.9931974597484827,2.9931974597484827,0.0,0.0,True,False,False
2022-06-30,2022-07-01,2022-06-30,Extended Sentiment Contrarian,extended,-1.0,contrarian,TMUS,Comm,0.0,0.5596897501113491,0.44031024988865086,0.0,0.0,True,False,False
2022-06-30,2022-07-01,2022-06-30,Extended Sentiment Contrarian,extended,-1.0,contrarian,TTWO,Comm,0.0274539972318897,0.2455137612243192,0.7544862387756808,0.020713663110846412,0.022442859016170942,True,False,False
2022-06-30,2022-07-01,2022-06-30,Extended Sentiment Contrarian,extended,-1.0,contrarian,UPS,Industrials,0.0083646598434329,2.618410238107267,-1.6184102381072671,-0.013537451128896535,0.0,True,True,False
2022-06-30,2022-07-01,2022-06-30,Extended Sentiment Contrarian,extended,-1.0,contrarian,USB,Financials,0.0,-0.406269929798235,1.406269929798235,0.0,0.0,True,False,False
2022-06-30,2022-07-01,2022-06-30,Extended Sentiment Contrarian,extended,-1.0,contrarian,V,Financials,0.0,-0.4894687199232902,1.4894687199232903,0.0,0.0,True,False,False
2022-06-30,2022-07-01,2022-06-30,Extended Sentiment Contrarian,extended,-1.0,contrarian,WFC,Financials,0.0,-0.5764640345312801,1.5764640345312801,0.0,0.0,True,False,False
2022-06-30,2022-07-01,2022-06-30,Extended Sentiment Contrarian,extended,-1.0,contrarian,WMT,Consumer,0.111398112080587,0.7158330037505037,0.28416699624949626,0.03165566689780513,0.03429831147916547,True,False,False
2022-06-30,2022-07-01,2022-06-30,Extended Sentiment Contrarian,extended,-1.0,contrarian,XOM,Energy,0.0,1.2718606684697806,-0.27186066846978063,-0.0,-0.0,True,False,False
2022-07-29,2022-08-01,2022-07-29,Extended Sentiment Contrarian,extended,-1.0,contrarian,ABBV,Healthcare,0.0545086637184896,0.017411964759014086,0.9825880352409859,0.05355956078676231,0.06044156165875901,True,False,False
2022-07-29,2022-08-01,2022-07-29,Extended Sentiment Contrarian,extended,-1.0,contrarian,ABT,Healthcare,0.0,,1.0,0.0,0.0,False,False,False
2022-07-29,2022-08-01,2022-07-29,Extended Sentiment Contrarian,extended,-1.0,contrarian,ADBE,Tech,0.0,0.5597311145843997,0.4402688854156003,0.0,0.0,True,False,False
2022-07-29,2022-08-01,2022-07-29,Extended Sentiment Contrarian,extended,-1.0,contrarian,AEP,Utilities,0.0,0.7187569021545055,0.2812430978454945,0.0,0.0,True,False,False
2022-07-29,2022-08-01,2022-07-29,Extended Sentiment Contrarian,extended,-1.0,contrarian,AMD,Tech,0.0,0.449291432732986,0.550708567267014,0.0,0.0,True,False,False
2022-07-29,2022-08-01,2022-07-29,Extended Sentiment Contrarian,extended,-1.0,contrarian,AMGN,Healthcare,0.0751375385360182,1.7357329005586526,-0.7357329005586526,-0.05528115916794221,0.0,True,True,False
2022-07-29,2022-08-01,2022-07-29,Extended Sentiment Contrarian,extended,-1.0,contrarian,AMT,RealEstate,0.0,-0.20592711601805055,1.2059271160180505,0.0,0.0,True,False,False
2022-07-29,2022-08-01,2022-07-29,Extended Sentiment Contrarian,extended,-1.0,contrarian,BA,Industrials,0.0,,1.0,0.0,0.0,False,False,False
2022-07-29,2022-08-01,2022-07-29,Extended Sentiment Contrarian,extended,-1.0,contrarian,CAT,Industrials,0.0,,1.0,0.0,0.0,False,False,False
2022-07-29,2022-08-01,2022-07-29,Extended Sentiment Contrarian,extended,-1.0,contrarian,CCI,RealEstate,0.0,-0.3914441302078576,1.3914441302078577,0.0,0.0,True,False,False
2022-07-29,2022-08-01,2022-07-29,Extended Sentiment Contrarian,extended,-1.0,contrarian,CMCSA,Comm,0.0,-0.21405717670263066,1.2140571767026307,0.0,0.0,True,False,False
2022-07-29,2022-08-01,2022-07-29,Extended Sentiment Contrarian,extended,-1.0,contrarian,COP,Energy,0.0,1.471986341280313,-0.4719863412803129,-0.0,-0.0,True,False,False
2022-07-29,2022-08-01,2022-07-29,Extended Sentiment Contrarian,extended,-1.0,contrarian,CVX,Energy,0.0480287322779029,1.718251156381096,-0.718251156381096,-0.03449669249812183,0.0,True,True,False
2022-07-29,2022-08-01,2022-07-29,Extended Sentiment Contrarian,extended,-1.0,contrarian,D,Utilities,0.0,-0.41112163770078664,1.4111216377007867,0.0,0.0,True,False,False
2022-07-29,2022-08-01,2022-07-29,Extended Sentiment Contrarian,extended,-1.0,contrarian,DD,Materials,0.0,,1.0,0.0,0.0,False,False,False
2022-07-29,2022-08-01,2022-07-29,Extended Sentiment Contrarian,extended,-1.0,contrarian,DIS,Consumer,0.0518816306479453,-0.45132873055184664,1.4513287305518467,0.07529730114724224,0.08497243821973288,True,False,False
2022-07-29,2022-08-01,2022-07-29,Extended Sentiment Contrarian,extended,-1.0,contrarian,DOW,Materials,0.0,,1.0,0.0,0.0,False,False,False
2022-07-29,2022-08-01,2022-07-29,Extended Sentiment Contrarian,extended,-1.0,contrarian,DUK,Utilities,0.1642614616803114,-0.3583020110418167,1.3583020110418167,0.22311667373703528,0.25178548880309887,True,False,False
2022-07-29,2022-08-01,2022-07-29,Extended Sentiment Contrarian,extended,-1.0,contrarian,EA,Comm,0.0956673599843583,,1.0,0.0956673599843583,0.10795989646454357,False,False,False
2022-07-29,2022-08-01,2022-07-29,Extended Sentiment Contrarian,extended,-1.0,contrarian,GE,Industrials,0.0,,1.0,0.0,0.0,False,False,False
2022-07-29,2022-08-01,2022-07-29,Extended Sentiment Contrarian,extended,-1.0,contrarian,GILD,Healthcare,0.1690246579855002,-0.28710841952516447,1.2871084195251645,0.21755306040049865,0.24550699298300463,True,False,False
2022-07-29,2022-08-01,2022-07-29,Extended Sentiment Contrarian,extended,-1.0,contrarian,GS,Financials,0.0,0.6341054535153207,0.36589454648467934,0.0,0.0,True,False,False
2022-07-29,2022-08-01,2022-07-29,Extended Sentiment Contrarian,extended,-1.0,contrarian,INTC,Tech,0.0,0.6348899926540231,0.3651100073459769,0.0,0.0,True,False,False
2022-07-29,2022-08-01,2022-07-29,Extended Sentiment Contrarian,extended,-1.0,contrarian,KO,Consumer,0.0260631903696107,-0.8785323580972582,1.8785323580972582,0.048960546464562535,0.05525160857397837,True,False,False
2022-07-29,2022-08-01,2022-07-29,Extended Sentiment Contrarian,extended,-1.0,contrarian,MMM,Industrials,0.0321050016207246,-0.15935584584127518,1.1593558458412752,0.037221121309730675,0.04200375554995717,True,False,False
2022-07-29,2022-08-01,2022-07-29,Extended Sentiment Contrarian,extended,-1.0,contrarian,MRK,Healthcare,0.0619976273882628,1.843454153141657,-0.8434541531416571,-0.05229215630555921,0.0,True,True,False
2022-07-29,2022-08-01,2022-07-29,Extended Sentiment Contrarian,extended,-1.0,contrarian,MS,Financials,0.0,-1.321616146955726,2.321616146955726,0.0,0.0,True,False,False
2022-07-29,2022-08-01,2022-07-29,Extended Sentiment Contrarian,extended,-1.0,contrarian,NEE,Utilities,0.0,0.40027331805790156,0.5997266819420984,0.0,0.0,True,False,False
2022-07-29,2022-08-01,2022-07-29,Extended Sentiment Contrarian,extended,-1.0,contrarian,NEM,Materials,0.0594601836292725,,1.0,0.0594601836292725,0.06710037017252878,False,False,False
2022-07-29,2022-08-01,2022-07-29,Extended Sentiment Contrarian,extended,-1.0,contrarian,NKE,Consumer,0.0,0.8837603514177068,0.11623964858229319,0.0,0.0,True,False,False
2022-07-29,2022-08-01,2022-07-29,Extended Sentiment Contrarian,extended,-1.0,contrarian,NUE,Materials,0.0,-0.371761395681948,1.3717613956819479,0.0,0.0,True,False,False
2022-07-29,2022-08-01,2022-07-29,Extended Sentiment Contrarian,extended,-1.0,contrarian,NVDA,Tech,0.0,1.4630410214001546,-0.4630410214001546,-0.0,-0.0,True,False,False
2022-07-29,2022-08-01,2022-07-29,Extended Sentiment Contrarian,extended,-1.0,contrarian,O,RealEstate,0.0,-0.5285550251870357,1.5285550251870357,0.0,0.0,True,False,False
2022-07-29,2022-08-01,2022-07-29,Extended Sentiment Contrarian,extended,-1.0,contrarian,OXY,Energy,0.0,0.3433051334479456,0.6566948665520544,0.0,0.0,True,False,False
2022-07-29,2022-08-01,2022-07-29,Extended Sentiment Contrarian,extended,-1.0,contrarian,PLD,RealEstate,0.0,1.7092121011314814,-0.7092121011314814,-0.0,-0.0,True,False,False
2022-07-29,2022-08-01,2022-07-29,Extended Sentiment Contrarian,extended,-1.0,contrarian,PSA,RealEstate,0.0,-0.566589131626865,1.566589131626865,0.0,0.0,True,False,False
2022-07-29,2022-08-01,2022-07-29,Extended Sentiment Contrarian,extended,-1.0,contrarian,QCOM,Tech,0.0,0.8209487624814923,0.1790512375185077,0.0,0.0,True,False,False
2022-07-29,2022-08-01,2022-07-29,Extended Sentiment Contrarian,extended,-1.0,contrarian,SBUX,Consumer,0.0,-0.2734407828741628,1.2734407828741627,0.0,0.0,True,False,False
2022-07-29,2022-08-01,2022-07-29,Extended Sentiment Contrarian,extended,-1.0,contrarian,SHW,Materials,0.0229969578391255,,1.0,0.0229969578391255,0.02595189401816246,False,False,False
2022-07-29,2022-08-01,2022-07-29,Extended Sentiment Contrarian,extended,-1.0,contrarian,SLB,Energy,0.0,1.1535828486023274,-0.1535828486023274,-0.0,-0.0,True,False,False
2022-07-29,2022-08-01,2022-07-29,Extended Sentiment Contrarian,extended,-1.0,contrarian,SO,Utilities,0.0025290269910985,0.07100502324810475,0.9289949767518952,0.0023494533708004663,0.0026513404645154078,True,False,False
2022-07-29,2022-08-01,2022-07-29,Extended Sentiment Contrarian,extended,-1.0,contrarian,T,Comm,0.0,-0.4551409816698898,1.45514098166989,0.0,0.0,True,False,False
2022-07-29,2022-08-01,2022-07-29,Extended Sentiment Contrarian,extended,-1.0,contrarian,TMUS,Comm,0.0,-0.3959591373631429,1.395959137363143,0.0,0.0,True,False,False
2022-07-29,2022-08-01,2022-07-29,Extended Sentiment Contrarian,extended,-1.0,contrarian,TTWO,Comm,0.0272890368585703,2.678174338043603,-1.6781743380436032,-0.0457957613659787,0.0,True,True,False
2022-07-29,2022-08-01,2022-07-29,Extended Sentiment Contrarian,extended,-1.0,contrarian,UPS,Industrials,0.0,-0.5596675072413021,1.559667507241302,0.0,0.0,True,False,False
2022-07-29,2022-08-01,2022-07-29,Extended Sentiment Contrarian,extended,-1.0,contrarian,USB,Financials,0.0,-0.46298037641260564,1.4629803764126057,0.0,0.0,True,False,False
2022-07-29,2022-08-01,2022-07-29,Extended Sentiment Contrarian,extended,-1.0,contrarian,V,Financials,0.0,-0.43007009691401854,1.4300700969140185,0.0,0.0,True,False,False
2022-07-29,2022-08-01,2022-07-29,Extended Sentiment Contrarian,extended,-1.0,contrarian,WFC,Financials,0.0,-0.28830835654515236,1.2883083565451523,0.0,0.0,True,False,False
2022-07-29,2022-08-01,2022-07-29,Extended Sentiment Contrarian,extended,-1.0,contrarian,WMT,Consumer,0.1090489304728087,0.5418962973719851,0.4581037026280149,0.04995571881721863,0.05637465309171874,True,False,False
2022-07-29,2022-08-01,2022-07-29,Extended Sentiment Contrarian,extended,-1.0,contrarian,XOM,Energy,0.0,1.038409773654164,-0.03840977365416398,-0.0,-0.0,True,False,False
2022-08-31,2022-09-01,2022-08-31,Extended Sentiment Contrarian,extended,-1.0,contrarian,ABBV,Healthcare,0.0536434278939202,-0.5690484760129444,1.5690484760129444,0.08416913878506577,0.03943857531915729,True,False,False
2022-08-31,2022-09-01,2022-08-31,Extended Sentiment Contrarian,extended,-1.0,contrarian,ABT,Healthcare,0.0,-2.0763699945979646,3.0763699945979646,0.0,0.0,True,False,False
2022-08-31,2022-09-01,2022-08-31,Extended Sentiment Contrarian,extended,-1.0,contrarian,ADBE,Tech,0.0,-0.3009011316750994,1.3009011316750994,0.0,0.0,True,False,False
2022-08-31,2022-09-01,2022-08-31,Extended Sentiment Contrarian,extended,-1.0,contrarian,AEP,Utilities,0.0,,1.0,0.0,0.0,False,False,False
2022-08-31,2022-09-01,2022-08-31,Extended Sentiment Contrarian,extended,-1.0,contrarian,AMD,Tech,0.0,0.586284077248068,0.41371592275193203,0.0,0.0,True,False,False
2022-08-31,2022-09-01,2022-08-31,Extended Sentiment Contrarian,extended,-1.0,contrarian,AMGN,Healthcare,0.133770645598937,-0.2657326995487257,1.2657326995487257,0.16931788037431839,0.07933615662950616,True,False,False
2022-08-31,2022-09-01,2022-08-31,Extended Sentiment Contrarian,extended,-1.0,contrarian,AMT,RealEstate,0.0,-0.3289291034695144,1.3289291034695143,0.0,0.0,True,False,False
2022-08-31,2022-09-01,2022-08-31,Extended Sentiment Contrarian,extended,-1.0,contrarian,BA,Industrials,0.0,,1.0,0.0,0.0,False,False,False
2022-08-31,2022-09-01,2022-08-31,Extended Sentiment Contrarian,extended,-1.0,contrarian,CAT,Industrials,0.0,-0.25026684486756934,1.2502668448675693,0.0,0.0,True,False,False
2022-08-31,2022-09-01,2022-08-31,Extended Sentiment Contrarian,extended,-1.0,contrarian,CCI,RealEstate,0.0,1.5665814360511028,-0.5665814360511028,-0.0,-0.0,True,False,False
2022-08-31,2022-09-01,2022-08-31,Extended Sentiment Contrarian,extended,-1.0,contrarian,CMCSA,Comm,0.0,0.7820654243869328,0.21793457561306717,0.0,0.0,True,False,False
2022-08-31,2022-09-01,2022-08-31,Extended Sentiment Contrarian,extended,-1.0,contrarian,COP,Energy,0.0,1.5291934003239933,-0.5291934003239933,-0.0,-0.0,True,False,False
2022-08-31,2022-09-01,2022-08-31,Extended Sentiment Contrarian,extended,-1.0,contrarian,CVX,Energy,0.0739686101433591,0.5476722795113182,0.45232772048868175,0.033458052813861605,0.01567721798011257,True,False,False
2022-08-31,2022-09-01,2022-08-31,Extended Sentiment Contrarian,extended,-1.0,contrarian,D,Utilities,0.0,,1.0,0.0,0.0,False,False,False
2022-08-31,2022-09-01,2022-08-31,Extended Sentiment Contrarian,extended,-1.0,contrarian,DD,Materials,0.0,,1.0,0.0,0.0,False,False,False
2022-08-31,2022-09-01,2022-08-31,Extended Sentiment Contrarian,extended,-1.0,contrarian,DIS,Consumer,0.0298601514968296,-0.9846623892029517,1.9846623892029518,0.05926231961165993,0.027768152191277005,True,False,False
2022-08-31,2022-09-01,2022-08-31,Extended Sentiment Contrarian,extended,-1.0,contrarian,DOW,Materials,0.0,-0.2209701111744077,1.2209701111744078,0.0,0.0,True,False,False
2022-08-31,2022-09-01,2022-08-31,Extended Sentiment Contrarian,extended,-1.0,contrarian,DUK,Utilities,0.1168555060329907,-0.38767400931532353,1.3876740093153235,0.16215734856737118,0.07598099371504831,True,False,False
2022-08-31,2022-09-01,2022-08-31,Extended Sentiment Contrarian,extended,-1.0,contrarian,EA,Comm,0.1019097386081632,-0.3107293827510767,1.3107293827510766,0.1335760887822013,0.06258886231125373,True,False,False
2022-08-31,2022-09-01,2022-08-31,Extended Sentiment Contrarian,extended,-1.0,contrarian,GE,Industrials,0.0,,1.0,0.0,0.0,False,False,False
2022-08-31,2022-09-01,2022-08-31,Extended Sentiment Contrarian,extended,-1.0,contrarian,GILD,Healthcare,0.142524244327737,-3.6582213784297433,4.658221378429744,0.6639094818720086,0.3110836642011323,True,False,False
2022-08-31,2022-09-01,2022-08-31,Extended Sentiment Contrarian,extended,-1.0,contrarian,GS,Financials,0.0,2.246388947214713,-1.246388947214713,-0.0,-0.0,True,False,False
2022-08-31,2022-09-01,2022-08-31,Extended Sentiment Contrarian,extended,-1.0,contrarian,INTC,Tech,0.0,0.32517351893389407,0.674826481066106,0.0,0.0,True,False,False
2022-08-31,2022-09-01,2022-08-31,Extended Sentiment Contrarian,extended,-1.0,contrarian,KO,Consumer,0.0323693398370629,-0.4387400499807146,1.4387400499807146,0.046571065615018614,0.021821495449080384,True,False,False
2022-08-31,2022-09-01,2022-08-31,Extended Sentiment Contrarian,extended,-1.0,contrarian,MMM,Industrials,0.0,-0.5463767528616179,1.546376752861618,0.0,0.0,True,False,False
2022-08-31,2022-09-01,2022-08-31,Extended Sentiment Contrarian,extended,-1.0,contrarian,MRK,Healthcare,0.0646693637507676,-2.3576815367807398,3.3576815367807398,0.21713912866131,0.10174344188448224,True,False,False
2022-08-31,2022-09-01,2022-08-31,Extended Sentiment Contrarian,extended,-1.0,contrarian,MS,Financials,0.0,0.6356799008120814,0.36432009918791863,0.0,0.0,True,False,False
2022-08-31,2022-09-01,2022-08-31,Extended Sentiment Contrarian,extended,-1.0,contrarian,NEE,Utilities,0.0,0.5184358204749445,0.4815641795250555,0.0,0.0,True,False,False
2022-08-31,2022-09-01,2022-08-31,Extended Sentiment Contrarian,extended,-1.0,contrarian,NEM,Materials,0.059496057592236,-3.449153265304661,4.449153265304661,0.26470707890925094,0.12403204095666627,True,False,False
2022-08-31,2022-09-01,2022-08-31,Extended Sentiment Contrarian,extended,-1.0,contrarian,NKE,Consumer,0.0,-0.24759899347595238,1.2475989934759524,0.0,0.0,True,False,False
2022-08-31,2022-09-01,2022-08-31,Extended Sentiment Contrarian,extended,-1.0,contrarian,NUE,Materials,0.0,,1.0,0.0,0.0,False,False,False
2022-08-31,2022-09-01,2022-08-31,Extended Sentiment Contrarian,extended,-1.0,contrarian,NVDA,Tech,0.0,-0.5188866025031033,1.5188866025031031,0.0,0.0,True,False,False
2022-08-31,2022-09-01,2022-08-31,Extended Sentiment Contrarian,extended,-1.0,contrarian,O,RealEstate,0.0190629835490111,-0.4534419633502216,1.4534419633502216,0.027706940236787665,0.012982457289747429,True,False,False
2022-08-31,2022-09-01,2022-08-31,Extended Sentiment Contrarian,extended,-1.0,contrarian,OXY,Energy,0.0,0.5726042240101812,0.4273957759898188,0.0,0.0,True,False,False
2022-08-31,2022-09-01,2022-08-31,Extended Sentiment Contrarian,extended,-1.0,contrarian,PLD,RealEstate,0.0,-0.341625157046315,1.3416251570463151,0.0,0.0,True,False,False
2022-08-31,2022-09-01,2022-08-31,Extended Sentiment Contrarian,extended,-1.0,contrarian,PSA,RealEstate,0.0,-0.5709373601931365,1.5709373601931365,0.0,0.0,True,False,False
2022-08-31,2022-09-01,2022-08-31,Extended Sentiment Contrarian,extended,-1.0,contrarian,QCOM,Tech,0.0,,1.0,0.0,0.0,False,False,False
2022-08-31,2022-09-01,2022-08-31,Extended Sentiment Contrarian,extended,-1.0,contrarian,SBUX,Consumer,0.0,0.834413961655172,0.165586038344828,0.0,0.0,True,False,False
2022-08-31,2022-09-01,2022-08-31,Extended Sentiment Contrarian,extended,-1.0,contrarian,SHW,Materials,0.0257172350229008,-0.12791020982347492,1.127910209823475,0.029006731950759663,0.013591492075544673,True,False,False
2022-08-31,2022-09-01,2022-08-31,Extended Sentiment Contrarian,extended,-1.0,contrarian,SLB,Energy,0.0,,1.0,0.0,0.0,False,False,False
2022-08-31,2022-09-01,2022-08-31,Extended Sentiment Contrarian,extended,-1.0,contrarian,SO,Utilities,0.0306219679750949,-0.4529311109111762,1.4529311109111762,0.044491609948341095,0.020847138694135646,True,False,False
2022-08-31,2022-09-01,2022-08-31,Extended Sentiment Contrarian,extended,-1.0,contrarian,T,Comm,0.0,0.6474768101218505,0.35252318987814946,0.0,0.0,True,False,False
2022-08-31,2022-09-01,2022-08-31,Extended Sentiment Contrarian,extended,-1.0,contrarian,TMUS,Comm,0.0,0.7040722184497881,0.29592778155021193,0.0,0.0,True,False,False
2022-08-31,2022-09-01,2022-08-31,Extended Sentiment Contrarian,extended,-1.0,contrarian,TTWO,Comm,0.0121737302143287,0.5807270686693329,0.4192729313306671,0.005104115552190304,0.0023916015840054687,True,False,False
2022-08-31,2022-09-01,2022-08-31,Extended Sentiment Contrarian,extended,-1.0,contrarian,UPS,Industrials,0.0042261330727831,1.5387361487299778,-0.5387361487299778,-0.002276770655651554,0.0,True,True,False
2022-08-31,2022-09-01,2022-08-31,Extended Sentiment Contrarian,extended,-1.0,contrarian,USB,Financials,0.0,-0.42841364619243794,1.428413646192438,0.0,0.0,True,False,False
2022-08-31,2022-09-01,2022-08-31,Extended Sentiment Contrarian,extended,-1.0,contrarian,V,Financials,0.0,-0.47713020297813274,1.4771302029781328,0.0,0.0,True,False,False
2022-08-31,2022-09-01,2022-08-31,Extended Sentiment Contrarian,extended,-1.0,contrarian,WFC,Financials,0.0,-0.41645116663570975,1.4164511666357098,0.0,0.0,True,False,False
2022-08-31,2022-09-01,2022-08-31,Extended Sentiment Contrarian,extended,-1.0,contrarian,WMT,Consumer,0.0991308648838773,-0.9530351526022908,1.9530351526022907,0.19360606382608037,0.0907167097188504,True,False,False
2022-08-31,2022-09-01,2022-08-31,Extended Sentiment Contrarian,extended,-1.0,contrarian,XOM,Energy,0.0,0.6577983616523081,0.3422016383476919,0.0,0.0,True,False,False
2022-09-30,2022-10-03,2022-09-30,Extended Sentiment Contrarian,extended,-1.0,contrarian,ABBV,Healthcare,0.0732522211490264,-0.5588381905492912,1.5588381905492912,0.11418835986966483,0.12113897308760424,True,False,False
2022-09-30,2022-10-03,2022-09-30,Extended Sentiment Contrarian,extended,-1.0,contrarian,ABT,Healthcare,0.0,-0.4083111804359292,1.4083111804359292,0.0,0.0,True,False,False
2022-09-30,2022-10-03,2022-09-30,Extended Sentiment Contrarian,extended,-1.0,contrarian,ADBE,Tech,0.0,-0.1863744372940632,1.1863744372940632,0.0,0.0,True,False,False
2022-09-30,2022-10-03,2022-09-30,Extended Sentiment Contrarian,extended,-1.0,contrarian,AEP,Utilities,0.0,-0.7415411791053781,1.741541179105378,0.0,0.0,True,False,False
2022-09-30,2022-10-03,2022-09-30,Extended Sentiment Contrarian,extended,-1.0,contrarian,AMD,Tech,0.0,-0.6993133610435593,1.6993133610435593,0.0,0.0,True,False,False
2022-09-30,2022-10-03,2022-09-30,Extended Sentiment Contrarian,extended,-1.0,contrarian,AMGN,Healthcare,0.1648368203171335,,1.0,0.1648368203171335,0.17487039101914814,False,False,False
2022-09-30,2022-10-03,2022-09-30,Extended Sentiment Contrarian,extended,-1.0,contrarian,AMT,RealEstate,0.0,,1.0,0.0,0.0,False,False,False
2022-09-30,2022-10-03,2022-09-30,Extended Sentiment Contrarian,extended,-1.0,contrarian,BA,Industrials,0.0,,1.0,0.0,0.0,False,False,False
2022-09-30,2022-10-03,2022-09-30,Extended Sentiment Contrarian,extended,-1.0,contrarian,CAT,Industrials,0.0,,1.0,0.0,0.0,False,False,False
2022-09-30,2022-10-03,2022-09-30,Extended Sentiment Contrarian,extended,-1.0,contrarian,CCI,RealEstate,0.0,,1.0,0.0,0.0,False,False,False
2022-09-30,2022-10-03,2022-09-30,Extended Sentiment Contrarian,extended,-1.0,contrarian,CMCSA,Comm,0.0,0.019013781237070544,0.9809862187629295,0.0,0.0,True,False,False
2022-09-30,2022-10-03,2022-09-30,Extended Sentiment Contrarian,extended,-1.0,contrarian,COP,Energy,0.0,0.9595989667263067,0.040401033273693265,0.0,0.0,True,False,False
2022-09-30,2022-10-03,2022-09-30,Extended Sentiment Contrarian,extended,-1.0,contrarian,CVX,Energy,0.0777440136202092,-0.011184835351829618,1.0111848353518296,0.07861356761214164,0.08339875327185339,True,False,False
2022-09-30,2022-10-03,2022-09-30,Extended Sentiment Contrarian,extended,-1.0,contrarian,D,Utilities,0.0,,1.0,0.0,0.0,False,False,False
2022-09-30,2022-10-03,2022-09-30,Extended Sentiment Contrarian,extended,-1.0,contrarian,DD,Materials,0.0,0.9727335381186739,0.027266461881326087,0.0,0.0,True,False,False
2022-09-30,2022-10-03,2022-09-30,Extended Sentiment Contrarian,extended,-1.0,contrarian,DIS,Consumer,0.0,-0.3030589284776005,1.3030589284776006,0.0,0.0,True,False,False
2022-09-30,2022-10-03,2022-09-30,Extended Sentiment Contrarian,extended,-1.0,contrarian,DOW,Materials,0.0,-0.2475092574685141,1.247509257468514,0.0,0.0,True,False,False
2022-09-30,2022-10-03,2022-09-30,Extended Sentiment Contrarian,extended,-1.0,contrarian,DUK,Utilities,0.0578576892474824,,1.0,0.0578576892474824,0.06137947045269451,False,False,False
2022-09-30,2022-10-03,2022-09-30,Extended Sentiment Contrarian,extended,-1.0,contrarian,EA,Comm,0.0946902394116948,,1.0,0.0946902394116948,0.10045400754371803,False,False,False
2022-09-30,2022-10-03,2022-09-30,Extended Sentiment Contrarian,extended,-1.0,contrarian,GE,Industrials,0.0,-0.32806926314286255,1.3280692631428626,0.0,0.0,True,False,False
2022-09-30,2022-10-03,2022-09-30,Extended Sentiment Contrarian,extended,-1.0,contrarian,GILD,Healthcare,0.0974731682058417,,1.0,0.0974731682058417,0.10340633242765254,False,False,False
2022-09-30,2022-10-03,2022-09-30,Extended Sentiment Contrarian,extended,-1.0,contrarian,GS,Financials,0.0,,1.0,0.0,0.0,False,False,False
2022-09-30,2022-10-03,2022-09-30,Extended Sentiment Contrarian,extended,-1.0,contrarian,INTC,Tech,0.0,0.17238869323397085,0.8276113067660291,0.0,0.0,True,False,False
2022-09-30,2022-10-03,2022-09-30,Extended Sentiment Contrarian,extended,-1.0,contrarian,KO,Consumer,0.0629928517538217,0.8483676627860661,0.15163233721393388,0.009551753339202839,0.010133165867500283,True,False,False
2022-09-30,2022-10-03,2022-09-30,Extended Sentiment Contrarian,extended,-1.0,contrarian,MMM,Industrials,0.0204597539489337,2.054558174412519,-1.0545581744125192,-0.021576000773316853,0.0,True,True,False
2022-09-30,2022-10-03,2022-09-30,Extended Sentiment Contrarian,extended,-1.0,contrarian,MRK,Healthcare,0.0784927707340805,-0.5484886785861562,1.5484886785861562,0.12154516683258242,0.12894358681275792,True,False,False
2022-09-30,2022-10-03,2022-09-30,Extended Sentiment Contrarian,extended,-1.0,contrarian,MS,Financials,0.0,-1.5500414809790934,2.5500414809790932,0.0,0.0,True,False,False
2022-09-30,2022-10-03,2022-09-30,Extended Sentiment Contrarian,extended,-1.0,contrarian,NEE,Utilities,0.0,,1.0,0.0,0.0,False,False,False
2022-09-30,2022-10-03,2022-09-30,Extended Sentiment Contrarian,extended,-1.0,contrarian,NEM,Materials,0.0556210288028257,,1.0,0.0556210288028257,0.05900666511841493,False,False,False
2022-09-30,2022-10-03,2022-09-30,Extended Sentiment Contrarian,extended,-1.0,contrarian,NKE,Consumer,0.0,-0.7479205377587776,1.7479205377587776,0.0,0.0,True,False,False
2022-09-30,2022-10-03,2022-09-30,Extended Sentiment Contrarian,extended,-1.0,contrarian,NUE,Materials,0.0,-0.37640452731451607,1.376404527314516,0.0,0.0,True,False,False
2022-09-30,2022-10-03,2022-09-30,Extended Sentiment Contrarian,extended,-1.0,contrarian,NVDA,Tech,0.0,-0.6036836012019702,1.6036836012019702,0.0,0.0,True,False,False
2022-09-30,2022-10-03,2022-09-30,Extended Sentiment Contrarian,extended,-1.0,contrarian,O,RealEstate,0.0727570623837457,0.5294819413948914,0.47051805860510865,0.03423351174261081,0.03631729593467964,True,False,False
2022-09-30,2022-10-03,2022-09-30,Extended Sentiment Contrarian,extended,-1.0,contrarian,OXY,Energy,0.0,0.5675146493551831,0.43248535064481686,0.0,0.0,True,False,False
2022-09-30,2022-10-03,2022-09-30,Extended Sentiment Contrarian,extended,-1.0,contrarian,PLD,RealEstate,0.0,1.7416948935525547,-0.7416948935525547,-0.0,-0.0,True,False,False
2022-09-30,2022-10-03,2022-09-30,Extended Sentiment Contrarian,extended,-1.0,contrarian,PSA,RealEstate,0.0,,1.0,0.0,0.0,False,False,False
2022-09-30,2022-10-03,2022-09-30,Extended Sentiment Contrarian,extended,-1.0,contrarian,QCOM,Tech,0.0,-2.7130550176481956,3.7130550176481956,0.0,0.0,True,False,False
2022-09-30,2022-10-03,2022-09-30,Extended Sentiment Contrarian,extended,-1.0,contrarian,SBUX,Consumer,0.0,0.7933547016578404,0.2066452983421596,0.0,0.0,True,False,False
2022-09-30,2022-10-03,2022-09-30,Extended Sentiment Contrarian,extended,-1.0,contrarian,SHW,Materials,0.0135538873477348,,1.0,0.0135538873477348,0.014378908642910216,False,False,False
2022-09-30,2022-10-03,2022-09-30,Extended Sentiment Contrarian,extended,-1.0,contrarian,SLB,Energy,0.0,,1.0,0.0,0.0,False,False,False
2022-09-30,2022-10-03,2022-09-30,Extended Sentiment Contrarian,extended,-1.0,contrarian,SO,Utilities,0.0,,1.0,0.0,0.0,False,False,False
2022-09-30,2022-10-03,2022-09-30,Extended Sentiment Contrarian,extended,-1.0,contrarian,T,Comm,0.0,-0.5497216744207342,1.5497216744207343,0.0,0.0,True,False,False
2022-09-30,2022-10-03,2022-09-30,Extended Sentiment Contrarian,extended,-1.0,contrarian,TMUS,Comm,0.0,,1.0,0.0,0.0,False,False,False
2022-09-30,2022-10-03,2022-09-30,Extended Sentiment Contrarian,extended,-1.0,contrarian,TTWO,Comm,0.0136338485998738,-0.21585634848998203,1.215856348489982,0.016576801374507812,0.017585826592807836,True,False,False
2022-09-30,2022-10-03,2022-09-30,Extended Sentiment Contrarian,extended,-1.0,contrarian,UPS,Industrials,0.0009307205213781,-0.5950445383730655,1.5950445383730654,0.0014845406843758701,0.0015749042565925942,True,False,False
2022-09-30,2022-10-03,2022-09-30,Extended Sentiment Contrarian,extended,-1.0,contrarian,USB,Financials,0.0,,1.0,0.0,0.0,False,False,False
2022-09-30,2022-10-03,2022-09-30,Extended Sentiment Contrarian,extended,-1.0,contrarian,V,Financials,0.0,0.42038161018659725,0.5796183898134027,0.0,0.0,True,False,False
2022-09-30,2022-10-03,2022-09-30,Extended Sentiment Contrarian,extended,-1.0,contrarian,WFC,Financials,0.0,2.5948923570984976,-1.5948923570984976,-0.0,-0.0,True,False,False
2022-09-30,2022-10-03,2022-09-30,Extended Sentiment Contrarian,extended,-1.0,contrarian,WMT,Consumer,0.1157039239562172,0.2878696087309344,0.7121303912690655,0.08239628063830716,0.08741171897166575,True,False,False
2022-09-30,2022-10-03,2022-09-30,Extended Sentiment Contrarian,extended,-1.0,contrarian,XOM,Energy,0.0,,1.0,0.0,0.0,False,False,False
2022-10-31,2022-11-01,2022-10-31,Extended Sentiment Contrarian,extended,-1.0,contrarian,ABBV,Healthcare,0.0884388985407528,,1.0,0.0884388985407528,0.12050226048703977,False,False,False
2022-10-31,2022-11-01,2022-10-31,Extended Sentiment Contrarian,extended,-1.0,contrarian,ABT,Healthcare,0.0,,1.0,0.0,0.0,False,False,False
2022-10-31,2022-11-01,2022-10-31,Extended Sentiment Contrarian,extended,-1.0,contrarian,ADBE,Tech,0.0,0.5779187734398302,0.4220812265601698,0.0,0.0,True,False,False
2022-10-31,2022-11-01,2022-10-31,Extended Sentiment Contrarian,extended,-1.0,contrarian,AEP,Utilities,0.0,2.1210589727166123,-1.1210589727166123,-0.0,-0.0,True,False,False
2022-10-31,2022-11-01,2022-10-31,Extended Sentiment Contrarian,extended,-1.0,contrarian,AMD,Tech,0.0,-0.5823371821387626,1.5823371821387626,0.0,0.0,True,False,False
2022-10-31,2022-11-01,2022-10-31,Extended Sentiment Contrarian,extended,-1.0,contrarian,AMGN,Healthcare,0.1762036129743767,0.7271536284499778,0.2728463715500222,0.0480765164540631,0.06550657012521915,True,False,False
2022-10-31,2022-11-01,2022-10-31,Extended Sentiment Contrarian,extended,-1.0,contrarian,AMT,RealEstate,0.0,0.65394861149309,0.34605138850691,0.0,0.0,True,False,False
2022-10-31,2022-11-01,2022-10-31,Extended Sentiment Contrarian,extended,-1.0,contrarian,BA,Industrials,0.0,,1.0,0.0,0.0,False,False,False
2022-10-31,2022-11-01,2022-10-31,Extended Sentiment Contrarian,extended,-1.0,contrarian,CAT,Industrials,0.0,0.36445076377204694,0.6355492362279531,0.0,0.0,True,False,False
2022-10-31,2022-11-01,2022-10-31,Extended Sentiment Contrarian,extended,-1.0,contrarian,CCI,RealEstate,0.0,-0.4719796219671276,1.4719796219671277,0.0,0.0,True,False,False
2022-10-31,2022-11-01,2022-10-31,Extended Sentiment Contrarian,extended,-1.0,contrarian,CMCSA,Comm,0.0,0.07607625561061031,0.9239237443893897,0.0,0.0,True,False,False
2022-10-31,2022-11-01,2022-10-31,Extended Sentiment Contrarian,extended,-1.0,contrarian,COP,Energy,0.0,1.1722768712745528,-0.17227687127455282,-0.0,-0.0,True,False,False
2022-10-31,2022-11-01,2022-10-31,Extended Sentiment Contrarian,extended,-1.0,contrarian,CVX,Energy,0.0715369700267971,-0.6532587063756421,1.653258706375642,0.11826911852453566,0.1611473725156015,True,False,False
2022-10-31,2022-11-01,2022-10-31,Extended Sentiment Contrarian,extended,-1.0,contrarian,D,Utilities,0.0,1.215885424747479,-0.21588542474747907,-0.0,-0.0,True,False,False
2022-10-31,2022-11-01,2022-10-31,Extended Sentiment Contrarian,extended,-1.0,contrarian,DD,Materials,0.0,,1.0,0.0,0.0,False,False,False
2022-10-31,2022-11-01,2022-10-31,Extended Sentiment Contrarian,extended,-1.0,contrarian,DIS,Consumer,0.0,0.9074629616580512,0.09253703834194882,0.0,0.0,True,False,False
2022-10-31,2022-11-01,2022-10-31,Extended Sentiment Contrarian,extended,-1.0,contrarian,DOW,Materials,0.0,,1.0,0.0,0.0,False,False,False
2022-10-31,2022-11-01,2022-10-31,Extended Sentiment Contrarian,extended,-1.0,contrarian,DUK,Utilities,0.0194134530647456,-0.22509805217776882,1.2250980521777688,0.02378338353566437,0.03240600601507,True,False,False
2022-10-31,2022-11-01,2022-10-31,Extended Sentiment Contrarian,extended,-1.0,contrarian,EA,Comm,0.1053449844994996,-0.1364897408684397,1.1364897408684398,0.11972349413562611,0.1631290293614617,True,False,False
2022-10-31,2022-11-01,2022-10-31,Extended Sentiment Contrarian,extended,-1.0,contrarian,GE,Industrials,0.0,0.5617659444763264,0.43823405552367356,0.0,0.0,True,False,False
2022-10-31,2022-11-01,2022-10-31,Extended Sentiment Contrarian,extended,-1.0,contrarian,GILD,Healthcare,0.0381392642550309,-0.2969421687126594,1.2969421687126594,0.04946442009602498,0.06739765571034248,True,False,False
2022-10-31,2022-11-01,2022-10-31,Extended Sentiment Contrarian,extended,-1.0,contrarian,GS,Financials,0.0,0.07772583748193373,0.9222741625180663,0.0,0.0,True,False,False
2022-10-31,2022-11-01,2022-10-31,Extended Sentiment Contrarian,extended,-1.0,contrarian,INTC,Tech,0.0,-0.25823016182620384,1.2582301618262037,0.0,0.0,True,False,False
2022-10-31,2022-11-01,2022-10-31,Extended Sentiment Contrarian,extended,-1.0,contrarian,KO,Consumer,0.0817710001440314,-0.4037355485969717,1.4037355485969716,0.11478485974650496,0.15639990204952556,True,False,False
2022-10-31,2022-11-01,2022-10-31,Extended Sentiment Contrarian,extended,-1.0,contrarian,MMM,Industrials,0.0,1.5051642663152178,-0.5051642663152178,-0.0,-0.0,True,False,False
2022-10-31,2022-11-01,2022-10-31,Extended Sentiment Contrarian,extended,-1.0,contrarian,MRK,Healthcare,0.13414195520691,3.3353805513860175,-2.3353805513860175,-0.3132725133151119,0.0,True,True,False
2022-10-31,2022-11-01,2022-10-31,Extended Sentiment Contrarian,extended,-1.0,contrarian,MS,Financials,0.0,-0.31702829566279417,1.3170282956627941,0.0,0.0,True,False,False
2022-10-31,2022-11-01,2022-10-31,Extended Sentiment Contrarian,extended,-1.0,contrarian,NEE,Utilities,0.0,0.21561920104961543,0.7843807989503846,0.0,0.0,True,False,False
2022-10-31,2022-11-01,2022-10-31,Extended Sentiment Contrarian,extended,-1.0,contrarian,NEM,Materials,0.0553090386081677,,1.0,0.0553090386081677,0.07536123004266028,False,False,False
2022-10-31,2022-11-01,2022-10-31,Extended Sentiment Contrarian,extended,-1.0,contrarian,NKE,Consumer,0.0,-1.2990084905794677,2.2990084905794674,0.0,0.0,True,False,False
2022-10-31,2022-11-01,2022-10-31,Extended Sentiment Contrarian,extended,-1.0,contrarian,NUE,Materials,0.0,,1.0,0.0,0.0,False,False,False
2022-10-31,2022-11-01,2022-10-31,Extended Sentiment Contrarian,extended,-1.0,contrarian,NVDA,Tech,0.0,-1.1421603887403267,2.1421603887403267,0.0,0.0,True,False,False
2022-10-31,2022-11-01,2022-10-31,Extended Sentiment Contrarian,extended,-1.0,contrarian,O,RealEstate,0.0827719555512988,0.5474699087908265,0.45253009120917354,0.03745680059519091,0.05103669558088077,True,False,False
2022-10-31,2022-11-01,2022-10-31,Extended Sentiment Contrarian,extended,-1.0,contrarian,OXY,Energy,0.0,0.03413693803291121,0.9658630619670888,0.0,0.0,True,False,False
2022-10-31,2022-11-01,2022-10-31,Extended Sentiment Contrarian,extended,-1.0,contrarian,PLD,RealEstate,0.0,1.5811124185027814,-0.5811124185027814,-0.0,-0.0,True,False,False
2022-10-31,2022-11-01,2022-10-31,Extended Sentiment Contrarian,extended,-1.0,contrarian,PSA,RealEstate,0.0,-0.5818880845515969,1.581888084551597,0.0,0.0,True,False,False
2022-10-31,2022-11-01,2022-10-31,Extended Sentiment Contrarian,extended,-1.0,contrarian,QCOM,Tech,0.0,0.17267696552194645,0.8273230344780536,0.0,0.0,True,False,False
2022-10-31,2022-11-01,2022-10-31,Extended Sentiment Contrarian,extended,-1.0,contrarian,SBUX,Consumer,0.0,-0.3321772452873658,1.3321772452873657,0.0,0.0,True,False,False
2022-10-31,2022-11-01,2022-10-31,Extended Sentiment Contrarian,extended,-1.0,contrarian,SHW,Materials,0.0,-0.1474049809456647,1.1474049809456648,0.0,0.0,True,False,False
2022-10-31,2022-11-01,2022-10-31,Extended Sentiment Contrarian,extended,-1.0,contrarian,SLB,Energy,0.0,-0.3200018392401227,1.3200018392401227,0.0,0.0,True,False,False
2022-10-31,2022-11-01,2022-10-31,Extended Sentiment Contrarian,extended,-1.0,contrarian,SO,Utilities,0.0,1.9863473180260833,-0.9863473180260833,-0.0,-0.0,True,False,False
2022-10-31,2022-11-01,2022-10-31,Extended Sentiment Contrarian,extended,-1.0,contrarian,T,Comm,0.0,-0.4781436355626075,1.4781436355626076,0.0,0.0,True,False,False
2022-10-31,2022-11-01,2022-10-31,Extended Sentiment Contrarian,extended,-1.0,contrarian,TMUS,Comm,0.0,,1.0,0.0,0.0,False,False,False
2022-10-31,2022-11-01,2022-10-31,Extended Sentiment Contrarian,extended,-1.0,contrarian,TTWO,Comm,0.0199490792244301,2.6846750568550033,-1.6846750568550033,-0.03360771617662175,0.0,True,True,False
2022-10-31,2022-11-01,2022-10-31,Extended Sentiment Contrarian,extended,-1.0,contrarian,UPS,Industrials,0.0160948216448297,,1.0,0.0160948216448297,0.021929969983106545,False,False,False
2022-10-31,2022-11-01,2022-10-31,Extended Sentiment Contrarian,extended,-1.0,contrarian,USB,Financials,0.0,1.451796559970892,-0.45179655997089196,-0.0,-0.0,True,False,False
2022-10-31,2022-11-01,2022-10-31,Extended Sentiment Contrarian,extended,-1.0,contrarian,V,Financials,0.0,1.1406601195657138,-0.14066011956571378,-0.0,-0.0,True,False,False
2022-10-31,2022-11-01,2022-10-31,Extended Sentiment Contrarian,extended,-1.0,contrarian,WFC,Financials,0.0,0.15336679185283886,0.8466332081471611,0.0,0.0,True,False,False
2022-10-31,2022-11-01,2022-10-31,Extended Sentiment Contrarian,extended,-1.0,contrarian,WMT,Consumer,0.110884966259129,0.4361936478265753,0.5638063521734247,0.0625176483374328,0.08518330812909228,True,False,False
2022-10-31,2022-11-01,2022-10-31,Extended Sentiment Contrarian,extended,-1.0,contrarian,XOM,Energy,0.0,0.22379939249140346,0.7762006075085965,0.0,0.0,True,False,False
2022-11-30,2022-12-01,2022-11-30,Extended Sentiment Contrarian,extended,-1.0,contrarian,ABBV,Healthcare,0.0636545214473313,0.540472332066667,0.459527667933333,0.029251013794104483,0.037404743345713296,True,False,False
2022-11-30,2022-12-01,2022-11-30,Extended Sentiment Contrarian,extended,-1.0,contrarian,ABT,Healthcare,0.0,-0.39923751990788897,1.399237519907889,0.0,0.0,True,False,False
2022-11-30,2022-12-01,2022-11-30,Extended Sentiment Contrarian,extended,-1.0,contrarian,ADBE,Tech,0.0,0.010781051989313452,0.9892189480106865,0.0,0.0,True,False,False
2022-11-30,2022-12-01,2022-11-30,Extended Sentiment Contrarian,extended,-1.0,contrarian,AEP,Utilities,0.0,1.3006322569973938,-0.3006322569973938,-0.0,-0.0,True,False,False
2022-11-30,2022-12-01,2022-11-30,Extended Sentiment Contrarian,extended,-1.0,contrarian,AMD,Tech,0.0,0.6141175864323203,0.3858824135676797,0.0,0.0,True,False,False
2022-11-30,2022-12-01,2022-11-30,Extended Sentiment Contrarian,extended,-1.0,contrarian,AMGN,Healthcare,0.1709019314852956,0.15213890998909924,0.8478610900109007,0.14490109791409098,0.18529232580243216,True,False,False
2022-11-30,2022-12-01,2022-11-30,Extended Sentiment Contrarian,extended,-1.0,contrarian,AMT,RealEstate,0.0,,1.0,0.0,0.0,False,False,False
2022-11-30,2022-12-01,2022-11-30,Extended Sentiment Contrarian,extended,-1.0,contrarian,BA,Industrials,0.0,,1.0,0.0,0.0,False,False,False
2022-11-30,2022-12-01,2022-11-30,Extended Sentiment Contrarian,extended,-1.0,contrarian,CAT,Industrials,0.0,2.82215452200227,-1.8221545220022701,-0.0,-0.0,True,False,False
2022-11-30,2022-12-01,2022-11-30,Extended Sentiment Contrarian,extended,-1.0,contrarian,CCI,RealEstate,0.0,-0.4042164156193878,1.4042164156193877,0.0,0.0,True,False,False
2022-11-30,2022-12-01,2022-11-30,Extended Sentiment Contrarian,extended,-1.0,contrarian,CMCSA,Comm,0.0,0.9872005979025305,0.012799402097469548,0.0,0.0,True,False,False
2022-11-30,2022-12-01,2022-11-30,Extended Sentiment Contrarian,extended,-1.0,contrarian,COP,Energy,0.0,0.13001215323243456,0.8699878467675655,0.0,0.0,True,False,False
2022-11-30,2022-12-01,2022-11-30,Extended Sentiment Contrarian,extended,-1.0,contrarian,CVX,Energy,0.0605235864817061,-0.5008401913277565,1.5008401913277565,0.09083623111504581,0.11615685990462968,True,False,False
2022-11-30,2022-12-01,2022-11-30,Extended Sentiment Contrarian,extended,-1.0,contrarian,D,Utilities,0.0069548754457917,-0.3584449144657317,1.3584449144657316,0.009447815180078322,0.01208139671589057,True,False,False
2022-11-30,2022-12-01,2022-11-30,Extended Sentiment Contrarian,extended,-1.0,contrarian,DD,Materials,0.0,-0.1384355928441086,1.1384355928441086,0.0,0.0,True,False,False
2022-11-30,2022-12-01,2022-11-30,Extended Sentiment Contrarian,extended,-1.0,contrarian,DIS,Consumer,0.0,0.5365050533752104,0.4634949466247896,0.0,0.0,True,False,False
2022-11-30,2022-12-01,2022-11-30,Extended Sentiment Contrarian,extended,-1.0,contrarian,DOW,Materials,0.0,-0.07808377983684131,1.0780837798368412,0.0,0.0,True,False,False
2022-11-30,2022-12-01,2022-11-30,Extended Sentiment Contrarian,extended,-1.0,contrarian,DUK,Utilities,0.0099964961485953,,1.0,0.0099964961485953,0.012783022681763637,False,False,False
2022-11-30,2022-12-01,2022-11-30,Extended Sentiment Contrarian,extended,-1.0,contrarian,EA,Comm,0.1055331721303579,,1.0,0.1055331721303579,0.1349505779793049,False,False,False
2022-11-30,2022-12-01,2022-11-30,Extended Sentiment Contrarian,extended,-1.0,contrarian,GE,Industrials,0.0,-1.3063717154619536,2.3063717154619536,0.0,0.0,True,False,False
2022-11-30,2022-12-01,2022-11-30,Extended Sentiment Contrarian,extended,-1.0,contrarian,GILD,Healthcare,0.0271618217500063,-0.15392208910273783,1.1539220891027377,0.03134262609760345,0.04007939325500579,True,False,False
2022-11-30,2022-12-01,2022-11-30,Extended Sentiment Contrarian,extended,-1.0,contrarian,GS,Financials,0.0,,1.0,0.0,0.0,False,False,False
2022-11-30,2022-12-01,2022-11-30,Extended Sentiment Contrarian,extended,-1.0,contrarian,INTC,Tech,0.0,-0.665457878038899,1.6654578780388989,0.0,0.0,True,False,False
2022-11-30,2022-12-01,2022-11-30,Extended Sentiment Contrarian,extended,-1.0,contrarian,KO,Consumer,0.094522497493962,-0.37406358862287564,1.3740635886228756,0.1298799221121502,0.16608399238953425,True,False,False
2022-11-30,2022-12-01,2022-11-30,Extended Sentiment Contrarian,extended,-1.0,contrarian,MMM,Industrials,0.0,-0.11125787168994614,1.1112578716899462,0.0,0.0,True,False,False
2022-11-30,2022-12-01,2022-11-30,Extended Sentiment Contrarian,extended,-1.0,contrarian,MRK,Healthcare,0.2389892193193449,0.5782650432212156,0.42173495677878436,0.10079010808023933,0.12888538329184002,True,False,False
2022-11-30,2022-12-01,2022-11-30,Extended Sentiment Contrarian,extended,-1.0,contrarian,MS,Financials,0.0,-0.19464480911250429,1.1946448091125044,0.0,0.0,True,False,False
2022-11-30,2022-12-01,2022-11-30,Extended Sentiment Contrarian,extended,-1.0,contrarian,NEE,Utilities,0.0,0.41406229830439983,0.5859377016956002,0.0,0.0,True,False,False
2022-11-30,2022-12-01,2022-11-30,Extended Sentiment Contrarian,extended,-1.0,contrarian,NEM,Materials,0.0152060566649274,-0.1876883897972803,1.1876883897972803,0.018060056955533827,0.023094303670488845,True,False,False
2022-11-30,2022-12-01,2022-11-30,Extended Sentiment Contrarian,extended,-1.0,contrarian,NKE,Consumer,0.0,1.4166720495814193,-0.41667204958141935,-0.0,-0.0,True,False,False
2022-11-30,2022-12-01,2022-11-30,Extended Sentiment Contrarian,extended,-1.0,contrarian,NUE,Materials,0.0,-0.37638126586759313,1.3763812658675931,0.0,0.0,True,False,False
2022-11-30,2022-12-01,2022-11-30,Extended Sentiment Contrarian,extended,-1.0,contrarian,NVDA,Tech,0.0,0.6193630906041095,0.38063690939589045,0.0,0.0,True,False,False
2022-11-30,2022-12-01,2022-11-30,Extended Sentiment Contrarian,extended,-1.0,contrarian,O,RealEstate,0.0420479540983302,-0.555616565320827,1.5556165653208271,0.06541049393321222,0.08364369026352386,True,False,False
2022-11-30,2022-12-01,2022-11-30,Extended Sentiment Contrarian,extended,-1.0,contrarian,OXY,Energy,0.0,1.4378036472759628,-0.43780364727596277,-0.0,-0.0,True,False,False
2022-11-30,2022-12-01,2022-11-30,Extended Sentiment Contrarian,extended,-1.0,contrarian,PLD,RealEstate,0.0,,1.0,0.0,0.0,False,False,False
2022-11-30,2022-12-01,2022-11-30,Extended Sentiment Contrarian,extended,-1.0,contrarian,PSA,RealEstate,0.0,-1.6087246007200322,2.6087246007200324,0.0,0.0,True,False,False
2022-11-30,2022-12-01,2022-11-30,Extended Sentiment Contrarian,extended,-1.0,contrarian,QCOM,Tech,0.0,-0.7240781051634202,1.7240781051634202,0.0,0.0,True,False,False
2022-11-30,2022-12-01,2022-11-30,Extended Sentiment Contrarian,extended,-1.0,contrarian,SBUX,Consumer,0.0,,1.0,0.0,0.0,False,False,False
2022-11-30,2022-12-01,2022-11-30,Extended Sentiment Contrarian,extended,-1.0,contrarian,SHW,Materials,0.0,-0.11215096020288377,1.1121509602028838,0.0,0.0,True,False,False
2022-11-30,2022-12-01,2022-11-30,Extended Sentiment Contrarian,extended,-1.0,contrarian,SLB,Energy,0.0,,1.0,0.0,0.0,False,False,False
2022-11-30,2022-12-01,2022-11-30,Extended Sentiment Contrarian,extended,-1.0,contrarian,SO,Utilities,0.0,,1.0,0.0,0.0,False,False,False
2022-11-30,2022-12-01,2022-11-30,Extended Sentiment Contrarian,extended,-1.0,contrarian,T,Comm,0.0,-0.46399722562159035,1.4639972256215903,0.0,0.0,True,False,False
2022-11-30,2022-12-01,2022-11-30,Extended Sentiment Contrarian,extended,-1.0,contrarian,TMUS,Comm,0.0,1.82845237325205,-0.8284523732520499,-0.0,-0.0,True,False,False
2022-11-30,2022-12-01,2022-11-30,Extended Sentiment Contrarian,extended,-1.0,contrarian,TTWO,Comm,0.0365480005087775,,1.0,0.0365480005087775,0.04673576746612977,False,False,False
2022-11-30,2022-12-01,2022-11-30,Extended Sentiment Contrarian,extended,-1.0,contrarian,UPS,Industrials,0.0,-0.04199754530560826,1.0419975453056083,0.0,0.0,True,False,False
2022-11-30,2022-12-01,2022-11-30,Extended Sentiment Contrarian,extended,-1.0,contrarian,USB,Financials,0.0,-1.5072982503627352,2.5072982503627355,0.0,0.0,True,False,False
2022-11-30,2022-12-01,2022-11-30,Extended Sentiment Contrarian,extended,-1.0,contrarian,V,Financials,0.0,0.3453906569585684,0.6546093430414316,0.0,0.0,True,False,False
2022-11-30,2022-12-01,2022-11-30,Extended Sentiment Contrarian,extended,-1.0,contrarian,WFC,Financials,0.0,,1.0,0.0,0.0,False,False,False
2022-11-30,2022-12-01,2022-11-30,Extended Sentiment Contrarian,extended,-1.0,contrarian,WMT,Consumer,0.1123796898680799,1.03856164449172,-0.03856164449172006,-0.004333545648782652,0.0,True,True,False
2022-11-30,2022-12-01,2022-11-30,Extended Sentiment Contrarian,extended,-1.0,contrarian,XOM,Energy,0.0155801771574935,0.3571027169203202,0.6428972830796797,0.010016453564452658,0.012808543233743227,True,False,False
2022-12-30,2023-01-03,2022-12-30,Extended Sentiment Contrarian,extended,-1.0,contrarian,ABBV,Healthcare,0.0780299846514553,-0.6328939858725722,1.6328939858725722,0.12741469265509048,0.13772819087957486,True,False,False
2022-12-30,2023-01-03,2022-12-30,Extended Sentiment Contrarian,extended,-1.0,contrarian,ABT,Healthcare,0.0,-0.5046208409907672,1.5046208409907673,0.0,0.0,True,False,False
2022-12-30,2023-01-03,2022-12-30,Extended Sentiment Contrarian,extended,-1.0,contrarian,ADBE,Tech,0.0,-2.4947553358570236,3.4947553358570236,0.0,0.0,True,False,False
2022-12-30,2023-01-03,2022-12-30,Extended Sentiment Contrarian,extended,-1.0,contrarian,AEP,Utilities,0.0,-0.49955876905374746,1.4995587690537475,0.0,0.0,True,False,False
2022-12-30,2023-01-03,2022-12-30,Extended Sentiment Contrarian,extended,-1.0,contrarian,AMD,Tech,0.0,-1.4318800378886043,2.4318800378886043,0.0,0.0,True,False,False
2022-12-30,2023-01-03,2022-12-30,Extended Sentiment Contrarian,extended,-1.0,contrarian,AMGN,Healthcare,0.1763114654714215,,1.0,0.1763114654714215,0.1905828807077953,False,False,False
2022-12-30,2023-01-03,2022-12-30,Extended Sentiment Contrarian,extended,-1.0,contrarian,AMT,RealEstate,0.0,-0.47145569998631187,1.4714556999863118,0.0,0.0,True,False,False
2022-12-30,2023-01-03,2022-12-30,Extended Sentiment Contrarian,extended,-1.0,contrarian,BA,Industrials,0.0,,1.0,0.0,0.0,False,False,False
2022-12-30,2023-01-03,2022-12-30,Extended Sentiment Contrarian,extended,-1.0,contrarian,CAT,Industrials,0.0,0.6589478455481268,0.3410521544518732,0.0,0.0,True,False,False
2022-12-30,2023-01-03,2022-12-30,Extended Sentiment Contrarian,extended,-1.0,contrarian,CCI,RealEstate,0.0,,1.0,0.0,0.0,False,False,False
2022-12-30,2023-01-03,2022-12-30,Extended Sentiment Contrarian,extended,-1.0,contrarian,CMCSA,Comm,0.0,2.0133100066566656,-1.0133100066566656,-0.0,-0.0,True,False,False
2022-12-30,2023-01-03,2022-12-30,Extended Sentiment Contrarian,extended,-1.0,contrarian,COP,Energy,0.0,1.4768143758397634,-0.4768143758397634,-0.0,-0.0,True,False,False
2022-12-30,2023-01-03,2022-12-30,Extended Sentiment Contrarian,extended,-1.0,contrarian,CVX,Energy,0.0522800106494199,0.24353085960605939,0.7564691403939406,0.03954821471575273,0.04274941886068261,True,False,False
2022-12-30,2023-01-03,2022-12-30,Extended Sentiment Contrarian,extended,-1.0,contrarian,D,Utilities,0.017383203564278,-0.4246348035791767,1.4246348035791767,0.02476471679537203,0.026769280455783792,True,False,False
2022-12-30,2023-01-03,2022-12-30,Extended Sentiment Contrarian,extended,-1.0,contrarian,DD,Materials,0.0,,1.0,0.0,0.0,False,False,False
2022-12-30,2023-01-03,2022-12-30,Extended Sentiment Contrarian,extended,-1.0,contrarian,DIS,Consumer,0.0,1.4767080300423308,-0.47670803004233075,-0.0,-0.0,True,False,False
2022-12-30,2023-01-03,2022-12-30,Extended Sentiment Contrarian,extended,-1.0,contrarian,DOW,Materials,0.0,,1.0,0.0,0.0,False,False,False
2022-12-30,2023-01-03,2022-12-30,Extended Sentiment Contrarian,extended,-1.0,contrarian,DUK,Utilities,0.0171448605754869,1.1696143907034158,-0.16961439070341577,-0.002908015080206225,0.0,True,True,False
2022-12-30,2023-01-03,2022-12-30,Extended Sentiment Contrarian,extended,-1.0,contrarian,EA,Comm,0.1050361931431727,,1.0,0.1050361931431727,0.11353827849074842,False,False,False
2022-12-30,2023-01-03,2022-12-30,Extended Sentiment Contrarian,extended,-1.0,contrarian,GE,Industrials,0.0,,1.0,0.0,0.0,False,False,False
2022-12-30,2023-01-03,2022-12-30,Extended Sentiment Contrarian,extended,-1.0,contrarian,GILD,Healthcare,0.0099375847053083,,1.0,0.0099375847053083,0.010741975942128236,False,False,False
2022-12-30,2023-01-03,2022-12-30,Extended Sentiment Contrarian,extended,-1.0,contrarian,GS,Financials,0.0,1.097566380384426,-0.097566380384426,-0.0,-0.0,True,False,False
2022-12-30,2023-01-03,2022-12-30,Extended Sentiment Contrarian,extended,-1.0,contrarian,INTC,Tech,0.0,-0.17206650402306237,1.1720665040230624,0.0,0.0,True,False,False
2022-12-30,2023-01-03,2022-12-30,Extended Sentiment Contrarian,extended,-1.0,contrarian,KO,Consumer,0.091981060358994,-0.49263112521448643,1.4926311252144864,0.1372937936220668,0.14840694915576136,True,False,False
2022-12-30,2023-01-03,2022-12-30,Extended Sentiment Contrarian,extended,-1.0,contrarian,MMM,Industrials,0.0,-0.1497851893125464,1.1497851893125464,0.0,0.0,True,False,False
2022-12-30,2023-01-03,2022-12-30,Extended Sentiment Contrarian,extended,-1.0,contrarian,MRK,Healthcare,0.2217544222570658,0.8139525112860289,0.18604748871397114,0.04125685337214464,0.04459636214569915,True,False,False
2022-12-30,2023-01-03,2022-12-30,Extended Sentiment Contrarian,extended,-1.0,contrarian,MS,Financials,0.0,,1.0,0.0,0.0,False,False,False
2022-12-30,2023-01-03,2022-12-30,Extended Sentiment Contrarian,extended,-1.0,contrarian,NEE,Utilities,0.0,1.1464303749931601,-0.14643037499316014,-0.0,-0.0,True,False,False
2022-12-30,2023-01-03,2022-12-30,Extended Sentiment Contrarian,extended,-1.0,contrarian,NEM,Materials,0.0148006689189804,-0.9567332813271014,1.9567332813271014,0.02896096145967256,0.031305187375613344,True,False,False
2022-12-30,2023-01-03,2022-12-30,Extended Sentiment Contrarian,extended,-1.0,contrarian,NKE,Consumer,0.0,0.44240940383884647,0.5575905961611536,0.0,0.0,True,False,False
2022-12-30,2023-01-03,2022-12-30,Extended Sentiment Contrarian,extended,-1.0,contrarian,NUE,Materials,0.0,,1.0,0.0,0.0,False,False,False
2022-12-30,2023-01-03,2022-12-30,Extended Sentiment Contrarian,extended,-1.0,contrarian,NVDA,Tech,0.0,-1.6856121234361081,2.6856121234361083,0.0,0.0,True,False,False
2022-12-30,2023-01-03,2022-12-30,Extended Sentiment Contrarian,extended,-1.0,contrarian,O,RealEstate,0.0607209536022291,0.6936952854073034,0.3063047145926966,0.018599114362927157,0.020104607402715666,True,False,False
2022-12-30,2023-01-03,2022-12-30,Extended Sentiment Contrarian,extended,-1.0,contrarian,OXY,Energy,0.0,1.7093917515746997,-0.7093917515746997,-0.0,-0.0,True,False,False
2022-12-30,2023-01-03,2022-12-30,Extended Sentiment Contrarian,extended,-1.0,contrarian,PLD,RealEstate,0.0,,1.0,0.0,0.0,False,False,False
2022-12-30,2023-01-03,2022-12-30,Extended Sentiment Contrarian,extended,-1.0,contrarian,PSA,RealEstate,0.0,,1.0,0.0,0.0,False,False,False
2022-12-30,2023-01-03,2022-12-30,Extended Sentiment Contrarian,extended,-1.0,contrarian,QCOM,Tech,0.0,-0.4294259446517037,1.4294259446517037,0.0,0.0,True,False,False
2022-12-30,2023-01-03,2022-12-30,Extended Sentiment Contrarian,extended,-1.0,contrarian,SBUX,Consumer,0.0,-0.22918331103451403,1.229183311034514,0.0,0.0,True,False,False
2022-12-30,2023-01-03,2022-12-30,Extended Sentiment Contrarian,extended,-1.0,contrarian,SHW,Materials,0.0,,1.0,0.0,0.0,False,False,False
2022-12-30,2023-01-03,2022-12-30,Extended Sentiment Contrarian,extended,-1.0,contrarian,SLB,Energy,0.0,0.4782011633103659,0.5217988366896341,0.0,0.0,True,False,False
2022-12-30,2023-01-03,2022-12-30,Extended Sentiment Contrarian,extended,-1.0,contrarian,SO,Utilities,0.0,-0.4421658924340747,1.4421658924340748,0.0,0.0,True,False,False
2022-12-30,2023-01-03,2022-12-30,Extended Sentiment Contrarian,extended,-1.0,contrarian,T,Comm,0.003471471912062,-0.6046723978213285,1.6046723978213286,0.005570575157097922,0.00602148168753714,True,False,False
2022-12-30,2023-01-03,2022-12-30,Extended Sentiment Contrarian,extended,-1.0,contrarian,TMUS,Comm,0.0,-1.6712367850677647,2.671236785067765,0.0,0.0,True,False,False
2022-12-30,2023-01-03,2022-12-30,Extended Sentiment Contrarian,extended,-1.0,contrarian,TTWO,Comm,0.0353227330228007,,1.0,0.0353227330228007,0.03818190834020893,False,False,False
2022-12-30,2023-01-03,2022-12-30,Extended Sentiment Contrarian,extended,-1.0,contrarian,UPS,Industrials,0.0,0.4469576277436589,0.5530423722563411,0.0,0.0,True,False,False
2022-12-30,2023-01-03,2022-12-30,Extended Sentiment Contrarian,extended,-1.0,contrarian,USB,Financials,0.0,,1.0,0.0,0.0,False,False,False
2022-12-30,2023-01-03,2022-12-30,Extended Sentiment Contrarian,extended,-1.0,contrarian,V,Financials,0.0,,1.0,0.0,0.0,False,False,False
2022-12-30,2023-01-03,2022-12-30,Extended Sentiment Contrarian,extended,-1.0,contrarian,WFC,Financials,0.0,-0.6067960334143586,1.6067960334143585,0.0,0.0,True,False,False
2022-12-30,2023-01-03,2022-12-30,Extended Sentiment Contrarian,extended,-1.0,contrarian,WMT,Consumer,0.107154563576261,-0.6340892017922615,1.6340892017922615,0.17510011526273048,0.18927347855575122,True,False,False
2022-12-30,2023-01-03,2022-12-30,Extended Sentiment Contrarian,extended,-1.0,contrarian,XOM,Energy,0.0086708235910638,1.6544091376075425,-0.6544091376075425,-0.005674266188575196,0.0,True,True,False
2023-01-31,2023-02-01,2023-01-31,Extended Sentiment Contrarian,extended,-1.0,contrarian,ABBV,Healthcare,0.0624553286858686,0.10883471014727611,0.8911652898527239,0.05565802109118924,0.03664135669746378,True,False,False
2023-01-31,2023-02-01,2023-01-31,Extended Sentiment Contrarian,extended,-1.0,contrarian,ABT,Healthcare,0.0,-0.48051095128137405,1.480510951281374,0.0,0.0,True,False,False
2023-01-31,2023-02-01,2023-01-31,Extended Sentiment Contrarian,extended,-1.0,contrarian,ADBE,Tech,0.0,,1.0,0.0,0.0,False,False,False
2023-01-31,2023-02-01,2023-01-31,Extended Sentiment Contrarian,extended,-1.0,contrarian,AEP,Utilities,0.0,-0.4698771762239753,1.4698771762239753,0.0,0.0,True,False,False
2023-01-31,2023-02-01,2023-01-31,Extended Sentiment Contrarian,extended,-1.0,contrarian,AMD,Tech,0.0,-0.9726797449087233,1.9726797449087234,0.0,0.0,True,False,False
2023-01-31,2023-02-01,2023-01-31,Extended Sentiment Contrarian,extended,-1.0,contrarian,AMGN,Healthcare,0.179484195163313,-1.3454064918770705,2.3454064918770703,0.42096339652536535,0.27713292111823845,True,False,False
2023-01-31,2023-02-01,2023-01-31,Extended Sentiment Contrarian,extended,-1.0,contrarian,AMT,RealEstate,0.0,0.9832597858489296,0.01674021415107041,0.0,0.0,True,False,False
2023-01-31,2023-02-01,2023-01-31,Extended Sentiment Contrarian,extended,-1.0,contrarian,BA,Industrials,0.0,,1.0,0.0,0.0,False,False,False
2023-01-31,2023-02-01,2023-01-31,Extended Sentiment Contrarian,extended,-1.0,contrarian,CAT,Industrials,0.0,-0.08371291612767902,1.083712916127679,0.0,0.0,True,False,False
2023-01-31,2023-02-01,2023-01-31,Extended Sentiment Contrarian,extended,-1.0,contrarian,CCI,RealEstate,0.0,0.5177144413793807,0.4822855586206193,0.0,0.0,True,False,False
2023-01-31,2023-02-01,2023-01-31,Extended Sentiment Contrarian,extended,-1.0,contrarian,CMCSA,Comm,0.0,-0.2603121569543253,1.2603121569543254,0.0,0.0,True,False,False
2023-01-31,2023-02-01,2023-01-31,Extended Sentiment Contrarian,extended,-1.0,contrarian,COP,Energy,0.0,-0.5164156350466897,1.5164156350466897,0.0,0.0,True,False,False
2023-01-31,2023-02-01,2023-01-31,Extended Sentiment Contrarian,extended,-1.0,contrarian,CVX,Energy,0.0510855436894733,1.2278395653837564,-0.22783956538375638,-0.011639308071602496,0.0,True,True,False
2023-01-31,2023-02-01,2023-01-31,Extended Sentiment Contrarian,extended,-1.0,contrarian,D,Utilities,0.0349854045843089,-1.2392363034143998,2.2392363034144,0.07834058803482505,0.051573975750415134,True,False,False
2023-01-31,2023-02-01,2023-01-31,Extended Sentiment Contrarian,extended,-1.0,contrarian,DD,Materials,0.0,-1.8988800409849989,2.8988800409849986,0.0,0.0,True,False,False
2023-01-31,2023-02-01,2023-01-31,Extended Sentiment Contrarian,extended,-1.0,contrarian,DIS,Consumer,0.0,0.47790417692098064,0.5220958230790194,0.0,0.0,True,False,False
2023-01-31,2023-02-01,2023-01-31,Extended Sentiment Contrarian,extended,-1.0,contrarian,DOW,Materials,0.0,0.5087931514051761,0.4912068485948239,0.0,0.0,True,False,False
2023-01-31,2023-02-01,2023-01-31,Extended Sentiment Contrarian,extended,-1.0,contrarian,DUK,Utilities,0.005568490310553,-0.43428171295005563,1.4342817129500556,0.007986783821165744,0.005257941067962139,True,False,False
2023-01-31,2023-02-01,2023-01-31,Extended Sentiment Contrarian,extended,-1.0,contrarian,EA,Comm,0.1339849158547454,-0.5548546502958971,1.554854650295897,0.20832706948625535,0.1371480033448689,True,False,False
2023-01-31,2023-02-01,2023-01-31,Extended Sentiment Contrarian,extended,-1.0,contrarian,GE,Industrials,0.0,1.2766441564593358,-0.2766441564593358,-0.0,-0.0,True,False,False
2023-01-31,2023-02-01,2023-01-31,Extended Sentiment Contrarian,extended,-1.0,contrarian,GILD,Healthcare,0.0,0.35859048316623054,0.6414095168337695,0.0,0.0,True,False,False
2023-01-31,2023-02-01,2023-01-31,Extended Sentiment Contrarian,extended,-1.0,contrarian,GS,Financials,0.0,0.5667115262084127,0.4332884737915873,0.0,0.0,True,False,False
2023-01-31,2023-02-01,2023-01-31,Extended Sentiment Contrarian,extended,-1.0,contrarian,INTC,Tech,0.0,-1.0840416169422349,2.084041616942235,0.0,0.0,True,False,False
2023-01-31,2023-02-01,2023-01-31,Extended Sentiment Contrarian,extended,-1.0,contrarian,KO,Consumer,0.0775456712325052,-0.7108244303989928,1.7108244303989928,0.13266702881625828,0.08733871290330059,True,False,False
2023-01-31,2023-02-01,2023-01-31,Extended Sentiment Contrarian,extended,-1.0,contrarian,MMM,Industrials,0.0,,1.0,0.0,0.0,False,False,False
2023-01-31,2023-02-01,2023-01-31,Extended Sentiment Contrarian,extended,-1.0,contrarian,MRK,Healthcare,0.213952211296794,0.5515303250815445,0.44846967491845546,0.0959510786483579,0.06316749372926299,True,False,False
2023-01-31,2023-02-01,2023-01-31,Extended Sentiment Contrarian,extended,-1.0,contrarian,MS,Financials,0.0,-2.355853647940204,3.355853647940204,0.0,0.0,True,False,False
2023-01-31,2023-02-01,2023-01-31,Extended Sentiment Contrarian,extended,-1.0,contrarian,NEE,Utilities,0.0,-0.9895895245895813,1.9895895245895812,0.0,0.0,True,False,False
2023-01-31,2023-02-01,2023-01-31,Extended Sentiment Contrarian,extended,-1.0,contrarian,NEM,Materials,0.0070908044111402,,1.0,0.0070908044111402,0.004668090755056815,False,False,False
2023-01-31,2023-02-01,2023-01-31,Extended Sentiment Contrarian,extended,-1.0,contrarian,NKE,Consumer,0.0,-0.2757886818562136,1.2757886818562136,0.0,0.0,True,False,False
2023-01-31,2023-02-01,2023-01-31,Extended Sentiment Contrarian,extended,-1.0,contrarian,NUE,Materials,0.0,-0.4584460379710027,1.4584460379710027,0.0,0.0,True,False,False
2023-01-31,2023-02-01,2023-01-31,Extended Sentiment Contrarian,extended,-1.0,contrarian,NVDA,Tech,0.0,-1.1775061117080712,2.1775061117080714,0.0,0.0,True,False,False
2023-01-31,2023-02-01,2023-01-31,Extended Sentiment Contrarian,extended,-1.0,contrarian,O,RealEstate,0.0736320625993736,-2.888174059850022,3.888174059850022,0.28629427577213745,0.18847617061019747,True,False,False
2023-01-31,2023-02-01,2023-01-31,Extended Sentiment Contrarian,extended,-1.0,contrarian,OXY,Energy,0.0,-2.32878019600493,3.32878019600493,0.0,0.0,True,False,False
2023-01-31,2023-02-01,2023-01-31,Extended Sentiment Contrarian,extended,-1.0,contrarian,PLD,RealEstate,0.0,-0.41189590849035074,1.4118959084903508,0.0,0.0,True,False,False
2023-01-31,2023-02-01,2023-01-31,Extended Sentiment Contrarian,extended,-1.0,contrarian,PSA,RealEstate,0.0,,1.0,0.0,0.0,False,False,False
2023-01-31,2023-02-01,2023-01-31,Extended Sentiment Contrarian,extended,-1.0,contrarian,QCOM,Tech,0.0,0.10567282687724237,0.8943271731227577,0.0,0.0,True,False,False
2023-01-31,2023-02-01,2023-01-31,Extended Sentiment Contrarian,extended,-1.0,contrarian,SBUX,Consumer,0.0,0.7574190718691683,0.24258092813083165,0.0,0.0,True,False,False
2023-01-31,2023-02-01,2023-01-31,Extended Sentiment Contrarian,extended,-1.0,contrarian,SHW,Materials,0.0,,1.0,0.0,0.0,False,False,False
2023-01-31,2023-02-01,2023-01-31,Extended Sentiment Contrarian,extended,-1.0,contrarian,SLB,Energy,0.0,0.6062761305944872,0.39372386940551285,0.0,0.0,True,False,False
2023-01-31,2023-02-01,2023-01-31,Extended Sentiment Contrarian,extended,-1.0,contrarian,SO,Utilities,0.0,,1.0,0.0,0.0,False,False,False
2023-01-31,2023-02-01,2023-01-31,Extended Sentiment Contrarian,extended,-1.0,contrarian,T,Comm,0.0293561880679352,-0.48502215407523647,1.4850221540752364,0.043594589640082886,0.028699635340335556,True,False,False
2023-01-31,2023-02-01,2023-01-31,Extended Sentiment Contrarian,extended,-1.0,contrarian,TMUS,Comm,0.0,-0.36256612284631734,1.3625661228463173,0.0,0.0,True,False,False
2023-01-31,2023-02-01,2023-01-31,Extended Sentiment Contrarian,extended,-1.0,contrarian,TTWO,Comm,0.0224902368443296,-0.25337925521514815,1.2533792552151481,0.028188796305558116,0.01855753618354229,True,False,False
2023-01-31,2023-02-01,2023-01-31,Extended Sentiment Contrarian,extended,-1.0,contrarian,UPS,Industrials,0.0,0.8508271483411415,0.14917285165885852,0.0,0.0,True,False,False
2023-01-31,2023-02-01,2023-01-31,Extended Sentiment Contrarian,extended,-1.0,contrarian,USB,Financials,0.0,,1.0,0.0,0.0,False,False,False
2023-01-31,2023-02-01,2023-01-31,Extended Sentiment Contrarian,extended,-1.0,contrarian,V,Financials,0.0,-0.4767581841646902,1.4767581841646902,0.0,0.0,True,False,False
2023-01-31,2023-02-01,2023-01-31,Extended Sentiment Contrarian,extended,-1.0,contrarian,WFC,Financials,0.0,0.7507222710428163,0.2492777289571837,0.0,0.0,True,False,False
2023-01-31,2023-02-01,2023-01-31,Extended Sentiment Contrarian,extended,-1.0,contrarian,WMT,Consumer,0.1009349645166784,-0.499661727821222,1.499661727821222,0.15136830328465567,0.09965032684607866,True,False,False
2023-01-31,2023-02-01,2023-01-31,Extended Sentiment Contrarian,extended,-1.0,contrarian,XOM,Energy,0.0074339827429809,0.6551225304704037,0.3448774695295963,0.0025638131569259404,0.0016878356532773887,True,False,False
2023-02-28,2023-03-01,2023-02-28,Extended Sentiment Contrarian,extended,-1.0,contrarian,ABBV,Healthcare,0.0481755568067205,,1.0,0.0481755568067205,0.043657508107204916,False,False,False
2023-02-28,2023-03-01,2023-02-28,Extended Sentiment Contrarian,extended,-1.0,contrarian,ABT,Healthcare,0.0,-0.40008291640902827,1.4000829164090283,0.0,0.0,True,False,False
2023-02-28,2023-03-01,2023-02-28,Extended Sentiment Contrarian,extended,-1.0,contrarian,ADBE,Tech,0.0,3.0045814677079408,-2.0045814677079408,-0.0,-0.0,True,False,False
2023-02-28,2023-03-01,2023-02-28,Extended Sentiment Contrarian,extended,-1.0,contrarian,AEP,Utilities,0.0,-0.4617294331150756,1.4617294331150756,0.0,0.0,True,False,False
2023-02-28,2023-03-01,2023-02-28,Extended Sentiment Contrarian,extended,-1.0,contrarian,AMD,Tech,0.0,-0.4465088115898225,1.4465088115898226,0.0,0.0,True,False,False
2023-02-28,2023-03-01,2023-02-28,Extended Sentiment Contrarian,extended,-1.0,contrarian,AMGN,Healthcare,0.2012722097173386,-1.3194632250885014,2.3194632250885014,0.4668434886716674,0.4230615013594604,True,False,False
2023-02-28,2023-03-01,2023-02-28,Extended Sentiment Contrarian,extended,-1.0,contrarian,AMT,RealEstate,0.0,,1.0,0.0,0.0,False,False,False
2023-02-28,2023-03-01,2023-02-28,Extended Sentiment Contrarian,extended,-1.0,contrarian,BA,Industrials,0.0,,1.0,0.0,0.0,False,False,False
2023-02-28,2023-03-01,2023-02-28,Extended Sentiment Contrarian,extended,-1.0,contrarian,CAT,Industrials,0.0,0.7600337321174355,0.23996626788256448,0.0,0.0,True,False,False
2023-02-28,2023-03-01,2023-02-28,Extended Sentiment Contrarian,extended,-1.0,contrarian,CCI,RealEstate,0.0,,1.0,0.0,0.0,False,False,False
2023-02-28,2023-03-01,2023-02-28,Extended Sentiment Contrarian,extended,-1.0,contrarian,CMCSA,Comm,0.0,-0.2424069958910733,1.2424069958910733,0.0,0.0,True,False,False
2023-02-28,2023-03-01,2023-02-28,Extended Sentiment Contrarian,extended,-1.0,contrarian,COP,Energy,0.0,,1.0,0.0,0.0,False,False,False
2023-02-28,2023-03-01,2023-02-28,Extended Sentiment Contrarian,extended,-1.0,contrarian,CVX,Energy,0.0609743809176407,0.02630881101714051,0.9736911889828594,0.05937021745319135,0.053802299788419716,True,False,False
2023-02-28,2023-03-01,2023-02-28,Extended Sentiment Contrarian,extended,-1.0,contrarian,D,Utilities,0.0050160221447582,-0.38837706690698465,1.3883770669069846,0.006964130112879873,0.006311013032656216,True,False,False
2023-02-28,2023-03-01,2023-02-28,Extended Sentiment Contrarian,extended,-1.0,contrarian,DD,Materials,0.0,,1.0,0.0,0.0,False,False,False
2023-02-28,2023-03-01,2023-02-28,Extended Sentiment Contrarian,extended,-1.0,contrarian,DIS,Consumer,0.0,0.7975849795800152,0.20241502041998483,0.0,0.0,True,False,False
2023-02-28,2023-03-01,2023-02-28,Extended Sentiment Contrarian,extended,-1.0,contrarian,DOW,Materials,0.0,,1.0,0.0,0.0,False,False,False
2023-02-28,2023-03-01,2023-02-28,Extended Sentiment Contrarian,extended,-1.0,contrarian,DUK,Utilities,0.0480720016187202,,1.0,0.0480720016187202,0.04356366463637999,False,False,False
2023-02-28,2023-03-01,2023-02-28,Extended Sentiment Contrarian,extended,-1.0,contrarian,EA,Comm,0.0943244599228959,0.7243949562625296,0.2756050437374704,0.025996296902563,0.023558285944348997,True,False,False
2023-02-28,2023-03-01,2023-02-28,Extended Sentiment Contrarian,extended,-1.0,contrarian,GE,Industrials,0.0,1.8345257755676752,-0.8345257755676752,-0.0,-0.0,True,False,False
2023-02-28,2023-03-01,2023-02-28,Extended Sentiment Contrarian,extended,-1.0,contrarian,GILD,Healthcare,0.0,,1.0,0.0,0.0,False,False,False
2023-02-28,2023-03-01,2023-02-28,Extended Sentiment Contrarian,extended,-1.0,contrarian,GS,Financials,0.0,-0.7841105568361789,1.784110556836179,0.0,0.0,True,False,False
2023-02-28,2023-03-01,2023-02-28,Extended Sentiment Contrarian,extended,-1.0,contrarian,INTC,Tech,0.0,1.6317861862463747,-0.6317861862463747,-0.0,-0.0,True,False,False
2023-02-28,2023-03-01,2023-02-28,Extended Sentiment Contrarian,extended,-1.0,contrarian,KO,Consumer,0.0828562039232986,-0.15656802039449505,1.156568020394495,0.09582883574897205,0.08684171913984264,True,False,False
2023-02-28,2023-03-01,2023-02-28,Extended Sentiment Contrarian,extended,-1.0,contrarian,MMM,Industrials,0.0,,1.0,0.0,0.0,False,False,False
2023-02-28,2023-03-01,2023-02-28,Extended Sentiment Contrarian,extended,-1.0,contrarian,MRK,Healthcare,0.2056323240410586,0.738721454582158,0.261278545417842,0.05372731451633814,0.048688605271048346,True,False,False
2023-02-28,2023-03-01,2023-02-28,Extended Sentiment Contrarian,extended,-1.0,contrarian,MS,Financials,0.0,-0.6651054272306206,1.6651054272306207,0.0,0.0,True,False,False
2023-02-28,2023-03-01,2023-02-28,Extended Sentiment Contrarian,extended,-1.0,contrarian,NEE,Utilities,0.0,-0.6374032192759908,1.6374032192759906,0.0,0.0,True,False,False
2023-02-28,2023-03-01,2023-02-28,Extended Sentiment Contrarian,extended,-1.0,contrarian,NEM,Materials,0.0009364520535057,,1.0,0.0009364520535057,0.0008486287617174065,False,False,False
2023-02-28,2023-03-01,2023-02-28,Extended Sentiment Contrarian,extended,-1.0,contrarian,NKE,Consumer,0.0,-0.2527400634183006,1.2527400634183006,0.0,0.0,True,False,False
2023-02-28,2023-03-01,2023-02-28,Extended Sentiment Contrarian,extended,-1.0,contrarian,NUE,Materials,0.0,-0.3647069916648792,1.364706991664879,0.0,0.0,True,False,False
2023-02-28,2023-03-01,2023-02-28,Extended Sentiment Contrarian,extended,-1.0,contrarian,NVDA,Tech,0.0,0.196528202019786,0.803471797980214,0.0,0.0,True,False,False
2023-02-28,2023-03-01,2023-02-28,Extended Sentiment Contrarian,extended,-1.0,contrarian,O,RealEstate,0.0864999533384704,-0.6383917122341728,1.638391712234173,0.14172080665839257,0.12842980290754588,True,False,False
2023-02-28,2023-03-01,2023-02-28,Extended Sentiment Contrarian,extended,-1.0,contrarian,OXY,Energy,0.0,0.5010526331808105,0.4989473668191895,0.0,0.0,True,False,False
2023-02-28,2023-03-01,2023-02-28,Extended Sentiment Contrarian,extended,-1.0,contrarian,PLD,RealEstate,0.0,1.4043047949142031,-0.4043047949142031,-0.0,-0.0,True,False,False
2023-02-28,2023-03-01,2023-02-28,Extended Sentiment Contrarian,extended,-1.0,contrarian,PSA,RealEstate,0.0,,1.0,0.0,0.0,False,False,False
2023-02-28,2023-03-01,2023-02-28,Extended Sentiment Contrarian,extended,-1.0,contrarian,QCOM,Tech,0.0,,1.0,0.0,0.0,False,False,False
2023-02-28,2023-03-01,2023-02-28,Extended Sentiment Contrarian,extended,-1.0,contrarian,SBUX,Consumer,0.0,,1.0,0.0,0.0,False,False,False
2023-02-28,2023-03-01,2023-02-28,Extended Sentiment Contrarian,extended,-1.0,contrarian,SHW,Materials,0.0,,1.0,0.0,0.0,False,False,False
2023-02-28,2023-03-01,2023-02-28,Extended Sentiment Contrarian,extended,-1.0,contrarian,SLB,Energy,0.0,,1.0,0.0,0.0,False,False,False
2023-02-28,2023-03-01,2023-02-28,Extended Sentiment Contrarian,extended,-1.0,contrarian,SO,Utilities,0.0,2.656051678465275,-1.6560516784652748,-0.0,-0.0,True,False,False
2023-02-28,2023-03-01,2023-02-28,Extended Sentiment Contrarian,extended,-1.0,contrarian,T,Comm,0.043012514385467,-0.5018076629425978,1.5018076629425978,0.06459652370652307,0.0585384673129793,True,False,False
2023-02-28,2023-03-01,2023-02-28,Extended Sentiment Contrarian,extended,-1.0,contrarian,TMUS,Comm,0.0,-0.4004370525807568,1.4004370525807568,0.0,0.0,True,False,False
2023-02-28,2023-03-01,2023-02-28,Extended Sentiment Contrarian,extended,-1.0,contrarian,TTWO,Comm,0.0277761142671922,,1.0,0.0277761142671922,0.025171186680242597,False,False,False
2023-02-28,2023-03-01,2023-02-28,Extended Sentiment Contrarian,extended,-1.0,contrarian,UPS,Industrials,0.0,-0.013692930732795676,1.0136929307327958,0.0,0.0,True,False,False
2023-02-28,2023-03-01,2023-02-28,Extended Sentiment Contrarian,extended,-1.0,contrarian,USB,Financials,0.0,,1.0,0.0,0.0,False,False,False
2023-02-28,2023-03-01,2023-02-28,Extended Sentiment Contrarian,extended,-1.0,contrarian,V,Financials,0.0,1.6117863218949737,-0.6117863218949737,-0.0,-0.0,True,False,False
2023-02-28,2023-03-01,2023-02-28,Extended Sentiment Contrarian,extended,-1.0,contrarian,WFC,Financials,0.0,,1.0,0.0,0.0,False,False,False
2023-02-28,2023-03-01,2023-02-28,Extended Sentiment Contrarian,extended,-1.0,contrarian,WMT,Consumer,0.0954518068629328,0.33494468941304384,0.6650553105869561,0.06348073105931391,0.05752731705815344,True,False,False
2023-02-28,2023-03-01,2023-02-28,Extended Sentiment Contrarian,extended,-1.0,contrarian,XOM,Energy,0.0,2.716285955191876,-1.7162859551918759,-0.0,-0.0,True,False,False
2023-03-31,2023-04-03,2023-03-31,Extended Sentiment Contrarian,extended,-1.0,contrarian,ABBV,Healthcare,0.0554095832491057,0.8289028577039443,0.17109714229605566,0.00948042134973738,0.007484487360122375,True,False,False
2023-03-31,2023-04-03,2023-03-31,Extended Sentiment Contrarian,extended,-1.0,contrarian,ABT,Healthcare,0.0,-0.43155926363324504,1.431559263633245,0.0,0.0,True,False,False
2023-03-31,2023-04-03,2023-03-31,Extended Sentiment Contrarian,extended,-1.0,contrarian,ADBE,Tech,0.0,0.20406813030247498,0.795931869697525,0.0,0.0,True,False,False
2023-03-31,2023-04-03,2023-03-31,Extended Sentiment Contrarian,extended,-1.0,contrarian,AEP,Utilities,0.0,,1.0,0.0,0.0,False,False,False
2023-03-31,2023-04-03,2023-03-31,Extended Sentiment Contrarian,extended,-1.0,contrarian,AMD,Tech,0.0,0.06809527669747915,0.9319047233025208,0.0,0.0,True,False,False
2023-03-31,2023-04-03,2023-03-31,Extended Sentiment Contrarian,extended,-1.0,contrarian,AMGN,Healthcare,0.1905756817920871,-0.7860044658105075,1.7860044658105076,0.3403690187555498,0.2687103794942338,True,False,False
2023-03-31,2023-04-03,2023-03-31,Extended Sentiment Contrarian,extended,-1.0,contrarian,AMT,RealEstate,0.0,0.5650839090458215,0.4349160909541785,0.0,0.0,True,False,False
2023-03-31,2023-04-03,2023-03-31,Extended Sentiment Contrarian,extended,-1.0,contrarian,BA,Industrials,0.0,,1.0,0.0,0.0,False,False,False
2023-03-31,2023-04-03,2023-03-31,Extended Sentiment Contrarian,extended,-1.0,contrarian,CAT,Industrials,0.0,1.4849419185859538,-0.4849419185859538,-0.0,-0.0,True,False,False
2023-03-31,2023-04-03,2023-03-31,Extended Sentiment Contrarian,extended,-1.0,contrarian,CCI,RealEstate,0.0,,1.0,0.0,0.0,False,False,False
2023-03-31,2023-04-03,2023-03-31,Extended Sentiment Contrarian,extended,-1.0,contrarian,CMCSA,Comm,0.0,1.160217163427152,-0.1602171634271521,-0.0,-0.0,True,False,False
2023-03-31,2023-04-03,2023-03-31,Extended Sentiment Contrarian,extended,-1.0,contrarian,COP,Energy,0.0,0.58951688315297,0.41048311684703,0.0,0.0,True,False,False
2023-03-31,2023-04-03,2023-03-31,Extended Sentiment Contrarian,extended,-1.0,contrarian,CVX,Energy,0.0322288970268308,-0.3388108608679018,1.338810860867902,0.04314839737331431,0.03406427022983049,True,False,False
2023-03-31,2023-04-03,2023-03-31,Extended Sentiment Contrarian,extended,-1.0,contrarian,D,Utilities,0.0165129140363905,,1.0,0.0165129140363905,0.013036413870737468,False,False,False
2023-03-31,2023-04-03,2023-03-31,Extended Sentiment Contrarian,extended,-1.0,contrarian,DD,Materials,0.0,,1.0,0.0,0.0,False,False,False
2023-03-31,2023-04-03,2023-03-31,Extended Sentiment Contrarian,extended,-1.0,contrarian,DIS,Consumer,0.0,0.19933511810485474,0.8006648818951453,0.0,0.0,True,False,False
2023-03-31,2023-04-03,2023-03-31,Extended Sentiment Contrarian,extended,-1.0,contrarian,DOW,Materials,0.0,-0.13302595560517927,1.1330259556051794,0.0,0.0,True,False,False
2023-03-31,2023-04-03,2023-03-31,Extended Sentiment Contrarian,extended,-1.0,contrarian,DUK,Utilities,0.0082318477813332,-0.382807909902037,1.382807909902037,0.011383064225137083,0.00898656263994635,True,False,False
2023-03-31,2023-04-03,2023-03-31,Extended Sentiment Contrarian,extended,-1.0,contrarian,EA,Comm,0.1057898838162727,,1.0,0.1057898838162727,0.08351770654936566,False,False,False
2023-03-31,2023-04-03,2023-03-31,Extended Sentiment Contrarian,extended,-1.0,contrarian,GE,Industrials,0.0,-0.24124151366512447,1.2412415136651245,0.0,0.0,True,False,False
2023-03-31,2023-04-03,2023-03-31,Extended Sentiment Contrarian,extended,-1.0,contrarian,GILD,Healthcare,0.0,,1.0,0.0,0.0,False,False,False
2023-03-31,2023-04-03,2023-03-31,Extended Sentiment Contrarian,extended,-1.0,contrarian,GS,Financials,0.0,-1.2783714830385104,2.2783714830385104,0.0,0.0,True,False,False
2023-03-31,2023-04-03,2023-03-31,Extended Sentiment Contrarian,extended,-1.0,contrarian,INTC,Tech,0.0,-0.3547827566706064,1.3547827566706063,0.0,0.0,True,False,False
2023-03-31,2023-04-03,2023-03-31,Extended Sentiment Contrarian,extended,-1.0,contrarian,KO,Consumer,0.1357551516752095,-0.4046345961037329,1.404634596103733,0.1906863826423089,0.15054075847307719,True,False,False
2023-03-31,2023-04-03,2023-03-31,Extended Sentiment Contrarian,extended,-1.0,contrarian,MMM,Industrials,0.0,-0.2057781414931961,1.205778141493196,0.0,0.0,True,False,False
2023-03-31,2023-04-03,2023-03-31,Extended Sentiment Contrarian,extended,-1.0,contrarian,MRK,Healthcare,0.189031149812908,-0.49374610809067904,1.493746108090679,0.28236454434093744,0.22291771484660886,True,False,False
2023-03-31,2023-04-03,2023-03-31,Extended Sentiment Contrarian,extended,-1.0,contrarian,MS,Financials,0.0,-0.6489296937250949,1.648929693725095,0.0,0.0,True,False,False
2023-03-31,2023-04-03,2023-03-31,Extended Sentiment Contrarian,extended,-1.0,contrarian,NEE,Utilities,0.0,-0.4231751336113678,1.4231751336113678,0.0,0.0,True,False,False
2023-03-31,2023-04-03,2023-03-31,Extended Sentiment Contrarian,extended,-1.0,contrarian,NEM,Materials,0.0055487602971601,-2.6354743792124604,3.6354743792124604,0.020172375896716863,0.01592544116478504,True,False,False
2023-03-31,2023-04-03,2023-03-31,Extended Sentiment Contrarian,extended,-1.0,contrarian,NKE,Consumer,0.0,-0.2650628137360172,1.2650628137360171,0.0,0.0,True,False,False
2023-03-31,2023-04-03,2023-03-31,Extended Sentiment Contrarian,extended,-1.0,contrarian,NUE,Materials,0.0,1.2506067663075433,-0.2506067663075433,-0.0,-0.0,True,False,False
2023-03-31,2023-04-03,2023-03-31,Extended Sentiment Contrarian,extended,-1.0,contrarian,NVDA,Tech,0.0,0.46013976110128324,0.5398602388987168,0.0,0.0,True,False,False
2023-03-31,2023-04-03,2023-03-31,Extended Sentiment Contrarian,extended,-1.0,contrarian,O,RealEstate,0.0728025789191719,-0.504184495902456,1.504184495902456,0.10950851047193334,0.08645344254406141,True,False,False
2023-03-31,2023-04-03,2023-03-31,Extended Sentiment Contrarian,extended,-1.0,contrarian,OXY,Energy,0.0,-0.33398907026919983,1.3339890702691999,0.0,0.0,True,False,False
2023-03-31,2023-04-03,2023-03-31,Extended Sentiment Contrarian,extended,-1.0,contrarian,PLD,RealEstate,0.0,,1.0,0.0,0.0,False,False,False
2023-03-31,2023-04-03,2023-03-31,Extended Sentiment Contrarian,extended,-1.0,contrarian,PSA,RealEstate,0.0,-0.4905998274636703,1.4905998274636703,0.0,0.0,True,False,False
2023-03-31,2023-04-03,2023-03-31,Extended Sentiment Contrarian,extended,-1.0,contrarian,QCOM,Tech,0.0,-0.05442680070595578,1.0544268007059558,0.0,0.0,True,False,False
2023-03-31,2023-04-03,2023-03-31,Extended Sentiment Contrarian,extended,-1.0,contrarian,SBUX,Consumer,0.0,,1.0,0.0,0.0,False,False,False
2023-03-31,2023-04-03,2023-03-31,Extended Sentiment Contrarian,extended,-1.0,contrarian,SHW,Materials,0.0,,1.0,0.0,0.0,False,False,False
2023-03-31,2023-04-03,2023-03-31,Extended Sentiment Contrarian,extended,-1.0,contrarian,SLB,Energy,0.0,-1.2130063539125742,2.213006353912574,0.0,0.0,True,False,False
2023-03-31,2023-04-03,2023-03-31,Extended Sentiment Contrarian,extended,-1.0,contrarian,SO,Utilities,0.0,-0.3320689842979427,1.3320689842979427,0.0,0.0,True,False,False
2023-03-31,2023-04-03,2023-03-31,Extended Sentiment Contrarian,extended,-1.0,contrarian,T,Comm,0.0510181184708709,0.042391365102593476,0.9576086348974066,0.04885539078392485,0.03856975774671174,True,False,False
2023-03-31,2023-04-03,2023-03-31,Extended Sentiment Contrarian,extended,-1.0,contrarian,TMUS,Comm,0.0,1.82458673378854,-0.82458673378854,-0.0,-0.0,True,False,False
2023-03-31,2023-04-03,2023-03-31,Extended Sentiment Contrarian,extended,-1.0,contrarian,TTWO,Comm,0.023163302988587,,1.0,0.023163302988587,0.018286681787784323,False,False,False
2023-03-31,2023-04-03,2023-03-31,Extended Sentiment Contrarian,extended,-1.0,contrarian,UPS,Industrials,0.0,,1.0,0.0,0.0,False,False,False
2023-03-31,2023-04-03,2023-03-31,Extended Sentiment Contrarian,extended,-1.0,contrarian,USB,Financials,0.0,-0.38998844391880355,1.3899884439188035,0.0,0.0,True,False,False
2023-03-31,2023-04-03,2023-03-31,Extended Sentiment Contrarian,extended,-1.0,contrarian,V,Financials,0.0,-0.4677540982528807,1.4677540982528807,0.0,0.0,True,False,False
2023-03-31,2023-04-03,2023-03-31,Extended Sentiment Contrarian,extended,-1.0,contrarian,WFC,Financials,0.0,1.6064141583848666,-0.6064141583848666,-0.0,-0.0,True,False,False
2023-03-31,2023-04-03,2023-03-31,Extended Sentiment Contrarian,extended,-1.0,contrarian,WMT,Consumer,0.1042625291078759,0.4424442470574462,0.5575557529425538,0.058132172920436674,0.04589347850573213,True,False,False
2023-03-31,2023-04-03,2023-03-31,Extended Sentiment Contrarian,extended,-1.0,contrarian,XOM,Energy,0.0096696010261962,0.2647336334307437,0.7352663665692563,0.0071097324127056315,0.005612904787003134,True,False,False
2023-04-28,2023-05-01,2023-04-28,Extended Sentiment Contrarian,extended,-1.0,contrarian,ABBV,Healthcare,0.0768000035182413,0.3188352217787726,0.6811647782212273,0.05231345736389232,0.05103958541989352,True,False,False
2023-04-28,2023-05-01,2023-04-28,Extended Sentiment Contrarian,extended,-1.0,contrarian,ABT,Healthcare,0.0,-0.3940449359489504,1.3940449359489504,0.0,0.0,True,False,False
2023-04-28,2023-05-01,2023-04-28,Extended Sentiment Contrarian,extended,-1.0,contrarian,ADBE,Tech,0.0,0.06549032528958017,0.9345096747104198,0.0,0.0,True,False,False
2023-04-28,2023-05-01,2023-04-28,Extended Sentiment Contrarian,extended,-1.0,contrarian,AEP,Utilities,0.0,0.5380847568595637,0.4619152431404363,0.0,0.0,True,False,False
2023-04-28,2023-05-01,2023-04-28,Extended Sentiment Contrarian,extended,-1.0,contrarian,AMD,Tech,0.0,0.48930991004240343,0.5106900899575966,0.0,0.0,True,False,False
2023-04-28,2023-05-01,2023-04-28,Extended Sentiment Contrarian,extended,-1.0,contrarian,AMGN,Healthcare,0.1791905061581246,0.31974883127838083,0.6802511687216192,0.12189455123788276,0.11892632744284377,True,False,False
2023-04-28,2023-05-01,2023-04-28,Extended Sentiment Contrarian,extended,-1.0,contrarian,AMT,RealEstate,0.0,3.1771237191457846,-2.1771237191457846,-0.0,-0.0,True,False,False
2023-04-28,2023-05-01,2023-04-28,Extended Sentiment Contrarian,extended,-1.0,contrarian,BA,Industrials,0.0,,1.0,0.0,0.0,False,False,False
2023-04-28,2023-05-01,2023-04-28,Extended Sentiment Contrarian,extended,-1.0,contrarian,CAT,Industrials,0.0,-0.32037115923480236,1.3203711592348024,0.0,0.0,True,False,False
2023-04-28,2023-05-01,2023-04-28,Extended Sentiment Contrarian,extended,-1.0,contrarian,CCI,RealEstate,0.0,3.079177074487271,-2.079177074487271,-0.0,-0.0,True,False,False
2023-04-28,2023-05-01,2023-04-28,Extended Sentiment Contrarian,extended,-1.0,contrarian,CMCSA,Comm,0.0,0.2696558034253954,0.7303441965746046,0.0,0.0,True,False,False
2023-04-28,2023-05-01,2023-04-28,Extended Sentiment Contrarian,extended,-1.0,contrarian,COP,Energy,0.0,0.4410864956484986,0.5589135043515014,0.0,0.0,True,False,False
2023-04-28,2023-05-01,2023-04-28,Extended Sentiment Contrarian,extended,-1.0,contrarian,CVX,Energy,0.0416425335208768,0.5874025354094072,0.41259746459059277,0.01718160374984254,0.016763218805074278,True,False,False
2023-04-28,2023-05-01,2023-04-28,Extended Sentiment Contrarian,extended,-1.0,contrarian,D,Utilities,0.0072310026701476,-1.2982328365772196,2.2982328365772196,0.016618527777910768,0.016213854155603842,True,False,False
2023-04-28,2023-05-01,2023-04-28,Extended Sentiment Contrarian,extended,-1.0,contrarian,DD,Materials,0.0,-0.18720303322078682,1.1872030332207868,0.0,0.0,True,False,False
2023-04-28,2023-05-01,2023-04-28,Extended Sentiment Contrarian,extended,-1.0,contrarian,DIS,Consumer,0.0,-1.124990984684671,2.124990984684671,0.0,0.0,True,False,False
2023-04-28,2023-05-01,2023-04-28,Extended Sentiment Contrarian,extended,-1.0,contrarian,DOW,Materials,0.0,0.5281082359997386,0.47189176400026145,0.0,0.0,True,False,False
2023-04-28,2023-05-01,2023-04-28,Extended Sentiment Contrarian,extended,-1.0,contrarian,DUK,Utilities,0.0,0.5236234458641121,0.47637655413588786,0.0,0.0,True,False,False
2023-04-28,2023-05-01,2023-04-28,Extended Sentiment Contrarian,extended,-1.0,contrarian,EA,Comm,0.0795251325477336,,1.0,0.0795251325477336,0.07758863589275883,False,False,False
2023-04-28,2023-05-01,2023-04-28,Extended Sentiment Contrarian,extended,-1.0,contrarian,GE,Industrials,0.0,-0.3498302108354289,1.349830210835429,0.0,0.0,True,False,False
2023-04-28,2023-05-01,2023-04-28,Extended Sentiment Contrarian,extended,-1.0,contrarian,GILD,Healthcare,0.0,-0.28198867947428385,1.2819886794742839,0.0,0.0,True,False,False
2023-04-28,2023-05-01,2023-04-28,Extended Sentiment Contrarian,extended,-1.0,contrarian,GS,Financials,0.0,-1.6812330745379298,2.68123307453793,0.0,0.0,True,False,False
2023-04-28,2023-05-01,2023-04-28,Extended Sentiment Contrarian,extended,-1.0,contrarian,INTC,Tech,0.0,0.27418152226462955,0.7258184777353704,0.0,0.0,True,False,False
2023-04-28,2023-05-01,2023-04-28,Extended Sentiment Contrarian,extended,-1.0,contrarian,KO,Consumer,0.1546285727788381,-0.6622549995066732,1.6622549995066733,0.25703211816820515,0.2507731932081612,True,False,False
2023-04-28,2023-05-01,2023-04-28,Extended Sentiment Contrarian,extended,-1.0,contrarian,MMM,Industrials,0.0,-0.15970522296122025,1.1597052229612204,0.0,0.0,True,False,False
2023-04-28,2023-05-01,2023-04-28,Extended Sentiment Contrarian,extended,-1.0,contrarian,MRK,Healthcare,0.1770376462135133,-0.6836877837733343,1.6836877837733342,0.2980761221976778,0.29081774493917795,True,False,False
2023-04-28,2023-05-01,2023-04-28,Extended Sentiment Contrarian,extended,-1.0,contrarian,MS,Financials,0.0,-1.6861696051547612,2.6861696051547614,0.0,0.0,True,False,False
2023-04-28,2023-05-01,2023-04-28,Extended Sentiment Contrarian,extended,-1.0,contrarian,NEE,Utilities,0.0,-0.16194543458941904,1.1619454345894191,0.0,0.0,True,False,False
2023-04-28,2023-05-01,2023-04-28,Extended Sentiment Contrarian,extended,-1.0,contrarian,NEM,Materials,0.0043945837817411,-0.14078492571158777,1.1407849257115878,0.00501327493298687,0.004891197926295044,True,False,False
2023-04-28,2023-05-01,2023-04-28,Extended Sentiment Contrarian,extended,-1.0,contrarian,NKE,Consumer,0.0,1.8202869821987628,-0.8202869821987628,-0.0,-0.0,True,False,False
2023-04-28,2023-05-01,2023-04-28,Extended Sentiment Contrarian,extended,-1.0,contrarian,NUE,Materials,0.0,-0.11340864031153873,1.1134086403115386,0.0,0.0,True,False,False
2023-04-28,2023-05-01,2023-04-28,Extended Sentiment Contrarian,extended,-1.0,contrarian,NVDA,Tech,0.0,0.28281625145770056,0.7171837485422994,0.0,0.0,True,False,False
2023-04-28,2023-05-01,2023-04-28,Extended Sentiment Contrarian,extended,-1.0,contrarian,O,RealEstate,0.1025399556071953,1.6054172317499158,-0.6054172317499158,-0.06207945606746743,0.0,True,True,False
2023-04-28,2023-05-01,2023-04-28,Extended Sentiment Contrarian,extended,-1.0,contrarian,OXY,Energy,0.0,,1.0,0.0,0.0,False,False,False
2023-04-28,2023-05-01,2023-04-28,Extended Sentiment Contrarian,extended,-1.0,contrarian,PLD,RealEstate,0.0,,1.0,0.0,0.0,False,False,False
2023-04-28,2023-05-01,2023-04-28,Extended Sentiment Contrarian,extended,-1.0,contrarian,PSA,RealEstate,0.0,,1.0,0.0,0.0,False,False,False
2023-04-28,2023-05-01,2023-04-28,Extended Sentiment Contrarian,extended,-1.0,contrarian,QCOM,Tech,0.0,-1.5921105048499622,2.592110504849962,0.0,0.0,True,False,False
2023-04-28,2023-05-01,2023-04-28,Extended Sentiment Contrarian,extended,-1.0,contrarian,SBUX,Consumer,0.0,-0.13626518149544925,1.1362651814954492,0.0,0.0,True,False,False
2023-04-28,2023-05-01,2023-04-28,Extended Sentiment Contrarian,extended,-1.0,contrarian,SHW,Materials,0.0,,1.0,0.0,0.0,False,False,False
2023-04-28,2023-05-01,2023-04-28,Extended Sentiment Contrarian,extended,-1.0,contrarian,SLB,Energy,0.0,2.7102736313995037,-1.7102736313995037,-0.0,-0.0,True,False,False
2023-04-28,2023-05-01,2023-04-28,Extended Sentiment Contrarian,extended,-1.0,contrarian,SO,Utilities,0.0,0.2500694919697016,0.7499305080302985,0.0,0.0,True,False,False
2023-04-28,2023-05-01,2023-04-28,Extended Sentiment Contrarian,extended,-1.0,contrarian,T,Comm,0.0357423999068589,0.0798126182955232,0.9201873817044768,0.03288970538612683,0.032088816378804376,True,False,False
2023-04-28,2023-05-01,2023-04-28,Extended Sentiment Contrarian,extended,-1.0,contrarian,TMUS,Comm,0.0,0.874354009665906,0.12564599033409396,0.0,0.0,True,False,False
2023-04-28,2023-05-01,2023-04-28,Extended Sentiment Contrarian,extended,-1.0,contrarian,TTWO,Comm,0.0221535836815711,,1.0,0.0221535836815711,0.021614127294380343,False,False,False
2023-04-28,2023-05-01,2023-04-28,Extended Sentiment Contrarian,extended,-1.0,contrarian,UPS,Industrials,0.0,-0.6913397525406045,1.6913397525406046,0.0,0.0,True,False,False
2023-04-28,2023-05-01,2023-04-28,Extended Sentiment Contrarian,extended,-1.0,contrarian,USB,Financials,0.0,-0.3460502789869523,1.3460502789869522,0.0,0.0,True,False,False
2023-04-28,2023-05-01,2023-04-28,Extended Sentiment Contrarian,extended,-1.0,contrarian,V,Financials,0.0,0.22028053337800085,0.7797194666219991,0.0,0.0,True,False,False
2023-04-28,2023-05-01,2023-04-28,Extended Sentiment Contrarian,extended,-1.0,contrarian,WFC,Financials,0.0,-0.5040708003349303,1.5040708003349303,0.0,0.0,True,False,False
2023-04-28,2023-05-01,2023-04-28,Extended Sentiment Contrarian,extended,-1.0,contrarian,WMT,Consumer,0.119114079615158,-0.026414611885206118,1.0264146118852062,0.12226043179825596,0.11928329853700693,True,False,False
2023-04-28,2023-05-01,2023-04-28,Extended Sentiment Contrarian,extended,-1.0,contrarian,XOM,Energy,0.0,0.8093802111485188,0.19061978885148123,0.0,0.0,True,False,False
2023-05-31,2023-06-01,2023-05-31,Extended Sentiment Contrarian,extended,-1.0,contrarian,ABBV,Healthcare,0.05013759260392,-0.48207271936969076,1.4820727193696908,0.0743075582131414,0.07360236581646463,True,False,False
2023-05-31,2023-06-01,2023-05-31,Extended Sentiment Contrarian,extended,-1.0,contrarian,ABT,Healthcare,0.0,-0.5458460287755412,1.5458460287755411,0.0,0.0,True,False,False
2023-05-31,2023-06-01,2023-05-31,Extended Sentiment Contrarian,extended,-1.0,contrarian,ADBE,Tech,0.0,0.2626906910774389,0.7373093089225611,0.0,0.0,True,False,False
2023-05-31,2023-06-01,2023-05-31,Extended Sentiment Contrarian,extended,-1.0,contrarian,AEP,Utilities,0.0,,1.0,0.0,0.0,False,False,False
2023-05-31,2023-06-01,2023-05-31,Extended Sentiment Contrarian,extended,-1.0,contrarian,AMD,Tech,0.0,-0.9815616753108125,1.9815616753108125,0.0,0.0,True,False,False
2023-05-31,2023-06-01,2023-05-31,Extended Sentiment Contrarian,extended,-1.0,contrarian,AMGN,Healthcare,0.0806695813007045,-0.24067670600643898,1.240676706006439,0.10008487040307668,0.09913504657185641,True,False,False
2023-05-31,2023-06-01,2023-05-31,Extended Sentiment Contrarian,extended,-1.0,contrarian,AMT,RealEstate,0.0,-0.4113968240058125,1.4113968240058126,0.0,0.0,True,False,False
2023-05-31,2023-06-01,2023-05-31,Extended Sentiment Contrarian,extended,-1.0,contrarian,BA,Industrials,0.0,,1.0,0.0,0.0,False,False,False
2023-05-31,2023-06-01,2023-05-31,Extended Sentiment Contrarian,extended,-1.0,contrarian,CAT,Industrials,0.0,-0.36499403929323687,1.364994039293237,0.0,0.0,True,False,False
2023-05-31,2023-06-01,2023-05-31,Extended Sentiment Contrarian,extended,-1.0,contrarian,CCI,RealEstate,0.0,0.38316909533166416,0.6168309046683358,0.0,0.0,True,False,False
2023-05-31,2023-06-01,2023-05-31,Extended Sentiment Contrarian,extended,-1.0,contrarian,CMCSA,Comm,0.0,-0.7342160238434493,1.7342160238434494,0.0,0.0,True,False,False
2023-05-31,2023-06-01,2023-05-31,Extended Sentiment Contrarian,extended,-1.0,contrarian,COP,Energy,0.0,,1.0,0.0,0.0,False,False,False
2023-05-31,2023-06-01,2023-05-31,Extended Sentiment Contrarian,extended,-1.0,contrarian,CVX,Energy,0.0399309199946683,0.2235314782241102,0.7764685217758898,0.031005102421411416,0.030710858295893956,True,False,False
2023-05-31,2023-06-01,2023-05-31,Extended Sentiment Contrarian,extended,-1.0,contrarian,D,Utilities,0.0,,1.0,0.0,0.0,False,False,False
2023-05-31,2023-06-01,2023-05-31,Extended Sentiment Contrarian,extended,-1.0,contrarian,DD,Materials,0.0,,1.0,0.0,0.0,False,False,False
2023-05-31,2023-06-01,2023-05-31,Extended Sentiment Contrarian,extended,-1.0,contrarian,DIS,Consumer,0.0,-0.26804792178612924,1.2680479217861294,0.0,0.0,True,False,False
2023-05-31,2023-06-01,2023-05-31,Extended Sentiment Contrarian,extended,-1.0,contrarian,DOW,Materials,0.0,0.01779479090516265,0.9822052090948373,0.0,0.0,True,False,False
2023-05-31,2023-06-01,2023-05-31,Extended Sentiment Contrarian,extended,-1.0,contrarian,DUK,Utilities,0.0,,1.0,0.0,0.0,False,False,False
2023-05-31,2023-06-01,2023-05-31,Extended Sentiment Contrarian,extended,-1.0,contrarian,EA,Comm,0.1245113838855593,,1.0,0.1245113838855593,0.1233297479480152,False,False,False
2023-05-31,2023-06-01,2023-05-31,Extended Sentiment Contrarian,extended,-1.0,contrarian,GE,Industrials,0.0,1.3744734527944567,-0.37447345279445665,-0.0,-0.0,True,False,False
2023-05-31,2023-06-01,2023-05-31,Extended Sentiment Contrarian,extended,-1.0,contrarian,GILD,Healthcare,0.0,-0.2060999258143802,1.2060999258143803,0.0,0.0,True,False,False
2023-05-31,2023-06-01,2023-05-31,Extended Sentiment Contrarian,extended,-1.0,contrarian,GS,Financials,0.0,-0.2866186199828012,1.2866186199828011,0.0,0.0,True,False,False
2023-05-31,2023-06-01,2023-05-31,Extended Sentiment Contrarian,extended,-1.0,contrarian,INTC,Tech,0.0,-0.4529106288854604,1.4529106288854603,0.0,0.0,True,False,False
2023-05-31,2023-06-01,2023-05-31,Extended Sentiment Contrarian,extended,-1.0,contrarian,KO,Consumer,0.2862103584396383,-0.6434249856528785,1.6434249856528784,0.4703652542123678,0.4659014014239332,True,False,False
2023-05-31,2023-06-01,2023-05-31,Extended Sentiment Contrarian,extended,-1.0,contrarian,MMM,Industrials,0.0,-0.5088198885610478,1.5088198885610478,0.0,0.0,True,False,False
2023-05-31,2023-06-01,2023-05-31,Extended Sentiment Contrarian,extended,-1.0,contrarian,MRK,Healthcare,0.1567673873262752,1.020716935410323,-0.020716935410322934,-0.003247739837683522,0.0,True,True,False
2023-05-31,2023-06-01,2023-05-31,Extended Sentiment Contrarian,extended,-1.0,contrarian,MS,Financials,0.0,-0.5352465462499214,1.5352465462499214,0.0,0.0,True,False,False
2023-05-31,2023-06-01,2023-05-31,Extended Sentiment Contrarian,extended,-1.0,contrarian,NEE,Utilities,0.0,0.18584743971608464,0.8141525602839154,0.0,0.0,True,False,False
2023-05-31,2023-06-01,2023-05-31,Extended Sentiment Contrarian,extended,-1.0,contrarian,NEM,Materials,0.0,0.6891683783977329,0.31083162160226707,0.0,0.0,True,False,False
2023-05-31,2023-06-01,2023-05-31,Extended Sentiment Contrarian,extended,-1.0,contrarian,NKE,Consumer,0.0,0.8086223694881752,0.19137763051182477,0.0,0.0,True,False,False
2023-05-31,2023-06-01,2023-05-31,Extended Sentiment Contrarian,extended,-1.0,contrarian,NUE,Materials,0.0,0.4480344555565844,0.5519655444434156,0.0,0.0,True,False,False
2023-05-31,2023-06-01,2023-05-31,Extended Sentiment Contrarian,extended,-1.0,contrarian,NVDA,Tech,0.0,-0.4982087961102006,1.4982087961102006,0.0,0.0,True,False,False
2023-05-31,2023-06-01,2023-05-31,Extended Sentiment Contrarian,extended,-1.0,contrarian,O,RealEstate,0.0847773712820634,-0.5794573312617698,1.5794573312617697,0.13390224059655606,0.13263148370133118,True,False,False
2023-05-31,2023-06-01,2023-05-31,Extended Sentiment Contrarian,extended,-1.0,contrarian,OXY,Energy,0.0,1.4161757195392486,-0.4161757195392486,-0.0,-0.0,True,False,False
2023-05-31,2023-06-01,2023-05-31,Extended Sentiment Contrarian,extended,-1.0,contrarian,PLD,RealEstate,0.0,2.8356079463567325,-1.8356079463567325,-0.0,-0.0,True,False,False
2023-05-31,2023-06-01,2023-05-31,Extended Sentiment Contrarian,extended,-1.0,contrarian,PSA,RealEstate,0.0,,1.0,0.0,0.0,False,False,False
2023-05-31,2023-06-01,2023-05-31,Extended Sentiment Contrarian,extended,-1.0,contrarian,QCOM,Tech,0.0,-0.24313349785379246,1.2431334978537925,0.0,0.0,True,False,False
2023-05-31,2023-06-01,2023-05-31,Extended Sentiment Contrarian,extended,-1.0,contrarian,SBUX,Consumer,0.0,-0.37585071469356085,1.3758507146935608,0.0,0.0,True,False,False
2023-05-31,2023-06-01,2023-05-31,Extended Sentiment Contrarian,extended,-1.0,contrarian,SHW,Materials,0.0,,1.0,0.0,0.0,False,False,False
2023-05-31,2023-06-01,2023-05-31,Extended Sentiment Contrarian,extended,-1.0,contrarian,SLB,Energy,0.0,-0.2984326840633179,1.298432684063318,0.0,0.0,True,False,False
2023-05-31,2023-06-01,2023-05-31,Extended Sentiment Contrarian,extended,-1.0,contrarian,SO,Utilities,0.0,,1.0,0.0,0.0,False,False,False
2023-05-31,2023-06-01,2023-05-31,Extended Sentiment Contrarian,extended,-1.0,contrarian,T,Comm,0.0238801160012578,-1.1801220722421828,2.180122072242183,0.052061567982045864,0.05156749412491949,True,False,False
2023-05-31,2023-06-01,2023-05-31,Extended Sentiment Contrarian,extended,-1.0,contrarian,TMUS,Comm,0.0,0.15406202297728216,0.8459379770227178,0.0,0.0,True,False,False
2023-05-31,2023-06-01,2023-05-31,Extended Sentiment Contrarian,extended,-1.0,contrarian,TTWO,Comm,0.0,-0.3017631692020889,1.301763169202089,0.0,0.0,True,False,False
2023-05-31,2023-06-01,2023-05-31,Extended Sentiment Contrarian,extended,-1.0,contrarian,UPS,Industrials,0.0,0.04526758808407546,0.9547324119159245,0.0,0.0,True,False,False
2023-05-31,2023-06-01,2023-05-31,Extended Sentiment Contrarian,extended,-1.0,contrarian,USB,Financials,0.0,1.5668142901249655,-0.5668142901249655,-0.0,-0.0,True,False,False
2023-05-31,2023-06-01,2023-05-31,Extended Sentiment Contrarian,extended,-1.0,contrarian,V,Financials,0.0,-0.14271381460253044,1.1427138146025304,0.0,0.0,True,False,False
2023-05-31,2023-06-01,2023-05-31,Extended Sentiment Contrarian,extended,-1.0,contrarian,WFC,Financials,0.0,-0.4893954131316348,1.4893954131316347,0.0,0.0,True,False,False
2023-05-31,2023-06-01,2023-05-31,Extended Sentiment Contrarian,extended,-1.0,contrarian,WMT,Consumer,0.1531152891659129,0.8475453831649078,0.1524546168350922,0.023343132741383596,0.023121602117585908,True,False,False
2023-05-31,2023-06-01,2023-05-31,Extended Sentiment Contrarian,extended,-1.0,contrarian,XOM,Energy,0.0,0.10429284935829686,0.8957071506417031,0.0,0.0,True,False,False
2023-06-30,2023-07-03,2023-06-30,Extended Sentiment Contrarian,extended,-1.0,contrarian,ABBV,Healthcare,0.0869798072006141,-0.143279801440419,1.143279801440419,0.09944225670564402,0.07361937070972407,True,False,False
2023-06-30,2023-07-03,2023-06-30,Extended Sentiment Contrarian,extended,-1.0,contrarian,ABT,Healthcare,0.0,1.594858069560423,-0.5948580695604231,-0.0,-0.0,True,False,False
2023-06-30,2023-07-03,2023-06-30,Extended Sentiment Contrarian,extended,-1.0,contrarian,ADBE,Tech,0.0,-0.12248601100531073,1.1224860110053108,0.0,0.0,True,False,False
2023-06-30,2023-07-03,2023-06-30,Extended Sentiment Contrarian,extended,-1.0,contrarian,AEP,Utilities,0.0,-0.2837981286243923,1.2837981286243922,0.0,0.0,True,False,False
2023-06-30,2023-07-03,2023-06-30,Extended Sentiment Contrarian,extended,-1.0,contrarian,AMD,Tech,0.0,0.6025696692817409,0.39743033071825906,0.0,0.0,True,False,False
2023-06-30,2023-07-03,2023-06-30,Extended Sentiment Contrarian,extended,-1.0,contrarian,AMGN,Healthcare,0.012611719440015,-1.0856615156850353,2.085661515685035,0.02630377788265611,0.01947328670085977,True,False,False
2023-06-30,2023-07-03,2023-06-30,Extended Sentiment Contrarian,extended,-1.0,contrarian,AMT,RealEstate,0.0,-0.3236746850787599,1.32367468507876,0.0,0.0,True,False,False
2023-06-30,2023-07-03,2023-06-30,Extended Sentiment Contrarian,extended,-1.0,contrarian,BA,Industrials,0.0,,1.0,0.0,0.0,False,False,False
2023-06-30,2023-07-03,2023-06-30,Extended Sentiment Contrarian,extended,-1.0,contrarian,CAT,Industrials,0.0,-0.236724658982806,1.236724658982806,0.0,0.0,True,False,False
2023-06-30,2023-07-03,2023-06-30,Extended Sentiment Contrarian,extended,-1.0,contrarian,CCI,RealEstate,0.0,,1.0,0.0,0.0,False,False,False
2023-06-30,2023-07-03,2023-06-30,Extended Sentiment Contrarian,extended,-1.0,contrarian,CMCSA,Comm,0.0,0.7906973934390195,0.20930260656098054,0.0,0.0,True,False,False
2023-06-30,2023-07-03,2023-06-30,Extended Sentiment Contrarian,extended,-1.0,contrarian,COP,Energy,0.0,-1.8995706307380913,2.8995706307380913,0.0,0.0,True,False,False
2023-06-30,2023-07-03,2023-06-30,Extended Sentiment Contrarian,extended,-1.0,contrarian,CVX,Energy,0.0144705422712277,0.1484466337604663,0.8515533662395337,0.012322438982375415,0.009122582627793106,True,False,False
2023-06-30,2023-07-03,2023-06-30,Extended Sentiment Contrarian,extended,-1.0,contrarian,D,Utilities,0.0,-2.144487933613219,3.144487933613219,0.0,0.0,True,False,False
2023-06-30,2023-07-03,2023-06-30,Extended Sentiment Contrarian,extended,-1.0,contrarian,DD,Materials,0.0,,1.0,0.0,0.0,False,False,False
2023-06-30,2023-07-03,2023-06-30,Extended Sentiment Contrarian,extended,-1.0,contrarian,DIS,Consumer,0.0,0.1596184037636955,0.8403815962363045,0.0,0.0,True,False,False
2023-06-30,2023-07-03,2023-06-30,Extended Sentiment Contrarian,extended,-1.0,contrarian,DOW,Materials,0.0,-2.441985390912118,3.441985390912118,0.0,0.0,True,False,False
2023-06-30,2023-07-03,2023-06-30,Extended Sentiment Contrarian,extended,-1.0,contrarian,DUK,Utilities,0.0,0.8900624261483909,0.10993757385160907,0.0,0.0,True,False,False
2023-06-30,2023-07-03,2023-06-30,Extended Sentiment Contrarian,extended,-1.0,contrarian,EA,Comm,0.126278600603295,,1.0,0.126278600603295,0.09348692817820492,False,False,False
2023-06-30,2023-07-03,2023-06-30,Extended Sentiment Contrarian,extended,-1.0,contrarian,GE,Industrials,0.0,-0.394018617304274,1.394018617304274,0.0,0.0,True,False,False
2023-06-30,2023-07-03,2023-06-30,Extended Sentiment Contrarian,extended,-1.0,contrarian,GILD,Healthcare,0.0,-0.3073245770256104,1.3073245770256103,0.0,0.0,True,False,False
2023-06-30,2023-07-03,2023-06-30,Extended Sentiment Contrarian,extended,-1.0,contrarian,GS,Financials,0.0,0.2867082299158656,0.7132917700841344,0.0,0.0,True,False,False
2023-06-30,2023-07-03,2023-06-30,Extended Sentiment Contrarian,extended,-1.0,contrarian,INTC,Tech,0.0,-0.3895014348576883,1.3895014348576882,0.0,0.0,True,False,False
2023-06-30,2023-07-03,2023-06-30,Extended Sentiment Contrarian,extended,-1.0,contrarian,KO,Consumer,0.2385543788828388,-0.6228004825312649,1.622800482531265,0.38712616116101706,0.28659832664806906,True,False,False
2023-06-30,2023-07-03,2023-06-30,Extended Sentiment Contrarian,extended,-1.0,contrarian,MMM,Industrials,0.0,-0.05799083652223131,1.0579908365222312,0.0,0.0,True,False,False
2023-06-30,2023-07-03,2023-06-30,Extended Sentiment Contrarian,extended,-1.0,contrarian,MRK,Healthcare,0.1763117318158618,-0.4588269943575158,1.4588269943575158,0.25720831379490205,0.1904171810877177,True,False,False
2023-06-30,2023-07-03,2023-06-30,Extended Sentiment Contrarian,extended,-1.0,contrarian,MS,Financials,0.0,0.4674292987404737,0.5325707012595263,0.0,0.0,True,False,False
2023-06-30,2023-07-03,2023-06-30,Extended Sentiment Contrarian,extended,-1.0,contrarian,NEE,Utilities,0.0,0.919138863079414,0.08086113692058605,0.0,0.0,True,False,False
2023-06-30,2023-07-03,2023-06-30,Extended Sentiment Contrarian,extended,-1.0,contrarian,NEM,Materials,0.0,-0.11003421433318682,1.1100342143331867,0.0,0.0,True,False,False
2023-06-30,2023-07-03,2023-06-30,Extended Sentiment Contrarian,extended,-1.0,contrarian,NKE,Consumer,0.0,0.8631651264112652,0.1368348735887348,0.0,0.0,True,False,False
2023-06-30,2023-07-03,2023-06-30,Extended Sentiment Contrarian,extended,-1.0,contrarian,NUE,Materials,0.0,,1.0,0.0,0.0,False,False,False
2023-06-30,2023-07-03,2023-06-30,Extended Sentiment Contrarian,extended,-1.0,contrarian,NVDA,Tech,0.0,1.3616923033913044,-0.3616923033913044,-0.0,-0.0,True,False,False
2023-06-30,2023-07-03,2023-06-30,Extended Sentiment Contrarian,extended,-1.0,contrarian,O,RealEstate,0.1170582847115573,-0.5251100552569562,1.525110055256956,0.17852676706472764,0.13216743748134174,True,False,False
2023-06-30,2023-07-03,2023-06-30,Extended Sentiment Contrarian,extended,-1.0,contrarian,OXY,Energy,0.0045486095107736,0.08376198532475064,0.9162380146752493,0.00416760894768416,0.0030853759584411086,True,False,False
2023-06-30,2023-07-03,2023-06-30,Extended Sentiment Contrarian,extended,-1.0,contrarian,PLD,RealEstate,0.0,,1.0,0.0,0.0,False,False,False
2023-06-30,2023-07-03,2023-06-30,Extended Sentiment Contrarian,extended,-1.0,contrarian,PSA,RealEstate,0.0,,1.0,0.0,0.0,False,False,False
2023-06-30,2023-07-03,2023-06-30,Extended Sentiment Contrarian,extended,-1.0,contrarian,QCOM,Tech,0.0,0.7520614462553712,0.2479385537446288,0.0,0.0,True,False,False
2023-06-30,2023-07-03,2023-06-30,Extended Sentiment Contrarian,extended,-1.0,contrarian,SBUX,Consumer,0.0,-0.29708638784447416,1.297086387844474,0.0,0.0,True,False,False
2023-06-30,2023-07-03,2023-06-30,Extended Sentiment Contrarian,extended,-1.0,contrarian,SHW,Materials,0.0,,1.0,0.0,0.0,False,False,False
2023-06-30,2023-07-03,2023-06-30,Extended Sentiment Contrarian,extended,-1.0,contrarian,SLB,Energy,0.0,0.5002759619791202,0.49972403802087983,0.0,0.0,True,False,False
2023-06-30,2023-07-03,2023-06-30,Extended Sentiment Contrarian,extended,-1.0,contrarian,SO,Utilities,0.0,0.8187125936180244,0.1812874063819756,0.0,0.0,True,False,False
2023-06-30,2023-07-03,2023-06-30,Extended Sentiment Contrarian,extended,-1.0,contrarian,T,Comm,0.0439759475588243,-0.49028177431319325,1.4902817743131933,0.06553655315506862,0.048518205052829375,True,False,False
2023-06-30,2023-07-03,2023-06-30,Extended Sentiment Contrarian,extended,-1.0,contrarian,TMUS,Comm,0.0299148698096306,-0.2550099645769814,1.2550099645769814,0.037543459700109506,0.02779427950402775,True,False,False
2023-06-30,2023-07-03,2023-06-30,Extended Sentiment Contrarian,extended,-1.0,contrarian,TTWO,Comm,0.0006271379537452,,1.0,0.0006271379537452,0.0004642845308666978,False,False,False
2023-06-30,2023-07-03,2023-06-30,Extended Sentiment Contrarian,extended,-1.0,contrarian,UPS,Industrials,0.0,1.0817724277835745,-0.08177242778357452,-0.0,-0.0,True,False,False
2023-06-30,2023-07-03,2023-06-30,Extended Sentiment Contrarian,extended,-1.0,contrarian,USB,Financials,0.0,-0.3311920679105701,1.3311920679105702,0.0,0.0,True,False,False
2023-06-30,2023-07-03,2023-06-30,Extended Sentiment Contrarian,extended,-1.0,contrarian,V,Financials,0.0,-0.5013583408306319,1.501358340830632,0.0,0.0,True,False,False
2023-06-30,2023-07-03,2023-06-30,Extended Sentiment Contrarian,extended,-1.0,contrarian,WFC,Financials,0.0,-0.21491562784963025,1.2149156278496303,0.0,0.0,True,False,False
2023-06-30,2023-07-03,2023-06-30,Extended Sentiment Contrarian,extended,-1.0,contrarian,WMT,Consumer,0.1394268701487069,-0.021555285277486767,1.0215552852774867,0.14243225611010937,0.10544584778110093,True,False,False
2023-06-30,2023-07-03,2023-06-30,Extended Sentiment Contrarian,extended,-1.0,contrarian,XOM,Energy,0.009241500092909,-0.43340154427937666,1.4334015442793766,0.013246780504633763,0.009806893739023808,True,False,False
2023-07-31,2023-08-01,2023-07-31,Extended Sentiment Contrarian,extended,-1.0,contrarian,ABBV,Healthcare,0.0875430552463232,-0.26980323478870155,1.2698032347887016,0.11116245473506722,0.11369284139271871,True,False,False
2023-07-31,2023-08-01,2023-07-31,Extended Sentiment Contrarian,extended,-1.0,contrarian,ABT,Healthcare,0.0,0.7876709263374159,0.21232907366258413,0.0,0.0,True,False,False
2023-07-31,2023-08-01,2023-07-31,Extended Sentiment Contrarian,extended,-1.0,contrarian,ADBE,Tech,0.0,1.5252124466167147,-0.5252124466167147,-0.0,-0.0,True,False,False
2023-07-31,2023-08-01,2023-07-31,Extended Sentiment Contrarian,extended,-1.0,contrarian,AEP,Utilities,0.0,-0.3881016675651269,1.388101667565127,0.0,0.0,True,False,False
2023-07-31,2023-08-01,2023-07-31,Extended Sentiment Contrarian,extended,-1.0,contrarian,AMD,Tech,0.0,1.2893793633308628,-0.2893793633308628,-0.0,-0.0,True,False,False
2023-07-31,2023-08-01,2023-07-31,Extended Sentiment Contrarian,extended,-1.0,contrarian,AMGN,Healthcare,0.0156056079016828,-0.3091335772280115,1.3091335772280115,0.020429825297147725,0.020894868620212684,True,False,False
2023-07-31,2023-08-01,2023-07-31,Extended Sentiment Contrarian,extended,-1.0,contrarian,AMT,RealEstate,0.0,-1.3214339566362299,2.3214339566362296,0.0,0.0,True,False,False
2023-07-31,2023-08-01,2023-07-31,Extended Sentiment Contrarian,extended,-1.0,contrarian,BA,Industrials,0.0,,1.0,0.0,0.0,False,False,False
2023-07-31,2023-08-01,2023-07-31,Extended Sentiment Contrarian,extended,-1.0,contrarian,CAT,Industrials,0.0,0.1901893637087673,0.8098106362912327,0.0,0.0,True,False,False
2023-07-31,2023-08-01,2023-07-31,Extended Sentiment Contrarian,extended,-1.0,contrarian,CCI,RealEstate,0.0,,1.0,0.0,0.0,False,False,False
2023-07-31,2023-08-01,2023-07-31,Extended Sentiment Contrarian,extended,-1.0,contrarian,CMCSA,Comm,0.0,0.020161826075711327,0.9798381739242886,0.0,0.0,True,False,False
2023-07-31,2023-08-01,2023-07-31,Extended Sentiment Contrarian,extended,-1.0,contrarian,COP,Energy,0.0,0.22171501684067088,0.7782849831593291,0.0,0.0,True,False,False
2023-07-31,2023-08-01,2023-07-31,Extended Sentiment Contrarian,extended,-1.0,contrarian,CVX,Energy,0.0119871567644702,0.7455914078364079,0.25440859216359213,0.0030496356764931434,0.0031190544154449554,True,False,False
2023-07-31,2023-08-01,2023-07-31,Extended Sentiment Contrarian,extended,-1.0,contrarian,D,Utilities,0.0,0.48301442224226415,0.5169855777577359,0.0,0.0,True,False,False
2023-07-31,2023-08-01,2023-07-31,Extended Sentiment Contrarian,extended,-1.0,contrarian,DD,Materials,0.0,,1.0,0.0,0.0,False,False,False
2023-07-31,2023-08-01,2023-07-31,Extended Sentiment Contrarian,extended,-1.0,contrarian,DIS,Consumer,0.0,-0.29213267538852944,1.2921326753885294,0.0,0.0,True,False,False
2023-07-31,2023-08-01,2023-07-31,Extended Sentiment Contrarian,extended,-1.0,contrarian,DOW,Materials,0.0,,1.0,0.0,0.0,False,False,False
2023-07-31,2023-08-01,2023-07-31,Extended Sentiment Contrarian,extended,-1.0,contrarian,DUK,Utilities,0.0,,1.0,0.0,0.0,False,False,False
2023-07-31,2023-08-01,2023-07-31,Extended Sentiment Contrarian,extended,-1.0,contrarian,EA,Comm,0.1152156909713553,0.34086466173434754,0.6591353382656524,0.07594273344191514,0.07767141494598043,True,False,False
2023-07-31,2023-08-01,2023-07-31,Extended Sentiment Contrarian,extended,-1.0,contrarian,GE,Industrials,0.0,-0.376935124986462,1.376935124986462,0.0,0.0,True,False,False
2023-07-31,2023-08-01,2023-07-31,Extended Sentiment Contrarian,extended,-1.0,contrarian,GILD,Healthcare,0.0,-0.09053019241761216,1.090530192417612,0.0,0.0,True,False,False
2023-07-31,2023-08-01,2023-07-31,Extended Sentiment Contrarian,extended,-1.0,contrarian,GS,Financials,0.0,0.24889680182164053,0.7511031981783595,0.0,0.0,True,False,False
2023-07-31,2023-08-01,2023-07-31,Extended Sentiment Contrarian,extended,-1.0,contrarian,INTC,Tech,0.0,0.811017663777662,0.18898233622233795,0.0,0.0,True,False,False
2023-07-31,2023-08-01,2023-07-31,Extended Sentiment Contrarian,extended,-1.0,contrarian,KO,Consumer,0.2329936574415961,0.19428808404308015,0.8057119159569198,0.18772576614307865,0.1919989604970353,True,False,False
2023-07-31,2023-08-01,2023-07-31,Extended Sentiment Contrarian,extended,-1.0,contrarian,MMM,Industrials,0.0,-0.15306349594607932,1.1530634959460793,0.0,0.0,True,False,False
2023-07-31,2023-08-01,2023-07-31,Extended Sentiment Contrarian,extended,-1.0,contrarian,MRK,Healthcare,0.1597897419160972,0.18451409884164519,0.8154859011583548,0.13030628168230948,0.1332724385323262,True,False,False
2023-07-31,2023-08-01,2023-07-31,Extended Sentiment Contrarian,extended,-1.0,contrarian,MS,Financials,0.0,1.0235198550602846,-0.023519855060284645,-0.0,-0.0,True,False,False
2023-07-31,2023-08-01,2023-07-31,Extended Sentiment Contrarian,extended,-1.0,contrarian,NEE,Utilities,0.0,0.6394205092590098,0.36057949074099016,0.0,0.0,True,False,False
2023-07-31,2023-08-01,2023-07-31,Extended Sentiment Contrarian,extended,-1.0,contrarian,NEM,Materials,0.0,,1.0,0.0,0.0,False,False,False
2023-07-31,2023-08-01,2023-07-31,Extended Sentiment Contrarian,extended,-1.0,contrarian,NKE,Consumer,0.0,0.1542950897742564,0.8457049102257436,0.0,0.0,True,False,False
2023-07-31,2023-08-01,2023-07-31,Extended Sentiment Contrarian,extended,-1.0,contrarian,NUE,Materials,0.0,,1.0,0.0,0.0,False,False,False
2023-07-31,2023-08-01,2023-07-31,Extended Sentiment Contrarian,extended,-1.0,contrarian,NVDA,Tech,0.0,0.18434907619970783,0.8156509238002921,0.0,0.0,True,False,False
2023-07-31,2023-08-01,2023-07-31,Extended Sentiment Contrarian,extended,-1.0,contrarian,O,RealEstate,0.1223155510239102,-0.5640289401712061,1.5640289401712062,0.19130506163438338,0.1956597313531705,True,False,False
2023-07-31,2023-08-01,2023-07-31,Extended Sentiment Contrarian,extended,-1.0,contrarian,OXY,Energy,0.0131526081157773,0.40089483180296526,0.5991051681970347,0.007879795497432444,0.00805916297756992,True,False,False
2023-07-31,2023-08-01,2023-07-31,Extended Sentiment Contrarian,extended,-1.0,contrarian,PLD,RealEstate,0.0,-0.39770201431387403,1.397702014313874,0.0,0.0,True,False,False
2023-07-31,2023-08-01,2023-07-31,Extended Sentiment Contrarian,extended,-1.0,contrarian,PSA,RealEstate,0.0,-0.5725867050110278,1.5725867050110278,0.0,0.0,True,False,False
2023-07-31,2023-08-01,2023-07-31,Extended Sentiment Contrarian,extended,-1.0,contrarian,QCOM,Tech,0.0,0.31074448104799474,0.6892555189520053,0.0,0.0,True,False,False
2023-07-31,2023-08-01,2023-07-31,Extended Sentiment Contrarian,extended,-1.0,contrarian,SBUX,Consumer,0.0,0.5152577700254853,0.48474222997451466,0.0,0.0,True,False,False
2023-07-31,2023-08-01,2023-07-31,Extended Sentiment Contrarian,extended,-1.0,contrarian,SHW,Materials,0.0,,1.0,0.0,0.0,False,False,False
2023-07-31,2023-08-01,2023-07-31,Extended Sentiment Contrarian,extended,-1.0,contrarian,SLB,Energy,0.0,1.1786643786730007,-0.17866437867300067,-0.0,-0.0,True,False,False
2023-07-31,2023-08-01,2023-07-31,Extended Sentiment Contrarian,extended,-1.0,contrarian,SO,Utilities,0.0,0.22241896343268522,0.7775810365673148,0.0,0.0,True,False,False
2023-07-31,2023-08-01,2023-07-31,Extended Sentiment Contrarian,extended,-1.0,contrarian,T,Comm,0.0268377116057847,-0.8438145541345152,1.8438145541345152,0.04948376325841062,0.0506101602475549,True,False,False
2023-07-31,2023-08-01,2023-07-31,Extended Sentiment Contrarian,extended,-1.0,contrarian,TMUS,Comm,0.0526341059840717,0.07980871009274518,0.9201912899072549,0.048433445878598096,0.04953593453384933,True,False,False
2023-07-31,2023-08-01,2023-07-31,Extended Sentiment Contrarian,extended,-1.0,contrarian,TTWO,Comm,0.0021491336463584,,1.0,0.0021491336463584,0.002198054292427398,False,False,False
2023-07-31,2023-08-01,2023-07-31,Extended Sentiment Contrarian,extended,-1.0,contrarian,UPS,Industrials,0.0,0.4196604539853442,0.5803395460146559,0.0,0.0,True,False,False
2023-07-31,2023-08-01,2023-07-31,Extended Sentiment Contrarian,extended,-1.0,contrarian,USB,Financials,0.0,0.5595968392089227,0.44040316079107733,0.0,0.0,True,False,False
2023-07-31,2023-08-01,2023-07-31,Extended Sentiment Contrarian,extended,-1.0,contrarian,V,Financials,0.0126724309083582,0.3849872777820787,0.6150127222179214,0.007793706230067902,0.007971114063542076,True,False,False
2023-07-31,2023-08-01,2023-07-31,Extended Sentiment Contrarian,extended,-1.0,contrarian,WFC,Financials,0.0,-0.11419109319658839,1.1141910931965884,0.0,0.0,True,False,False
2023-07-31,2023-08-01,2023-07-31,Extended Sentiment Contrarian,extended,-1.0,contrarian,WMT,Consumer,0.1381157632100252,0.044581279836143815,0.9554187201638562,0.1319583857205765,0.13496214935091708,True,False,False
2023-07-31,2023-08-01,2023-07-31,Extended Sentiment Contrarian,extended,-1.0,contrarian,XOM,Energy,0.0089877852641889,-0.12638094586090118,1.126380945860901,0.010123670067071763,0.010354114777250541,True,False,False
2023-08-31,2023-09-01,2023-08-31,Extended Sentiment Contrarian,extended,-1.0,contrarian,ABBV,Healthcare,0.0742857209529456,-0.5665091380393711,1.566509138039371,0.11636926069863204,0.15326509411104483,True,False,False
2023-08-31,2023-09-01,2023-08-31,Extended Sentiment Contrarian,extended,-1.0,contrarian,ABT,Healthcare,0.0,0.7231659591379355,0.27683404086206453,0.0,0.0,True,False,False
2023-08-31,2023-09-01,2023-08-31,Extended Sentiment Contrarian,extended,-1.0,contrarian,ADBE,Tech,0.0,1.2339118932742483,-0.23391189327424833,-0.0,-0.0,True,False,False
2023-08-31,2023-09-01,2023-08-31,Extended Sentiment Contrarian,extended,-1.0,contrarian,AEP,Utilities,0.0,-0.28466479728170485,1.284664797281705,0.0,0.0,True,False,False
2023-08-31,2023-09-01,2023-08-31,Extended Sentiment Contrarian,extended,-1.0,contrarian,AMD,Tech,0.0,-1.8838427382176661,2.883842738217666,0.0,0.0,True,False,False
2023-08-31,2023-09-01,2023-08-31,Extended Sentiment Contrarian,extended,-1.0,contrarian,AMGN,Healthcare,0.0403196886552211,-0.5226291079609138,1.5226291079609138,0.061391931570361075,0.08085674956858108,True,False,False
2023-08-31,2023-09-01,2023-08-31,Extended Sentiment Contrarian,extended,-1.0,contrarian,AMT,RealEstate,0.0,0.672729718679237,0.32727028132076297,0.0,0.0,True,False,False
2023-08-31,2023-09-01,2023-08-31,Extended Sentiment Contrarian,extended,-1.0,contrarian,BA,Industrials,0.0,,1.0,0.0,0.0,False,False,False
2023-08-31,2023-09-01,2023-08-31,Extended Sentiment Contrarian,extended,-1.0,contrarian,CAT,Industrials,0.0,-0.04163273460153511,1.041632734601535,0.0,0.0,True,False,False
2023-08-31,2023-09-01,2023-08-31,Extended Sentiment Contrarian,extended,-1.0,contrarian,CCI,RealEstate,0.0,,1.0,0.0,0.0,False,False,False
2023-08-31,2023-09-01,2023-08-31,Extended Sentiment Contrarian,extended,-1.0,contrarian,CMCSA,Comm,0.0,-0.23498444178159436,1.2349844417815943,0.0,0.0,True,False,False
2023-08-31,2023-09-01,2023-08-31,Extended Sentiment Contrarian,extended,-1.0,contrarian,COP,Energy,0.0,0.07258294287902384,0.9274170571209761,0.0,0.0,True,False,False
2023-08-31,2023-09-01,2023-08-31,Extended Sentiment Contrarian,extended,-1.0,contrarian,CVX,Energy,0.0,0.5089423188570965,0.4910576811429035,0.0,0.0,True,False,False
2023-08-31,2023-09-01,2023-08-31,Extended Sentiment Contrarian,extended,-1.0,contrarian,D,Utilities,0.0,-3.3396489222860173,4.339648922286017,0.0,0.0,True,False,False
2023-08-31,2023-09-01,2023-08-31,Extended Sentiment Contrarian,extended,-1.0,contrarian,DD,Materials,0.0,1.0218412069480132,-0.02184120694801317,-0.0,-0.0,True,False,False
2023-08-31,2023-09-01,2023-08-31,Extended Sentiment Contrarian,extended,-1.0,contrarian,DIS,Consumer,0.0,-0.4862631179449211,1.486263117944921,0.0,0.0,True,False,False
2023-08-31,2023-09-01,2023-08-31,Extended Sentiment Contrarian,extended,-1.0,contrarian,DOW,Materials,0.0,1.064003752056004,-0.06400375205600395,-0.0,-0.0,True,False,False
2023-08-31,2023-09-01,2023-08-31,Extended Sentiment Contrarian,extended,-1.0,contrarian,DUK,Utilities,0.0,-0.4332415668016919,1.433241566801692,0.0,0.0,True,False,False
2023-08-31,2023-09-01,2023-08-31,Extended Sentiment Contrarian,extended,-1.0,contrarian,EA,Comm,0.0782336627440103,-1.2656769018211769,2.265676901821177,0.17725220262397207,0.23345147467171645,True,False,False
2023-08-31,2023-09-01,2023-08-31,Extended Sentiment Contrarian,extended,-1.0,contrarian,GE,Industrials,0.0,0.6047404349878613,0.39525956501213866,0.0,0.0,True,False,False
2023-08-31,2023-09-01,2023-08-31,Extended Sentiment Contrarian,extended,-1.0,contrarian,GILD,Healthcare,0.0,,1.0,0.0,0.0,False,False,False
2023-08-31,2023-09-01,2023-08-31,Extended Sentiment Contrarian,extended,-1.0,contrarian,GS,Financials,0.0,0.16727631327863385,0.8327236867213661,0.0,0.0,True,False,False
2023-08-31,2023-09-01,2023-08-31,Extended Sentiment Contrarian,extended,-1.0,contrarian,INTC,Tech,0.0,-0.03558573718310281,1.0355857371831028,0.0,0.0,True,False,False
2023-08-31,2023-09-01,2023-08-31,Extended Sentiment Contrarian,extended,-1.0,contrarian,KO,Consumer,0.2564785679164975,1.2390619216152694,-0.2390619216152694,-0.06131425929925027,0.0,True,True,False
2023-08-31,2023-09-01,2023-08-31,Extended Sentiment Contrarian,extended,-1.0,contrarian,MMM,Industrials,0.0,-0.5223697993962749,1.5223697993962748,0.0,0.0,True,False,False
2023-08-31,2023-09-01,2023-08-31,Extended Sentiment Contrarian,extended,-1.0,contrarian,MRK,Healthcare,0.1418692644532559,0.7456018663543207,0.2543981336456793,0.03609127609859362,0.04753431270964222,True,False,False
2023-08-31,2023-09-01,2023-08-31,Extended Sentiment Contrarian,extended,-1.0,contrarian,MS,Financials,0.0,-0.2185965440688857,1.2185965440688857,0.0,0.0,True,False,False
2023-08-31,2023-09-01,2023-08-31,Extended Sentiment Contrarian,extended,-1.0,contrarian,NEE,Utilities,0.0,-0.5032756890014461,1.503275689001446,0.0,0.0,True,False,False
2023-08-31,2023-09-01,2023-08-31,Extended Sentiment Contrarian,extended,-1.0,contrarian,NEM,Materials,0.0,-0.12713059845391878,1.1271305984539188,0.0,0.0,True,False,False
2023-08-31,2023-09-01,2023-08-31,Extended Sentiment Contrarian,extended,-1.0,contrarian,NKE,Consumer,0.0,-0.2386598231738033,1.2386598231738033,0.0,0.0,True,False,False
2023-08-31,2023-09-01,2023-08-31,Extended Sentiment Contrarian,extended,-1.0,contrarian,NUE,Materials,0.0,,1.0,0.0,0.0,False,False,False
2023-08-31,2023-09-01,2023-08-31,Extended Sentiment Contrarian,extended,-1.0,contrarian,NVDA,Tech,0.0,1.0365964557096847,-0.03659645570968473,-0.0,-0.0,True,False,False
2023-08-31,2023-09-01,2023-08-31,Extended Sentiment Contrarian,extended,-1.0,contrarian,O,RealEstate,0.0938284183171901,0.4128241420588951,0.5871758579411048,0.055093782024652975,0.07256171978964106,True,False,False
2023-08-31,2023-09-01,2023-08-31,Extended Sentiment Contrarian,extended,-1.0,contrarian,OXY,Energy,0.0191927825992649,-0.4094712296839767,1.4094712296839766,0.02705167489124313,0.03562863142015738,True,False,False
2023-08-31,2023-09-01,2023-08-31,Extended Sentiment Contrarian,extended,-1.0,contrarian,PLD,RealEstate,0.0,1.590791281967934,-0.590791281967934,-0.0,-0.0,True,False,False
2023-08-31,2023-09-01,2023-08-31,Extended Sentiment Contrarian,extended,-1.0,contrarian,PSA,RealEstate,0.0,-0.4928008848981473,1.4928008848981473,0.0,0.0,True,False,False
2023-08-31,2023-09-01,2023-08-31,Extended Sentiment Contrarian,extended,-1.0,contrarian,QCOM,Tech,0.0,-1.5525679359561961,2.552567935956196,0.0,0.0,True,False,False
2023-08-31,2023-09-01,2023-08-31,Extended Sentiment Contrarian,extended,-1.0,contrarian,SBUX,Consumer,0.0,-1.09480305788108,2.09480305788108,0.0,0.0,True,False,False
2023-08-31,2023-09-01,2023-08-31,Extended Sentiment Contrarian,extended,-1.0,contrarian,SHW,Materials,0.0,-0.9821030291054177,1.9821030291054176,0.0,0.0,True,False,False
2023-08-31,2023-09-01,2023-08-31,Extended Sentiment Contrarian,extended,-1.0,contrarian,SLB,Energy,0.0,,1.0,0.0,0.0,False,False,False
2023-08-31,2023-09-01,2023-08-31,Extended Sentiment Contrarian,extended,-1.0,contrarian,SO,Utilities,0.0,-0.3874084037469894,1.3874084037469894,0.0,0.0,True,False,False
2023-08-31,2023-09-01,2023-08-31,Extended Sentiment Contrarian,extended,-1.0,contrarian,T,Comm,0.032989013001133,-0.3537818302070903,1.3537818302070903,0.04465992639739933,0.058819724222671864,True,False,False
2023-08-31,2023-09-01,2023-08-31,Extended Sentiment Contrarian,extended,-1.0,contrarian,TMUS,Comm,0.0343601582181247,0.6850304705439645,0.3149695294560355,0.010822402865997668,0.014253734910805982,True,False,False
2023-08-31,2023-09-01,2023-08-31,Extended Sentiment Contrarian,extended,-1.0,contrarian,TTWO,Comm,0.0158777786920197,-0.15598456886884646,1.1559845688688464,0.01835446715588935,0.02417390227553909,True,False,False
2023-08-31,2023-09-01,2023-08-31,Extended Sentiment Contrarian,extended,-1.0,contrarian,UPS,Industrials,0.0,0.26577638363787986,0.7342236163621201,0.0,0.0,True,False,False
2023-08-31,2023-09-01,2023-08-31,Extended Sentiment Contrarian,extended,-1.0,contrarian,USB,Financials,0.0,-0.3531816069805162,1.3531816069805163,0.0,0.0,True,False,False
2023-08-31,2023-09-01,2023-08-31,Extended Sentiment Contrarian,extended,-1.0,contrarian,V,Financials,0.0182623456909401,-0.12751505537755017,1.1275150553775501,0.02059106971304429,0.02711963811121743,True,False,False
2023-08-31,2023-09-01,2023-08-31,Extended Sentiment Contrarian,extended,-1.0,contrarian,WFC,Financials,0.0,-0.5022707887898292,1.5022707887898292,0.0,0.0,True,False,False
2023-08-31,2023-09-01,2023-08-31,Extended Sentiment Contrarian,extended,-1.0,contrarian,WMT,Consumer,0.1807656493227264,-0.040029351214139815,1.0400293512141399,0.18800158098691785,0.24760903205878923,True,False,False
2023-08-31,2023-09-01,2023-08-31,Extended Sentiment Contrarian,extended,-1.0,contrarian,XOM,Energy,0.0135369494366703,0.7349262898255343,0.2650737101744657,0.0035882894116223397,0.004725986150193258,True,False,False
2023-09-29,2023-10-02,2023-09-29,Extended Sentiment Contrarian,extended,-1.0,contrarian,ABBV,Healthcare,0.0622695892060158,-0.5642903901692109,1.564290390169211,0.09740771999475495,0.149199150860515,True,False,False
2023-09-29,2023-10-02,2023-09-29,Extended Sentiment Contrarian,extended,-1.0,contrarian,ABT,Healthcare,0.0,-0.39023053871231006,1.3902305387123102,0.0,0.0,True,False,False
2023-09-29,2023-10-02,2023-09-29,Extended Sentiment Contrarian,extended,-1.0,contrarian,ADBE,Tech,0.0,-0.45088182945395194,1.450881829453952,0.0,0.0,True,False,False
2023-09-29,2023-10-02,2023-09-29,Extended Sentiment Contrarian,extended,-1.0,contrarian,AEP,Utilities,0.0,-0.2746012103894453,1.2746012103894453,0.0,0.0,True,False,False
2023-09-29,2023-10-02,2023-09-29,Extended Sentiment Contrarian,extended,-1.0,contrarian,AMD,Tech,0.0,0.5316927085191806,0.4683072914808194,0.0,0.0,True,False,False
2023-09-29,2023-10-02,2023-09-29,Extended Sentiment Contrarian,extended,-1.0,contrarian,AMGN,Healthcare,0.0459857099945139,0.7219033659855991,0.2780966340144009,0.01278847116223671,0.019588067951006767,True,False,False
2023-09-29,2023-10-02,2023-09-29,Extended Sentiment Contrarian,extended,-1.0,contrarian,AMT,RealEstate,0.0,-2.5667315279027245,3.5667315279027245,0.0,0.0,True,False,False
2023-09-29,2023-10-02,2023-09-29,Extended Sentiment Contrarian,extended,-1.0,contrarian,BA,Industrials,0.0,,1.0,0.0,0.0,False,False,False
2023-09-29,2023-10-02,2023-09-29,Extended Sentiment Contrarian,extended,-1.0,contrarian,CAT,Industrials,0.0,0.11798214091868572,0.8820178590813142,0.0,0.0,True,False,False
2023-09-29,2023-10-02,2023-09-29,Extended Sentiment Contrarian,extended,-1.0,contrarian,CCI,RealEstate,0.0,,1.0,0.0,0.0,False,False,False
2023-09-29,2023-10-02,2023-09-29,Extended Sentiment Contrarian,extended,-1.0,contrarian,CMCSA,Comm,0.0,-0.24426931449072758,1.2442693144907275,0.0,0.0,True,False,False
2023-09-29,2023-10-02,2023-09-29,Extended Sentiment Contrarian,extended,-1.0,contrarian,COP,Energy,0.0,1.4352983448363719,-0.43529834483637186,-0.0,-0.0,True,False,False
2023-09-29,2023-10-02,2023-09-29,Extended Sentiment Contrarian,extended,-1.0,contrarian,CVX,Energy,0.0285068765260923,1.128160355986191,-0.12816035598619102,-0.0036534514436383815,0.0,True,True,False
2023-09-29,2023-10-02,2023-09-29,Extended Sentiment Contrarian,extended,-1.0,contrarian,D,Utilities,0.0,1.5039086730171678,-0.5039086730171678,-0.0,-0.0,True,False,False
2023-09-29,2023-10-02,2023-09-29,Extended Sentiment Contrarian,extended,-1.0,contrarian,DD,Materials,0.0,,1.0,0.0,0.0,False,False,False
2023-09-29,2023-10-02,2023-09-29,Extended Sentiment Contrarian,extended,-1.0,contrarian,DIS,Consumer,0.0,0.5024428074138282,0.4975571925861718,0.0,0.0,True,False,False
2023-09-29,2023-10-02,2023-09-29,Extended Sentiment Contrarian,extended,-1.0,contrarian,DOW,Materials,0.0,,1.0,0.0,0.0,False,False,False
2023-09-29,2023-10-02,2023-09-29,Extended Sentiment Contrarian,extended,-1.0,contrarian,DUK,Utilities,0.0,0.6361957183828302,0.3638042816171698,0.0,0.0,True,False,False
2023-09-29,2023-10-02,2023-09-29,Extended Sentiment Contrarian,extended,-1.0,contrarian,EA,Comm,0.0787834168266555,-0.3471750732784229,1.347175073278423,0.10613505533657416,0.16256678765916405,True,False,False
2023-09-29,2023-10-02,2023-09-29,Extended Sentiment Contrarian,extended,-1.0,contrarian,GE,Industrials,0.0073350238314469,0.00897537898818256,0.9910246210118174,0.007269189212672313,0.011134198172727214,True,False,False
2023-09-29,2023-10-02,2023-09-29,Extended Sentiment Contrarian,extended,-1.0,contrarian,GILD,Healthcare,0.0,0.7168324774556165,0.2831675225443835,0.0,0.0,True,False,False
2023-09-29,2023-10-02,2023-09-29,Extended Sentiment Contrarian,extended,-1.0,contrarian,GS,Financials,0.0,-1.1475276818531923,2.1475276818531923,0.0,0.0,True,False,False
2023-09-29,2023-10-02,2023-09-29,Extended Sentiment Contrarian,extended,-1.0,contrarian,INTC,Tech,0.0,0.016695082379507044,0.983304917620493,0.0,0.0,True,False,False
2023-09-29,2023-10-02,2023-09-29,Extended Sentiment Contrarian,extended,-1.0,contrarian,KO,Consumer,0.2873775350355844,0.2425072463732733,0.7574927536267266,0.21768640034456593,0.33342969209257967,True,False,False
2023-09-29,2023-10-02,2023-09-29,Extended Sentiment Contrarian,extended,-1.0,contrarian,MMM,Industrials,0.0,,1.0,0.0,0.0,False,False,False
2023-09-29,2023-10-02,2023-09-29,Extended Sentiment Contrarian,extended,-1.0,contrarian,MRK,Healthcare,0.1165080947026431,0.6967469150037171,0.3032530849962829,0.03533143914561561,0.054117073261643486,True,False,False
2023-09-29,2023-10-02,2023-09-29,Extended Sentiment Contrarian,extended,-1.0,contrarian,MS,Financials,0.0,-0.2626099590836313,1.2626099590836313,0.0,0.0,True,False,False
2023-09-29,2023-10-02,2023-09-29,Extended Sentiment Contrarian,extended,-1.0,contrarian,NEE,Utilities,0.0,-1.3219588683829184,2.3219588683829184,0.0,0.0,True,False,False
2023-09-29,2023-10-02,2023-09-29,Extended Sentiment Contrarian,extended,-1.0,contrarian,NEM,Materials,0.0,,1.0,0.0,0.0,False,False,False
2023-09-29,2023-10-02,2023-09-29,Extended Sentiment Contrarian,extended,-1.0,contrarian,NKE,Consumer,0.0,0.6695663927758866,0.3304336072241134,0.0,0.0,True,False,False
2023-09-29,2023-10-02,2023-09-29,Extended Sentiment Contrarian,extended,-1.0,contrarian,NUE,Materials,0.0,,1.0,0.0,0.0,False,False,False
2023-09-29,2023-10-02,2023-09-29,Extended Sentiment Contrarian,extended,-1.0,contrarian,NVDA,Tech,0.0,1.4443066427953122,-0.4443066427953122,-0.0,-0.0,True,False,False
2023-09-29,2023-10-02,2023-09-29,Extended Sentiment Contrarian,extended,-1.0,contrarian,O,RealEstate,0.0631806964650165,-0.45523317175352124,1.4552331717535212,0.09194264531038246,0.14082831020905967,True,False,False
2023-09-29,2023-10-02,2023-09-29,Extended Sentiment Contrarian,extended,-1.0,contrarian,OXY,Energy,0.0176839203669765,-0.4116563892640427,1.4116563892640426,0.024963619173278908,0.03823671042971787,True,False,False
2023-09-29,2023-10-02,2023-09-29,Extended Sentiment Contrarian,extended,-1.0,contrarian,PLD,RealEstate,0.0,1.5687956039449706,-0.5687956039449706,-0.0,-0.0,True,False,False
2023-09-29,2023-10-02,2023-09-29,Extended Sentiment Contrarian,extended,-1.0,contrarian,PSA,RealEstate,0.0,,1.0,0.0,0.0,False,False,False
2023-09-29,2023-10-02,2023-09-29,Extended Sentiment Contrarian,extended,-1.0,contrarian,QCOM,Tech,0.0,-0.48546491882393766,1.4854649188239377,0.0,0.0,True,False,False
2023-09-29,2023-10-02,2023-09-29,Extended Sentiment Contrarian,extended,-1.0,contrarian,SBUX,Consumer,0.0,-0.29305478708620547,1.2930547870862055,0.0,0.0,True,False,False
2023-09-29,2023-10-02,2023-09-29,Extended Sentiment Contrarian,extended,-1.0,contrarian,SHW,Materials,0.0,-0.3078641093654638,1.3078641093654637,0.0,0.0,True,False,False
2023-09-29,2023-10-02,2023-09-29,Extended Sentiment Contrarian,extended,-1.0,contrarian,SLB,Energy,0.0,-0.0020392807809360503,1.002039280780936,0.0,0.0,True,False,False
2023-09-29,2023-10-02,2023-09-29,Extended Sentiment Contrarian,extended,-1.0,contrarian,SO,Utilities,0.0,-0.24652922088184928,1.2465292208818493,0.0,0.0,True,False,False
2023-09-29,2023-10-02,2023-09-29,Extended Sentiment Contrarian,extended,-1.0,contrarian,T,Comm,0.027024899104228,1.0899568314412795,-0.08995683144127953,-0.002431074293436624,0.0,True,True,False
2023-09-29,2023-10-02,2023-09-29,Extended Sentiment Contrarian,extended,-1.0,contrarian,TMUS,Comm,0.0616742444999878,1.7621793265700396,-0.7621793265700396,-0.047006834139716666,0.0,True,True,False
2023-09-29,2023-10-02,2023-09-29,Extended Sentiment Contrarian,extended,-1.0,contrarian,TTWO,Comm,0.016400310336569,,1.0,0.016400310336569,0.025120312601473262,False,False,False
2023-09-29,2023-10-02,2023-09-29,Extended Sentiment Contrarian,extended,-1.0,contrarian,UPS,Industrials,0.0,1.2101420799167617,-0.2101420799167617,-0.0,-0.0,True,False,False
2023-09-29,2023-10-02,2023-09-29,Extended Sentiment Contrarian,extended,-1.0,contrarian,USB,Financials,0.0,-2.229153207413081,3.229153207413081,0.0,0.0,True,False,False
2023-09-29,2023-10-02,2023-09-29,Extended Sentiment Contrarian,extended,-1.0,contrarian,V,Financials,0.0291095304250455,-0.4753113851092033,1.4753113851092032,0.04294562165125237,0.0657796967621131,True,False,False
2023-09-29,2023-10-02,2023-09-29,Extended Sentiment Contrarian,extended,-1.0,contrarian,WFC,Financials,0.0,0.17967930091264547,0.8203206990873545,0.0,0.0,True,False,False
2023-09-29,2023-10-02,2023-09-29,Extended Sentiment Contrarian,extended,-1.0,contrarian,WMT,Consumer,0.1581601526792242,1.2256524523836527,-0.22565245238365272,-0.035689226321439886,0.0,True,True,False
2023-09-29,2023-10-02,2023-09-29,Extended Sentiment Contrarian,extended,-1.0,contrarian,XOM,Energy,0.0,0.3465691267574106,0.6534308732425894,0.0,0.0,True,False,False
2023-10-31,2023-11-01,2023-10-31,Extended Sentiment Contrarian,extended,-1.0,contrarian,ABBV,Healthcare,0.0764429560561419,1.0328856591641888,-0.03288565916418884,-0.002513876998365348,0.0,True,True,False
2023-10-31,2023-11-01,2023-10-31,Extended Sentiment Contrarian,extended,-1.0,contrarian,ABT,Healthcare,0.0,1.9851869762185708,-0.9851869762185708,-0.0,-0.0,True,False,False
2023-10-31,2023-11-01,2023-10-31,Extended Sentiment Contrarian,extended,-1.0,contrarian,ADBE,Tech,0.0,-0.5326802084678126,1.5326802084678126,0.0,0.0,True,False,False
2023-10-31,2023-11-01,2023-10-31,Extended Sentiment Contrarian,extended,-1.0,contrarian,AEP,Utilities,0.0,-0.3984234602107068,1.3984234602107068,0.0,0.0,True,False,False
2023-10-31,2023-11-01,2023-10-31,Extended Sentiment Contrarian,extended,-1.0,contrarian,AMD,Tech,0.0,0.16840366825589062,0.8315963317441094,0.0,0.0,True,False,False
2023-10-31,2023-11-01,2023-10-31,Extended Sentiment Contrarian,extended,-1.0,contrarian,AMGN,Healthcare,0.0326262055348328,0.7483757619278787,0.2516242380721213,0.00820954410888673,0.011350566745447844,True,False,False
2023-10-31,2023-11-01,2023-10-31,Extended Sentiment Contrarian,extended,-1.0,contrarian,AMT,RealEstate,0.0,,1.0,0.0,0.0,False,False,False
2023-10-31,2023-11-01,2023-10-31,Extended Sentiment Contrarian,extended,-1.0,contrarian,BA,Industrials,0.0,0.29583971554888217,0.7041602844511179,0.0,0.0,True,False,False
2023-10-31,2023-11-01,2023-10-31,Extended Sentiment Contrarian,extended,-1.0,contrarian,CAT,Industrials,0.0,0.5235352614523076,0.47646473854769245,0.0,0.0,True,False,False
2023-10-31,2023-11-01,2023-10-31,Extended Sentiment Contrarian,extended,-1.0,contrarian,CCI,RealEstate,0.0,,1.0,0.0,0.0,False,False,False
2023-10-31,2023-11-01,2023-10-31,Extended Sentiment Contrarian,extended,-1.0,contrarian,CMCSA,Comm,0.0002372028086275,0.8697189372571693,0.1302810627428307,3.090303399357499e-05,4.2726727005609926e-05,True,False,False
2023-10-31,2023-11-01,2023-10-31,Extended Sentiment Contrarian,extended,-1.0,contrarian,COP,Energy,0.0,0.835236138654538,0.16476386134546195,0.0,0.0,True,False,False
2023-10-31,2023-11-01,2023-10-31,Extended Sentiment Contrarian,extended,-1.0,contrarian,CVX,Energy,0.0468956778110197,0.57050063208589,0.42949936791411003,0.020141663977736715,0.027847989889743758,True,False,False
2023-10-31,2023-11-01,2023-10-31,Extended Sentiment Contrarian,extended,-1.0,contrarian,D,Utilities,0.0,0.8979151484287344,0.10208485157126557,0.0,0.0,True,False,False
2023-10-31,2023-11-01,2023-10-31,Extended Sentiment Contrarian,extended,-1.0,contrarian,DD,Materials,0.0190148674111878,-0.21399373846420697,1.213993738464207,0.023083929974909094,0.031915985157302595,True,False,False
2023-10-31,2023-11-01,2023-10-31,Extended Sentiment Contrarian,extended,-1.0,contrarian,DIS,Consumer,0.0,0.5996926188412383,0.40030738115876174,0.0,0.0,True,False,False
2023-10-31,2023-11-01,2023-10-31,Extended Sentiment Contrarian,extended,-1.0,contrarian,DOW,Materials,0.0,,1.0,0.0,0.0,False,False,False
2023-10-31,2023-11-01,2023-10-31,Extended Sentiment Contrarian,extended,-1.0,contrarian,DUK,Utilities,0.0,,1.0,0.0,0.0,False,False,False
2023-10-31,2023-11-01,2023-10-31,Extended Sentiment Contrarian,extended,-1.0,contrarian,EA,Comm,0.0670255992654808,-0.34610280063324456,1.3461028006332445,0.09022334688538523,0.12474336056148334,True,False,False
2023-10-31,2023-11-01,2023-10-31,Extended Sentiment Contrarian,extended,-1.0,contrarian,GE,Industrials,0.0078462800156274,0.9684342633641108,0.03156573663588924,0.0002476736085447354,0.0003424350716174132,True,False,False
2023-10-31,2023-11-01,2023-10-31,Extended Sentiment Contrarian,extended,-1.0,contrarian,GILD,Healthcare,0.0,0.12432424860436898,0.875675751395631,0.0,0.0,True,False,False
2023-10-31,2023-11-01,2023-10-31,Extended Sentiment Contrarian,extended,-1.0,contrarian,GS,Financials,0.0053796107971468,0.41397757021385795,0.586022429786142,0.0031525725906477323,0.004358766471731521,True,False,False
2023-10-31,2023-11-01,2023-10-31,Extended Sentiment Contrarian,extended,-1.0,contrarian,INTC,Tech,0.0,0.2958775820951677,0.7041224179048323,0.0,0.0,True,False,False
2023-10-31,2023-11-01,2023-10-31,Extended Sentiment Contrarian,extended,-1.0,contrarian,KO,Consumer,0.1789820712033501,0.09636248226970189,0.9036375177302981,0.16173491454042277,0.2236156987783474,True,False,False
2023-10-31,2023-11-01,2023-10-31,Extended Sentiment Contrarian,extended,-1.0,contrarian,MMM,Industrials,0.0,1.9773828425213813,-0.9773828425213813,-0.0,-0.0,True,False,False
2023-10-31,2023-11-01,2023-10-31,Extended Sentiment Contrarian,extended,-1.0,contrarian,MRK,Healthcare,0.1217282692402882,-0.4236479797325245,1.4236479797325245,0.17329820458027312,0.23960317550707552,True,False,False
2023-10-31,2023-11-01,2023-10-31,Extended Sentiment Contrarian,extended,-1.0,contrarian,MS,Financials,0.0,0.45118266670403073,0.5488173332959693,0.0,0.0,True,False,False
2023-10-31,2023-11-01,2023-10-31,Extended Sentiment Contrarian,extended,-1.0,contrarian,NEE,Utilities,0.0,1.0238017034472857,-0.023801703447285716,-0.0,-0.0,True,False,False
2023-10-31,2023-11-01,2023-10-31,Extended Sentiment Contrarian,extended,-1.0,contrarian,NEM,Materials,0.0,-0.19299165546407,1.19299165546407,0.0,0.0,True,False,False
2023-10-31,2023-11-01,2023-10-31,Extended Sentiment Contrarian,extended,-1.0,contrarian,NKE,Consumer,0.0,-0.2651571208032229,1.2651571208032228,0.0,0.0,True,False,False
2023-10-31,2023-11-01,2023-10-31,Extended Sentiment Contrarian,extended,-1.0,contrarian,NUE,Materials,0.0,-0.47905649463410777,1.4790564946341078,0.0,0.0,True,False,False
2023-10-31,2023-11-01,2023-10-31,Extended Sentiment Contrarian,extended,-1.0,contrarian,NVDA,Tech,0.0040884090185444,0.511957401776798,0.48804259822320195,0.00199531776000958,0.0027587387451697898,True,False,False
2023-10-31,2023-11-01,2023-10-31,Extended Sentiment Contrarian,extended,-1.0,contrarian,O,RealEstate,0.1005155777665781,-0.15957992743532312,1.1595799274353231,0.11655584637268822,0.16115083813159106,True,False,False
2023-10-31,2023-11-01,2023-10-31,Extended Sentiment Contrarian,extended,-1.0,contrarian,OXY,Energy,0.0,2.9261590241471263,-1.9261590241471263,-0.0,-0.0,True,False,False
2023-10-31,2023-11-01,2023-10-31,Extended Sentiment Contrarian,extended,-1.0,contrarian,PLD,RealEstate,0.0,-0.40648862710799766,1.4064886271079977,0.0,0.0,True,False,False
2023-10-31,2023-11-01,2023-10-31,Extended Sentiment Contrarian,extended,-1.0,contrarian,PSA,RealEstate,0.0,-0.08547905806712636,1.0854790580671263,0.0,0.0,True,False,False
2023-10-31,2023-11-01,2023-10-31,Extended Sentiment Contrarian,extended,-1.0,contrarian,QCOM,Tech,0.0,-0.8284135319574957,1.8284135319574957,0.0,0.0,True,False,False
2023-10-31,2023-11-01,2023-10-31,Extended Sentiment Contrarian,extended,-1.0,contrarian,SBUX,Consumer,0.0,1.4718555414788028,-0.4718555414788028,-0.0,-0.0,True,False,False
2023-10-31,2023-11-01,2023-10-31,Extended Sentiment Contrarian,extended,-1.0,contrarian,SHW,Materials,0.0,,1.0,0.0,0.0,False,False,False
2023-10-31,2023-11-01,2023-10-31,Extended Sentiment Contrarian,extended,-1.0,contrarian,SLB,Energy,0.0,-0.36775816215159995,1.3677581621516,0.0,0.0,True,False,False
2023-10-31,2023-11-01,2023-10-31,Extended Sentiment Contrarian,extended,-1.0,contrarian,SO,Utilities,0.0,-0.41470773342327416,1.414707733423274,0.0,0.0,True,False,False
2023-10-31,2023-11-01,2023-10-31,Extended Sentiment Contrarian,extended,-1.0,contrarian,T,Comm,0.0410534954880064,2.356623193696007,-1.3566231936960071,-0.05569412416132386,0.0,True,True,False
2023-10-31,2023-11-01,2023-10-31,Extended Sentiment Contrarian,extended,-1.0,contrarian,TMUS,Comm,0.0621834614023647,-0.44793732364813027,1.4479373236481303,0.09003775467811675,0.12448675962139515,True,False,False
2023-10-31,2023-11-01,2023-10-31,Extended Sentiment Contrarian,extended,-1.0,contrarian,TTWO,Comm,0.0,0.4569725082702336,0.5430274917297664,0.0,0.0,True,False,False
2023-10-31,2023-11-01,2023-10-31,Extended Sentiment Contrarian,extended,-1.0,contrarian,UPS,Industrials,0.0,-0.6549662114041629,1.654966211404163,0.0,0.0,True,False,False
2023-10-31,2023-11-01,2023-10-31,Extended Sentiment Contrarian,extended,-1.0,contrarian,USB,Financials,0.0,,1.0,0.0,0.0,False,False,False
2023-10-31,2023-11-01,2023-10-31,Extended Sentiment Contrarian,extended,-1.0,contrarian,V,Financials,0.0395998209704369,0.12726718098000117,0.8727328190199988,0.034560063388216655,0.04778295859208884,True,False,False
2023-10-31,2023-11-01,2023-10-31,Extended Sentiment Contrarian,extended,-1.0,contrarian,WFC,Financials,0.0,0.1210038628630878,0.8789961371369122,0.0,0.0,True,False,False
2023-10-31,2023-11-01,2023-10-31,Extended Sentiment Contrarian,extended,-1.0,contrarian,WMT,Consumer,0.1963804952103657,1.075951310873343,-0.07595131087334295,-0.014915356041183521,0.0,True,True,False
2023-10-31,2023-11-01,2023-10-31,Extended Sentiment Contrarian,extended,-1.0,contrarian,XOM,Energy,0.0,0.6878000891505301,0.31219991084946985,0.0,0.0,True,False,False
2023-11-30,2023-12-01,2023-11-30,Extended Sentiment Contrarian,extended,-1.0,contrarian,ABBV,Healthcare,0.0878306668442297,-0.18366010838254715,1.183660108382547,0.10396165663615231,0.12676357057315604,True,False,False
2023-11-30,2023-12-01,2023-11-30,Extended Sentiment Contrarian,extended,-1.0,contrarian,ABT,Healthcare,0.0197920077547489,3.1167756881854096,-2.1167756881854096,-0.041895240835629566,0.0,True,True,False
2023-11-30,2023-12-01,2023-11-30,Extended Sentiment Contrarian,extended,-1.0,contrarian,ADBE,Tech,0.0,0.3221059448383439,0.6778940551616561,0.0,0.0,True,False,False
2023-11-30,2023-12-01,2023-11-30,Extended Sentiment Contrarian,extended,-1.0,contrarian,AEP,Utilities,0.0,,1.0,0.0,0.0,False,False,False
2023-11-30,2023-12-01,2023-11-30,Extended Sentiment Contrarian,extended,-1.0,contrarian,AMD,Tech,0.0088832506701988,-0.34708288542543614,1.3470828854254362,0.011966474944768839,0.014591082330306067,True,False,False
2023-11-30,2023-12-01,2023-11-30,Extended Sentiment Contrarian,extended,-1.0,contrarian,AMGN,Healthcare,0.0099599900269989,1.212422700160152,-0.21242270016015197,-0.002115727975103291,0.0,True,True,False
2023-11-30,2023-12-01,2023-11-30,Extended Sentiment Contrarian,extended,-1.0,contrarian,AMT,RealEstate,0.0,0.8785610495596965,0.1214389504403035,0.0,0.0,True,False,False
2023-11-30,2023-12-01,2023-11-30,Extended Sentiment Contrarian,extended,-1.0,contrarian,BA,Industrials,0.0,0.13572627685101388,0.8642737231489861,0.0,0.0,True,False,False
2023-11-30,2023-12-01,2023-11-30,Extended Sentiment Contrarian,extended,-1.0,contrarian,CAT,Industrials,0.0,1.579397563385584,-0.5793975633855839,-0.0,-0.0,True,False,False
2023-11-30,2023-12-01,2023-11-30,Extended Sentiment Contrarian,extended,-1.0,contrarian,CCI,RealEstate,0.0,-0.3420707366837695,1.3420707366837696,0.0,0.0,True,False,False
2023-11-30,2023-12-01,2023-11-30,Extended Sentiment Contrarian,extended,-1.0,contrarian,CMCSA,Comm,0.0,0.49241194682493367,0.5075880531750663,0.0,0.0,True,False,False
2023-11-30,2023-12-01,2023-11-30,Extended Sentiment Contrarian,extended,-1.0,contrarian,COP,Energy,0.0,-1.2374305383511357,2.237430538351136,0.0,0.0,True,False,False
2023-11-30,2023-12-01,2023-11-30,Extended Sentiment Contrarian,extended,-1.0,contrarian,CVX,Energy,0.0251527494249478,0.9259451722250447,0.07405482777495531,0.0018626825267311156,0.002271224753170722,True,False,False
2023-11-30,2023-12-01,2023-11-30,Extended Sentiment Contrarian,extended,-1.0,contrarian,D,Utilities,0.0,2.3408848062376744,-1.3408848062376744,-0.0,-0.0,True,False,False
2023-11-30,2023-12-01,2023-11-30,Extended Sentiment Contrarian,extended,-1.0,contrarian,DD,Materials,0.0077608849296185,-0.13808861686474735,1.1380886168647473,0.008832574795195981,0.010769823746769259,True,False,False
2023-11-30,2023-12-01,2023-11-30,Extended Sentiment Contrarian,extended,-1.0,contrarian,DIS,Consumer,0.0,-0.47288700899426606,1.472887008994266,0.0,0.0,True,False,False
2023-11-30,2023-12-01,2023-11-30,Extended Sentiment Contrarian,extended,-1.0,contrarian,DOW,Materials,0.0,-0.1283639480154623,1.1283639480154624,0.0,0.0,True,False,False
2023-11-30,2023-12-01,2023-11-30,Extended Sentiment Contrarian,extended,-1.0,contrarian,DUK,Utilities,0.0,0.09176913668693408,0.9082308633130659,0.0,0.0,True,False,False
2023-11-30,2023-12-01,2023-11-30,Extended Sentiment Contrarian,extended,-1.0,contrarian,EA,Comm,0.0423936250814405,,1.0,0.0423936250814405,0.05169182041481938,False,False,False
2023-11-30,2023-12-01,2023-11-30,Extended Sentiment Contrarian,extended,-1.0,contrarian,GE,Industrials,0.0117234781226016,1.6836055956456901,-0.6836055956456901,-0.008014235245040283,0.0,True,True,False
2023-11-30,2023-12-01,2023-11-30,Extended Sentiment Contrarian,extended,-1.0,contrarian,GILD,Healthcare,0.0,-0.31821225358666383,1.3182122535866638,0.0,0.0,True,False,False
2023-11-30,2023-12-01,2023-11-30,Extended Sentiment Contrarian,extended,-1.0,contrarian,GS,Financials,0.0,-0.2720801196371279,1.2720801196371279,0.0,0.0,True,False,False
2023-11-30,2023-12-01,2023-11-30,Extended Sentiment Contrarian,extended,-1.0,contrarian,INTC,Tech,0.002993901790459,1.1017812542930643,-0.10178125429306428,-0.00030472307946316794,0.0,True,True,False
2023-11-30,2023-12-01,2023-11-30,Extended Sentiment Contrarian,extended,-1.0,contrarian,KO,Consumer,0.1879673907877955,-0.4757801596053654,1.4757801596053655,0.277398545977417,0.33824037917140115,True,False,False
2023-11-30,2023-12-01,2023-11-30,Extended Sentiment Contrarian,extended,-1.0,contrarian,MMM,Industrials,0.0,2.0057333401449453,-1.0057333401449453,-0.0,-0.0,True,False,False
2023-11-30,2023-12-01,2023-11-30,Extended Sentiment Contrarian,extended,-1.0,contrarian,MRK,Healthcare,0.1034992241780592,-0.3913584823599838,1.3913584823599838,0.1440045234778202,0.17558904085784277,True,False,False
2023-11-30,2023-12-01,2023-11-30,Extended Sentiment Contrarian,extended,-1.0,contrarian,MS,Financials,0.0,-0.2609246828573441,1.2609246828573442,0.0,0.0,True,False,False
2023-11-30,2023-12-01,2023-11-30,Extended Sentiment Contrarian,extended,-1.0,contrarian,NEE,Utilities,0.0,-0.4984300147110825,1.4984300147110825,0.0,0.0,True,False,False
2023-11-30,2023-12-01,2023-11-30,Extended Sentiment Contrarian,extended,-1.0,contrarian,NEM,Materials,0.011245861543132,,1.0,0.011245861543132,0.01371241676503854,False,False,False
2023-11-30,2023-12-01,2023-11-30,Extended Sentiment Contrarian,extended,-1.0,contrarian,NKE,Consumer,0.0,0.7818406138099142,0.2181593861900858,0.0,0.0,True,False,False
2023-11-30,2023-12-01,2023-11-30,Extended Sentiment Contrarian,extended,-1.0,contrarian,NUE,Materials,0.0,-0.38891160555920196,1.388911605559202,0.0,0.0,True,False,False
2023-11-30,2023-12-01,2023-11-30,Extended Sentiment Contrarian,extended,-1.0,contrarian,NVDA,Tech,0.0120620419182225,1.6817326327242408,-0.6817326327242408,-0.008223087592939977,0.0,True,True,False
2023-11-30,2023-12-01,2023-11-30,Extended Sentiment Contrarian,extended,-1.0,contrarian,O,RealEstate,0.0845679807113506,-0.5495335899932277,1.5495335899932277,0.13104092675013712,0.15978213798765387,True,False,False
2023-11-30,2023-12-01,2023-11-30,Extended Sentiment Contrarian,extended,-1.0,contrarian,OXY,Energy,0.0277715199340227,-0.35697540659150595,1.356975406591506,0.03768526955413457,0.045950781098198855,True,False,False
2023-11-30,2023-12-01,2023-11-30,Extended Sentiment Contrarian,extended,-1.0,contrarian,PLD,RealEstate,0.0,1.4857492782563269,-0.48574927825632686,-0.0,-0.0,True,False,False
2023-11-30,2023-12-01,2023-11-30,Extended Sentiment Contrarian,extended,-1.0,contrarian,PSA,RealEstate,0.0,,1.0,0.0,0.0,False,False,False
2023-11-30,2023-12-01,2023-11-30,Extended Sentiment Contrarian,extended,-1.0,contrarian,QCOM,Tech,0.0,-0.3040557094458757,1.3040557094458758,0.0,0.0,True,False,False
2023-11-30,2023-12-01,2023-11-30,Extended Sentiment Contrarian,extended,-1.0,contrarian,SBUX,Consumer,0.0,-0.7308519450369543,1.7308519450369544,0.0,0.0,True,False,False
2023-11-30,2023-12-01,2023-11-30,Extended Sentiment Contrarian,extended,-1.0,contrarian,SHW,Materials,0.0,-0.29148674979789235,1.2914867497978924,0.0,0.0,True,False,False
2023-11-30,2023-12-01,2023-11-30,Extended Sentiment Contrarian,extended,-1.0,contrarian,SLB,Energy,0.0,,1.0,0.0,0.0,False,False,False
2023-11-30,2023-12-01,2023-11-30,Extended Sentiment Contrarian,extended,-1.0,contrarian,SO,Utilities,0.0,,1.0,0.0,0.0,False,False,False
2023-11-30,2023-12-01,2023-11-30,Extended Sentiment Contrarian,extended,-1.0,contrarian,T,Comm,0.0362865016906546,0.9950424545512335,0.004957545448766476,0.00017989198130816177,0.00021934769612138045,True,False,False
2023-11-30,2023-12-01,2023-11-30,Extended Sentiment Contrarian,extended,-1.0,contrarian,TMUS,Comm,0.0641114379577692,0.37855862920347144,0.6214413707965285,0.039841499888212686,0.048579937509995015,True,False,False
2023-11-30,2023-12-01,2023-11-30,Extended Sentiment Contrarian,extended,-1.0,contrarian,TTWO,Comm,0.0,0.8320810302844526,0.16791896971554743,0.0,0.0,True,False,False
2023-11-30,2023-12-01,2023-11-30,Extended Sentiment Contrarian,extended,-1.0,contrarian,UPS,Industrials,0.0,1.4460534274798764,-0.4460534274798764,-0.0,-0.0,True,False,False
2023-11-30,2023-12-01,2023-11-30,Extended Sentiment Contrarian,extended,-1.0,contrarian,USB,Financials,0.0,-0.35329922948732223,1.3532992294873223,0.0,0.0,True,False,False
2023-11-30,2023-12-01,2023-11-30,Extended Sentiment Contrarian,extended,-1.0,contrarian,V,Financials,0.077560742632936,1.050208980837207,-0.05020898083720704,-0.0038942458405766306,0.0,True,True,False
2023-11-30,2023-12-01,2023-11-30,Extended Sentiment Contrarian,extended,-1.0,contrarian,WFC,Financials,0.0,-0.2649939417926895,1.2649939417926894,0.0,0.0,True,False,False
2023-11-30,2023-12-01,2023-11-30,Extended Sentiment Contrarian,extended,-1.0,contrarian,WMT,Consumer,0.1784367440008128,0.9455887367671496,0.05441126323285039,0.009708968648240963,0.011838437095526871,True,False,False
2023-11-30,2023-12-01,2023-11-30,Extended Sentiment Contrarian,extended,-1.0,contrarian,XOM,Energy,0.0,-0.40569031508308945,1.4056903150830895,0.0,0.0,True,False,False
